{"type":"FeatureCollection","source":{"url":"https://github.com/rnekrasov-msk/geojson/blob/master/russia_subjects_github.json","retrieved_at":"2026-09-22T16:34:46.644323+00:00","publisher":"GADM via rnekrasov-msk/geojson"},"features":[{"type":"Feature","properties":{"name":"Карачаево-Черкесская Республика"},"geometry":{"type":"Polygon","coordinates":[[[42.1319,44.3449],[42.567,44.218],[42.567,44.218],[42.7243,44.3312],[42.567,44.218],[42.7243,44.3312],[42.8288,44.2156],[42.7243,44.3312],[42.8288,44.2156],[42.4574,44.0472],[42.4574,44.0472],[42.5783,43.9145],[42.5783,43.9145],[42.7333,43.97],[42.5783,43.9145],[42.7333,43.97],[42.8797,43.7499],[42.7333,43.97],[42.8797,43.7499],[42.5858,43.5389],[42.5858,43.5389],[42.5502,43.1849],[42.5858,43.5389],[42.8797,43.7499],[42.4574,44.0472],[42.8288,44.2156],[42.5502,43.1849],[41.6307,43.2229],[41.6307,43.2229],[40.7162,43.5309],[41.6307,43.2229],[42.5502,43.1849],[40.7162,43.5309],[40.9416,44.0947],[40.9416,44.0947],[41.5556,43.9467],[41.5556,43.9467],[41.8083,44.1872],[41.8083,44.1872],[41.6994,44.3498],[41.8083,44.1872],[41.6994,44.3498],[41.9217,44.4735],[41.9217,44.4735],[42.0848,44.3717],[41.9217,44.4735],[41.6994,44.3498],[41.5556,43.9467],[40.9416,44.0947],[40.7162,43.5309],[42.1319,44.3449]]]}},{"type":"Feature","properties":{"name":"Республика Карелия"},"geometry":{"type":"MultiPolygon","coordinates":[[],[],[],[],[],[],[],[],[],[],[],[],[],[],[],[],[],[],[],[],[],[],[],[],[[[34.9419,64.7549],[34.832,64.7076],[34.832,64.7076],[34.936,64.7594],[34.832,64.7076],[34.9419,64.7549]]],[],[],[],[],[],[],[],[],[],[],[],[],[],[],[],[],[],[],[[[34.8925,65.7924],[34.9365,65.6767],[34.9365,65.6767],[34.6749,65.7903],[34.6749,65.7903],[34.9031,65.7943],[34.6749,65.7903],[34.9365,65.6767],[34.8925,65.7924]]],[],[],[],[],[],[],[],[],[],[],[],[[[33.2802,66.6147],[33.2687,66.6123],[33.2674,66.6176],[33.2802,66.6147]]],[[[33.4024,66.5836],[33.0651,66.5699],[33.0651,66.5699],[33.3963,66.5857],[33.0651,66.5699],[33.4024,66.5836]]],[[[34.8725,64.7709],[34.7363,64.7428],[34.7363,64.7428],[34.968,64.6055],[34.7363,64.7428],[34.968,64.6055],[34.7778,64.5168],[34.968,64.6055],[34.7778,64.5168],[34.9732,64.4201],[34.7778,64.5168],[34.9732,64.4201],[35.4082,64.2866],[35.4082,64.2866],[35.7336,64.353],[35.4082,64.2866],[35.7336,64.353],[36.24,64.1312],[36.24,64.1312],[36.287,63.9795],[36.24,64.1312],[36.287,63.9795],[36.6118,63.9425],[36.287,63.9795],[35.7336,64.353],[34.9732,64.4201],[36.6118,63.9425],[36.5847,63.9048],[36.6163,63.8406],[36.6634,63.7801],[36.6084,63.7357],[36.5284,63.677],[36.4085,63.6183],[36.4085,63.6183],[35.9685,63.6297],[36.4085,63.6183],[35.9685,63.6297],[36.3724,63.3204],[36.3724,63.3204],[36.3881,63.2881],[36.3447,63.2623],[36.306,63.2393],[36.306,63.2393],[36.3388,63.2237],[36.4025,63.2381],[36.4616,63.2497],[36.4616,63.2497],[36.3514,63.0254],[36.3514,63.0254],[36.6599,62.8238],[36.3514,63.0254],[36.4616,63.2497],[36.6599,62.8238],[37.6018,62.6223],[36.6599,62.8238],[37.6018,62.6223],[37.4778,62.2944],[37.4778,62.2944],[37.7451,62.2333],[37.7451,62.2333],[37.9499,62.0136],[37.7451,62.2333],[37.4778,62.2944],[37.9499,62.0136],[37.7884,61.5504],[37.9499,62.0136],[37.6018,62.6223],[35.9685,63.6297],[36.6118,63.9425],[37.7884,61.5504],[36.6878,61.5836],[36.6878,61.5836],[36.464,61.4143],[36.464,61.4143],[35.4883,61.1692],[36.464,61.4143],[36.6878,61.5836],[35.4883,61.1692],[35.3495,61.3149],[35.3495,61.3149],[34.7601,61.3462],[34.7601,61.3462],[34.4731,61.1559],[34.7601,61.3462],[34.4731,61.1559],[33.7744,61.2763],[34.4731,61.1559],[35.3495,61.3149],[35.4883,61.1692],[33.7744,61.2763],[33.4715,61.1964],[33.4715,61.1964],[33.9023,61.1026],[33.9023,61.1026],[33.7893,60.9668],[33.9023,61.1026],[33.4715,61.1964],[33.7893,60.9668],[33.4423,61.0119],[33.4423,61.0119],[32.785,60.6465],[33.4423,61.0119],[33.7893,60.9668],[33.7744,61.2763],[32.785,60.6465],[29.6399,61.1883],[29.6399,61.1883],[29.3216,61.3358],[29.6399,61.1883],[32.785,60.6465],[37.7884,61.5504],[29.3216,61.3358],[31.1627,62.4528],[31.1627,62.4528],[31.5828,62.9137],[31.1627,62.4528],[31.5828,62.9137],[31.2313,63.2258],[31.2313,63.2258],[29.981,63.7545],[31.2313,63.2258],[29.981,63.7545],[30.2522,63.8244],[30.2522,63.8244],[30.5564,64.1122],[30.2522,63.8244],[30.5564,64.1122],[30.485,64.2549],[30.485,64.2549],[30.053,64.4043],[30.485,64.2549],[30.053,64.4043],[30.0897,64.7766],[30.053,64.4043],[30.0897,64.7766],[29.6327,64.8902],[30.0897,64.7766],[29.6327,64.8902],[29.6257,65.0599],[29.6257,65.0599],[29.8901,65.1049],[29.6257,65.0599],[29.8901,65.1049],[29.8776,65.2133],[29.8776,65.2133],[29.6095,65.2511],[29.8776,65.2133],[29.6095,65.2511],[29.8777,65.5652],[29.8777,65.5652],[29.7344,65.6279],[29.8777,65.5652],[29.6095,65.2511],[29.8901,65.1049],[29.7344,65.6279],[30.1278,65.7349],[29.7344,65.6279],[30.1278,65.7349],[29.9093,66.1388],[29.9093,66.1388],[29.4144,66.5866],[29.9093,66.1388],[30.1278,65.7349],[29.6327,64.8902],[30.5564,64.1122],[29.981,63.7545],[31.5828,62.9137],[29.4144,66.5866],[31.3568,66.6512],[31.3568,66.6512],[31.3474,66.632],[31.4601,66.6378],[31.5764,66.6263],[31.8494,66.3812],[31.5764,66.6263],[31.3568,66.6512],[31.8494,66.3812],[32.2855,66.3753],[32.2855,66.3753],[32.4413,66.4242],[32.4413,66.4242],[32.4112,66.4434],[32.3323,66.4652],[32.2756,66.4821],[32.2756,66.4821],[32.5742,66.6021],[32.2756,66.4821],[32.2855,66.3753],[32.5742,66.6021],[33.5995,66.4739],[32.5742,66.6021],[31.8494,66.3812],[33.5995,66.4739],[33.7107,66.4094],[33.7107,66.4094],[33.4861,66.3781],[33.7107,66.4094],[33.4861,66.3781],[33.6727,66.3328],[33.4861,66.3781],[33.6727,66.3328],[33.0099,66.2537],[33.6727,66.3328],[33.0099,66.2537],[34.1059,66.224],[34.1059,66.224],[34.8526,65.8593],[34.1059,66.224],[33.0099,66.2537],[34.8526,65.8593],[34.645,65.7823],[34.645,65.7823],[34.7977,65.5869],[34.7977,65.5869],[34.6756,65.4378],[34.7977,65.5869],[34.645,65.7823],[34.6756,65.4378],[34.2807,65.3708],[34.6756,65.4378],[34.2807,65.3708],[34.7872,65.0697],[34.7872,65.0697],[34.6793,64.9583],[34.6793,64.9583],[34.956,64.8331],[34.956,64.8331],[34.8722,64.7717],[34.956,64.8331],[34.6793,64.9583],[34.7872,65.0697],[34.2807,65.3708],[34.8526,65.8593],[33.5995,66.4739],[29.4144,66.5866],[29.3216,61.3358],[34.8725,64.7709]]]]}},{"type":"Feature","properties":{"name":"Кемеровская область"},"geometry":{"type":"Polygon","coordinates":[[[88.6373,56.7781],[88.6726,56.643],[88.6726,56.643],[88.4994,56.5546],[88.6726,56.643],[88.4994,56.5546],[88.719,56.3576],[88.719,56.3576],[89.0709,56.288],[88.719,56.3576],[89.0709,56.288],[89.4392,55.8531],[89.0709,56.288],[88.4994,56.5546],[89.4392,55.8531],[88.4749,55.3206],[88.4749,55.3206],[88.5494,55.0039],[88.5494,55.0039],[88.7647,54.8305],[88.5494,55.0039],[88.7647,54.8305],[88.5466,54.4296],[88.5466,54.4296],[88.4923,54.4022],[88.4333,54.3908],[88.3792,54.3789],[88.7647,54.8305],[88.3792,54.3789],[88.5927,54.2847],[88.5927,54.2847],[88.8518,54.3982],[88.5927,54.2847],[88.8518,54.3982],[89.1874,54.2672],[88.8518,54.3982],[88.3792,54.3789],[89.1874,54.2672],[89.0305,53.9517],[89.0305,53.9517],[89.2239,53.7723],[89.0305,53.9517],[89.2239,53.7723],[88.8125,53.5471],[88.8125,53.5471],[88.7719,53.3421],[88.8125,53.5471],[89.2239,53.7723],[88.7719,53.3421],[89.0014,53.2518],[89.0014,53.2518],[89.0561,53.0973],[89.0561,53.0973],[88.9154,52.9897],[89.0561,53.0973],[88.9154,52.9897],[89.2214,52.7898],[88.9154,52.9897],[89.0014,53.2518],[88.7719,53.3421],[89.1874,54.2672],[89.2214,52.7898],[89.0342,52.6979],[89.0342,52.6979],[89.1271,52.5864],[89.0342,52.6979],[89.1271,52.5864],[88.4541,52.1785],[89.1271,52.5864],[89.2214,52.7898],[88.4749,55.3206],[89.4392,55.8531],[88.4541,52.1785],[88.3993,52.4165],[88.3993,52.4165],[87.9173,52.5466],[87.9173,52.5466],[87.6342,52.4294],[87.9173,52.5466],[87.6342,52.4294],[87.1155,52.5973],[87.6342,52.4294],[88.3993,52.4165],[87.1155,52.5973],[86.9449,52.7834],[86.9449,52.7834],[87.008,53.0068],[86.9449,52.7834],[87.008,53.0068],[86.6279,53.2249],[87.008,53.0068],[86.6279,53.2249],[86.9041,53.4696],[86.6279,53.2249],[86.9041,53.4696],[86.5142,53.4993],[86.5142,53.4993],[86.1098,53.9607],[86.1098,53.9607],[85.0858,54.4063],[86.1098,53.9607],[86.5142,53.4993],[86.9041,53.4696],[87.1155,52.5973],[85.0858,54.4063],[84.9354,54.6917],[84.9354,54.6917],[85.079,54.8001],[85.079,54.8001],[84.8779,54.9856],[84.8779,54.9856],[84.8819,55.3741],[84.8779,54.9856],[85.079,54.8001],[84.9354,54.6917],[84.8819,55.3741],[84.6396,55.3791],[84.8819,55.3741],[84.6396,55.3791],[84.815,55.5681],[84.6396,55.3791],[84.815,55.5681],[84.5681,55.7353],[84.5681,55.7353],[84.5507,56.0049],[84.5507,56.0049],[84.5063,56.0094],[84.4592,56.0201],[84.5681,55.7353],[84.815,55.5681],[85.0858,54.4063],[88.4541,52.1785],[84.4592,56.0201],[85.6298,56.2168],[85.6298,56.2168],[85.574,56.2287],[85.534,56.2602],[85.5423,56.2816],[86.2328,56.6333],[85.5423,56.2816],[85.6298,56.2168],[86.2328,56.6333],[86.8131,56.6132],[86.8131,56.6132],[86.8211,56.5964],[86.782,56.5505],[86.8117,56.5305],[86.8117,56.5305],[87.578,56.6448],[86.8117,56.5305],[87.578,56.6448],[87.6256,56.5294],[87.578,56.6448],[87.6256,56.5294],[88.6457,56.8463],[87.6256,56.5294],[86.2328,56.6333],[84.4592,56.0201],[88.6373,56.7781]]]}},{"type":"Feature","properties":{"name":"Хабаровский край"},"geometry":{"type":"MultiPolygon","coordinates":[[],[],[],[],[],[],[],[],[],[],[],[],[],[],[],[],[],[],[],[],[],[],[],[],[],[],[],[],[],[],[],[],[],[],[],[],[],[],[],[],[],[],[],[],[],[],[],[],[[[137.9207,54.4899],[137.7096,54.3621],[137.7096,54.3621],[137.9205,54.4904],[137.7096,54.3621],[137.9207,54.4899]]],[],[],[],[],[],[],[],[],[],[],[],[],[],[],[],[],[[[137.1706,55.1186],[137.0611,54.9148],[137.0611,54.9148],[136.6734,54.8977],[137.0611,54.9148],[136.6734,54.8977],[137.1701,55.1188],[136.6734,54.8977],[137.1706,55.1186]]],[],[[[137.6446,55.1873],[138.05,55.0564],[138.05,55.0564],[137.8789,54.9781],[138.05,55.0564],[137.8789,54.9781],[138.2162,55.0345],[137.8789,54.9781],[138.2162,55.0345],[137.9979,54.9208],[137.9979,54.9208],[137.9995,54.785],[137.9979,54.9208],[138.2162,55.0345],[137.9995,54.785],[137.702,54.615],[137.702,54.615],[137.4872,54.8728],[137.4872,54.8728],[137.2359,54.7615],[137.4872,54.8728],[137.702,54.615],[137.9995,54.785],[137.2359,54.7615],[137.6436,55.1879],[137.2359,54.7615],[137.6446,55.1873]]],[],[],[],[],[],[],[],[],[],[],[],[],[[[140.9954,62.4608],[141.3515,62.3983],[141.3515,62.3983],[141.9639,61.9845],[141.3515,62.3983],[141.9639,61.9845],[142.264,62.0469],[142.264,62.0469],[142.4818,61.8721],[142.264,62.0469],[141.9639,61.9845],[142.4818,61.8721],[143.0916,61.8788],[143.0916,61.8788],[143.3351,62.1025],[143.0916,61.8788],[143.3351,62.1025],[143.3401,62.0501],[143.4347,62.0188],[143.4288,61.9938],[143.4817,61.9982],[143.5489,62.028],[143.6403,62.019],[143.6403,62.019],[143.7694,61.842],[143.6403,62.019],[143.7694,61.842],[144.0598,61.945],[143.7694,61.842],[144.0598,61.945],[143.9871,61.7893],[143.9871,61.7893],[144.0053,61.7478],[144.1135,61.7196],[144.0598,61.945],[144.1135,61.7196],[144.5953,61.8396],[144.5953,61.8396],[144.7892,62.0412],[144.5953,61.8396],[144.7892,62.0412],[145.5731,61.9192],[145.5731,61.9192],[145.7727,62.0672],[145.5731,61.9192],[145.7727,62.0672],[146.2453,61.906],[145.7727,62.0672],[144.7892,62.0412],[144.1135,61.7196],[143.3351,62.1025],[142.4818,61.8721],[146.2453,61.906],[146.6899,61.5783],[146.6899,61.5783],[146.8436,61.0923],[146.6899,61.5783],[146.8436,61.0923],[146.534,60.8982],[146.534,60.8982],[146.5334,60.6637],[146.534,60.8982],[146.5334,60.6637],[146.0213,60.6937],[146.0213,60.6937],[145.6318,60.485],[145.6318,60.485],[145.6207,60.3541],[145.6318,60.485],[146.0213,60.6937],[146.5334,60.6637],[146.8436,61.0923],[145.6207,60.3541],[145.7099,60.2938],[145.937,60.1838],[146.4712,60.2263],[145.937,60.1838],[146.4712,60.2263],[146.7731,60.0959],[146.7731,60.0959],[146.8591,59.897],[146.7731,60.0959],[146.8591,59.897],[147.231,59.8679],[146.8591,59.897],[147.231,59.8679],[147.2791,59.6448],[147.231,59.8679],[146.4712,60.2263],[145.6207,60.3541],[146.2453,61.906],[147.2791,59.6448],[147.1996,59.5453],[147.1961,59.4161],[146.4433,59.4624],[146.4433,59.4624],[146.3033,59.3907],[146.3033,59.3907],[146.3524,59.2066],[146.3033,59.3907],[146.3524,59.2066],[146.0466,59.1408],[146.3524,59.2066],[146.4433,59.4624],[147.1961,59.4161],[146.0466,59.1408],[145.8267,59.246],[145.8267,59.246],[145.9695,59.4056],[145.8267,59.246],[145.9695,59.4056],[145.6978,59.4258],[145.9695,59.4056],[145.6978,59.4258],[143.2523,59.3608],[143.2523,59.3608],[142.3922,59.1764],[143.2523,59.3608],[145.6978,59.4258],[146.0466,59.1408],[142.3922,59.1764],[141.5632,58.6116],[141.5632,58.6116],[140.7729,58.3003],[141.5632,58.6116],[140.7729,58.3003],[140.4903,57.8422],[140.7729,58.3003],[140.4903,57.8422],[138.9394,57.1442],[138.9394,57.1442],[138.9043,57.0308],[138.9043,57.0308],[138.61,56.9544],[138.9043,57.0308],[138.61,56.9544],[138.58,56.7847],[138.61,56.9544],[138.9394,57.1442],[138.58,56.7847],[138.4356,56.8436],[138.58,56.7847],[140.4903,57.8422],[138.4356,56.8436],[138.1128,56.5781],[138.1128,56.5781],[138.2276,56.426],[138.1128,56.5781],[138.4356,56.8436],[138.2276,56.426],[137.9174,56.3649],[137.9174,56.3649],[137.395,55.9467],[137.395,55.9467],[136.42,55.5675],[136.42,55.5675],[136.1339,55.2883],[136.1339,55.2883],[135.1817,54.8631],[136.1339,55.2883],[136.42,55.5675],[137.395,55.9467],[137.9174,56.3649],[138.2276,56.426],[142.3922,59.1764],[135.1817,54.8631],[135.7822,54.5528],[135.7822,54.5528],[136.8294,54.6442],[135.7822,54.5528],[136.8294,54.6442],[136.7416,54.4129],[136.7416,54.4129],[136.8164,54.1339],[136.7416,54.4129],[136.8164,54.1339],[136.6694,53.9175],[136.8164,54.1339],[136.6694,53.9175],[136.7922,53.7607],[136.6694,53.9175],[136.8294,54.6442],[136.7922,53.7607],[137.1967,53.8492],[137.1967,53.8492],[137.3046,54.0336],[137.3046,54.0336],[137.0831,54.1267],[137.0831,54.1267],[137.1899,54.2104],[137.0831,54.1267],[137.3046,54.0336],[137.1967,53.8492],[137.1899,54.2104],[137.7353,54.3202],[137.1899,54.2104],[136.7922,53.7607],[137.7353,54.3202],[137.4648,54.0884],[137.4648,54.0884],[137.3143,54.116],[137.4648,54.0884],[137.3143,54.116],[137.5811,53.9558],[137.5811,53.9558],[137.8567,53.9689],[137.5811,53.9558],[137.8567,53.9689],[137.4981,53.6693],[137.4981,53.6693],[137.1623,53.5724],[137.4981,53.6693],[137.1623,53.5724],[137.3144,53.5322],[137.1623,53.5724],[137.8567,53.9689],[137.3143,54.116],[137.7353,54.3202],[137.3144,53.5322],[137.9511,53.5811],[137.9511,53.5811],[138.5828,53.9942],[137.9511,53.5811],[138.5828,53.9942],[138.5694,53.8017],[138.5694,53.8017],[138.2322,53.505],[138.5694,53.8017],[138.2322,53.505],[138.4656,53.5261],[138.2322,53.505],[138.5828,53.9942],[138.4656,53.5261],[138.7697,53.9818],[138.7697,53.9818],[138.6584,54.2862],[138.7697,53.9818],[138.6584,54.2862],[139.3022,54.1765],[139.3022,54.1765],[139.7433,54.2956],[139.3022,54.1765],[138.6584,54.2862],[138.4656,53.5261],[139.7433,54.2956],[140.3289,53.9558],[140.3289,53.9558],[140.2717,53.8475],[140.2717,53.8475],[140.5506,53.6444],[140.2717,53.8475],[140.3289,53.9558],[140.5506,53.6444],[141.1311,53.4483],[140.5506,53.6444],[141.1311,53.4483],[140.905,53.4267],[141.1311,53.4483],[140.905,53.4267],[141.4172,53.2956],[140.905,53.4267],[139.7433,54.2956],[137.3144,53.5322],[141.4172,53.2956],[141.3417,53.2306],[141.3417,53.2306],[141.4439,53.1525],[141.3417,53.2306],[141.4439,53.1525],[141.202,53.0013],[141.4439,53.1525],[141.202,53.0013],[140.7195,53.1301],[141.202,53.0013],[140.7195,53.1301],[141.24,52.866],[141.24,52.866],[141.1635,52.7917],[141.1635,52.7917],[141.2673,52.5916],[141.1635,52.7917],[141.2673,52.5916],[141.1167,52.4098],[141.2673,52.5916],[141.1167,52.4098],[141.5466,52.1521],[141.1167,52.4098],[141.24,52.866],[141.5466,52.1521],[141.3493,52.0995],[141.3493,52.0995],[141.3961,51.9211],[141.3961,51.9211],[140.877,51.6279],[140.877,51.6279],[140.8871,51.4956],[140.8871,51.4956],[140.7281,51.4652],[140.8871,51.4956],[140.7281,51.4652],[140.86,51.3708],[140.7281,51.4652],[140.86,51.3708],[140.595,51.2353],[140.86,51.3708],[140.877,51.6279],[141.3961,51.9211],[141.3493,52.0995],[140.595,51.2353],[140.6789,51.0343],[140.6789,51.0343],[140.4133,50.5419],[140.6789,51.0343],[140.4133,50.5419],[140.5069,50.1569],[140.5069,50.1569],[140.6879,50.0899],[140.5069,50.1569],[140.4133,50.5419],[140.6879,50.0899],[140.4,49.8819],[140.4,49.8819],[140.5473,49.5647],[140.5473,49.5647],[140.2026,49.0169],[140.2026,49.0169],[140.3906,48.976],[140.3906,48.976],[140.1816,48.7499],[140.1816,48.7499],[140.1735,48.4464],[140.1816,48.7499],[140.3906,48.976],[140.2026,49.0169],[140.5473,49.5647],[140.4,49.8819],[140.6879,50.0899],[140.595,51.2353],[141.5466,52.1521],[140.7195,53.1301],[141.4172,53.2956],[135.1817,54.8631],[147.2791,59.6448],[140.1735,48.4464],[139.2777,47.816],[139.2777,47.816],[139.0524,47.4074],[139.2777,47.816],[139.0524,47.4074],[138.5241,47.4938],[138.5241,47.4938],[138.5432,47.7091],[138.5432,47.7091],[138.7843,47.8735],[138.5432,47.7091],[138.7843,47.8735],[138.5806,48.0396],[138.5806,48.0396],[138.7072,48.186],[138.5806,48.0396],[138.7072,48.186],[138.2877,48.4529],[138.7072,48.186],[138.7843,47.8735],[138.5241,47.4938],[138.2877,48.4529],[137.3305,48.1056],[137.3305,48.1056],[137.594,47.9238],[137.594,47.9238],[137.4339,47.8065],[137.594,47.9238],[137.4339,47.8065],[138.0551,47.699],[138.0551,47.699],[138.0833,47.5037],[138.0551,47.699],[137.4339,47.8065],[137.3305,48.1056],[138.0833,47.5037],[137.4158,47.2109],[137.4158,47.2109],[137.0439,47.3072],[137.4158,47.2109],[137.0439,47.3072],[136.9919,47.0223],[136.9919,47.0223],[136.6004,46.8157],[136.9919,47.0223],[137.0439,47.3072],[138.0833,47.5037],[136.6004,46.8157],[135.3971,46.9393],[135.3971,46.9393],[135.3544,47.1794],[135.3544,47.1794],[135.0902,47.2286],[135.3544,47.1794],[135.3971,46.9393],[135.0902,47.2286],[134.6904,47.1427],[134.6904,47.1427],[134.6069,46.9725],[134.6904,47.1427],[134.6069,46.9725],[134.5642,46.9744],[134.517,47.0098],[134.4707,47.0161],[134.4707,47.0161],[134.4681,46.7328],[134.4707,47.0161],[134.4681,46.7328],[134.0179,46.6637],[134.4681,46.7328],[135.0902,47.2286],[136.6004,46.8157],[138.2877,48.4529],[139.0524,47.4074],[134.0179,46.6637],[134.0661,46.9721],[134.0661,46.9721],[134.2214,47.1186],[134.0661,46.9721],[134.2214,47.1186],[134.1813,47.3234],[134.2214,47.1186],[134.1813,47.3234],[134.7739,47.7291],[134.1813,47.3234],[134.7739,47.7291],[134.5513,47.9936],[134.5513,47.9936],[134.7118,48.2758],[134.5513,47.9936],[134.7118,48.2758],[134.2932,48.3738],[134.7118,48.2758],[134.7739,47.7291],[134.2932,48.3738],[134.7578,48.4309],[134.7578,48.4309],[134.8906,48.5936],[134.7578,48.4309],[134.2932,48.3738],[134.8906,48.5936],[134.5604,48.6049],[134.5604,48.6049],[134.3807,48.7437],[134.5604,48.6049],[134.3807,48.7437],[134.1636,48.6451],[134.1636,48.6451],[134.0515,48.6508],[133.7321,48.6916],[133.4016,48.7902],[134.3807,48.7437],[133.4016,48.7902],[133.1435,49.1863],[133.1435,49.1863],[132.4668,49.2798],[132.4668,49.2798],[132.149,49.4893],[132.4668,49.2798],[133.1435,49.1863],[133.4016,48.7902],[132.149,49.4893],[131.9727,49.2956],[131.9727,49.2956],[131.3881,49.2532],[131.9727,49.2956],[132.149,49.4893],[134.8906,48.5936],[134.0179,46.6637],[140.1735,48.4464],[131.3881,49.2532],[131.5097,49.3902],[131.5097,49.3902],[131.4028,49.6847],[131.4028,49.6847],[131.5311,49.7996],[131.5311,49.7996],[131.4088,50.0854],[131.4088,50.0854],[131.459,50.1198],[131.4999,50.1701],[131.5311,49.7996],[131.4028,49.6847],[131.5097,49.3902],[131.4999,50.1701],[131.2825,50.393],[131.2825,50.393],[130.9238,50.4177],[131.2825,50.393],[130.9238,50.4177],[130.9338,50.4638],[130.977,50.4975],[131.0316,50.5368],[131.0282,50.5921],[130.9911,50.6408],[130.9447,50.6753],[130.9238,50.4177],[130.9447,50.6753],[130.7169,50.643],[130.9447,50.6753],[130.7169,50.643],[130.862,50.8556],[130.862,50.8556],[130.8577,50.8851],[130.821,50.9186],[130.8024,50.9485],[130.7169,50.643],[131.4999,50.1701],[130.8024,50.9485],[131.112,51.2277],[131.112,51.2277],[131.495,51.3606],[131.112,51.2277],[131.495,51.3606],[131.4857,51.6733],[131.495,51.3606],[131.4857,51.6733],[132.3188,51.7941],[132.3188,51.7941],[132.7484,52.133],[132.7484,52.133],[133.3757,52.236],[132.7484,52.133],[132.3188,51.7941],[131.4857,51.6733],[133.3757,52.236],[133.2217,52.4529],[133.2217,52.4529],[133.276,52.6662],[133.2217,52.4529],[133.3757,52.236],[133.276,52.6662],[134.582,52.4223],[133.276,52.6662],[134.582,52.4223],[134.6923,52.6311],[134.6923,52.6311],[134.5866,52.8814],[134.6923,52.6311],[134.5866,52.8814],[134.8507,53.2272],[134.5866,52.8814],[134.8507,53.2272],[134.7085,53.3381],[134.8507,53.2272],[134.7085,53.3381],[134.901,53.394],[134.7085,53.3381],[134.582,52.4223],[130.8024,50.9485],[134.901,53.394],[134.4933,53.5846],[134.4933,53.5846],[133.8999,53.4244],[133.8999,53.4244],[133.5038,53.5355],[133.8999,53.4244],[134.4933,53.5846],[133.5038,53.5355],[132.8891,53.2267],[132.8891,53.2267],[131.9659,53.1161],[132.8891,53.2267],[133.5038,53.5355],[131.9659,53.1161],[131.8624,53.2501],[131.8624,53.2501],[131.4435,53.2219],[131.8624,53.2501],[131.4435,53.2219],[131.5761,53.3572],[131.5761,53.3572],[131.3871,53.7767],[131.5761,53.3572],[131.4435,53.2219],[131.3871,53.7767],[130.3781,53.9293],[131.3871,53.7767],[131.9659,53.1161],[130.3781,53.9293],[130.7393,54.2864],[130.7393,54.2864],[131.1201,54.3423],[130.7393,54.2864],[131.1201,54.3423],[131.2408,54.6495],[131.1201,54.3423],[131.2408,54.6495],[132.9274,55.4235],[131.2408,54.6495],[132.9274,55.4235],[132.6747,55.5063],[132.6747,55.5063],[132.5099,55.739],[132.6747,55.5063],[132.5099,55.739],[131.1075,55.6698],[131.1075,55.6698],[130.9017,55.8619],[131.1075,55.6698],[132.5099,55.739],[130.9017,55.8619],[131.1819,56.429],[131.1819,56.429],[131.7448,56.4768],[131.7448,56.4768],[131.7185,56.7016],[131.7185,56.7016],[131.776,56.7227],[131.8568,56.7549],[131.8768,56.7967],[131.7448,56.4768],[131.1819,56.429],[131.8768,56.7967],[131.2283,57.2571],[131.2283,57.2571],[131.5902,57.2908],[131.5902,57.2908],[132.1302,57.7271],[131.5902,57.2908],[132.1302,57.7271],[131.5422,58.1956],[132.1302,57.7271],[131.2283,57.2571],[131.8768,56.7967],[130.9017,55.8619],[132.9274,55.4235],[130.3781,53.9293],[134.901,53.394],[131.5422,58.1956],[132.1932,58.0768],[132.1932,58.0768],[132.1911,58.5285],[132.1911,58.5285],[132.444,58.512],[132.6249,58.8861],[132.6249,58.8861],[132.6796,58.8959],[132.7375,58.8956],[132.8498,58.9102],[132.861,59.0995],[132.861,59.0995],[133.1446,59.2051],[132.861,59.0995],[132.8498,58.9102],[132.6249,58.8861],[132.444,58.512],[132.1911,58.5285],[132.1932,58.0768],[133.1446,59.2051],[134.0106,59.2536],[134.0106,59.2536],[135.1615,59.0914],[134.0106,59.2536],[135.1615,59.0914],[135.6639,59.4812],[135.6639,59.4812],[136.8228,59.304],[136.8228,59.304],[137.4962,59.5396],[137.4962,59.5396],[137.6804,59.7209],[137.4962,59.5396],[137.6804,59.7209],[137.8796,59.7293],[138.0451,59.7184],[138.1125,59.7473],[138.153,59.7011],[138.1322,59.6446],[138.246,59.6468],[137.6804,59.7209],[136.8228,59.304],[135.6639,59.4812],[135.1615,59.0914],[133.1446,59.2051],[138.246,59.6468],[138.3283,59.9041],[138.3283,59.9041],[138.227,60.1091],[138.3283,59.9041],[138.227,60.1091],[138.5481,60.6748],[138.227,60.1091],[138.5481,60.6748],[138.4964,60.7074],[138.358,60.7724],[138.2423,60.8518],[138.2827,60.9203],[138.3893,61.0148],[138.3533,61.0647],[138.5481,60.6748],[138.3533,61.0647],[138.7153,61.1766],[138.7153,61.1766],[138.7588,61.214],[138.7135,61.2723],[138.7732,61.3231],[138.7732,61.3231],[139.6531,61.4766],[138.7732,61.3231],[139.6531,61.4766],[139.6824,61.5077],[139.7947,61.5958],[139.8834,61.616],[140.0047,61.9323],[139.8834,61.616],[140.0047,61.9323],[140.3941,62.0337],[140.0047,61.9323],[140.3941,62.0337],[140.4308,62.3692],[140.3941,62.0337],[140.4308,62.3692],[140.9641,62.4935],[140.4308,62.3692],[139.6531,61.4766],[138.3533,61.0647],[138.246,59.6468],[131.5422,58.1956],[131.3881,49.2532],[140.9954,62.4608]]]]}},{"type":"Feature","properties":{"name":"Республика Хакасия"},"geometry":{"type":"MultiPolygon","coordinates":[[],[[[88.6909,55.411],[89.2008,54.9904],[89.2008,54.9904],[90.1959,55.1515],[90.1959,55.1515],[90.4356,55.0164],[90.4356,55.0164],[90.4583,54.8708],[90.4356,55.0164],[90.4583,54.8708],[90.9153,54.7911],[90.4583,54.8708],[90.1959,55.1515],[89.2008,54.9904],[90.9153,54.7911],[90.8707,54.6638],[90.855,54.6268],[90.9664,54.5747],[91.0948,54.5239],[91.159,54.4879],[91.4639,54.0566],[91.159,54.4879],[90.855,54.6268],[91.4639,54.0566],[91.3266,53.8167],[91.3266,53.8167],[91.4697,53.5139],[91.3266,53.8167],[91.4639,54.0566],[91.4697,53.5139],[91.8464,53.352],[91.4697,53.5139],[90.9153,54.7911],[91.8464,53.352],[91.3511,53.0775],[91.3511,53.0775],[91.3779,53.0237],[91.408,52.9471],[91.3963,52.868],[90.7003,52.4582],[90.7003,52.4582],[90.452,52.1634],[90.7003,52.4582],[91.3963,52.868],[91.3511,53.0775],[90.452,52.1634],[90.0485,52.1254],[90.452,52.1634],[90.0485,52.1254],[90.0198,51.7131],[90.0485,52.1254],[90.0198,51.7131],[89.6227,51.5197],[89.6227,51.5197],[89.2325,51.5228],[89.2325,51.5228],[89.17,51.5396],[89.215,51.6016],[89.1999,51.6287],[89.1999,51.6287],[88.7416,51.5486],[89.1999,51.6287],[89.6227,51.5197],[88.7416,51.5486],[88.5961,51.3366],[88.5961,51.3366],[88.5152,51.3039],[88.4061,51.2922],[88.7416,51.5486],[90.0198,51.7131],[91.8464,53.352],[88.4061,51.2922],[87.9357,51.4914],[87.9357,51.4914],[87.9024,51.536],[87.904,51.5649],[87.9058,51.5876],[88.1131,51.7217],[87.9058,51.5876],[88.1131,51.7217],[87.9161,51.8093],[88.1131,51.7217],[87.9357,51.4914],[87.9161,51.8093],[88.0539,52.0357],[88.0539,52.0357],[88.6465,52.2457],[88.6465,52.2457],[89.1271,52.5864],[88.6465,52.2457],[88.0539,52.0357],[89.1271,52.5864],[89.0342,52.6979],[89.0342,52.6979],[89.2214,52.7898],[89.0342,52.6979],[89.1271,52.5864],[87.9161,51.8093],[89.2214,52.7898],[88.9154,52.9897],[88.9154,52.9897],[89.0561,53.0973],[89.0561,53.0973],[89.0014,53.2518],[89.0561,53.0973],[88.9154,52.9897],[89.0014,53.2518],[88.7719,53.3421],[89.0014,53.2518],[88.7719,53.3421],[88.8125,53.5471],[88.8125,53.5471],[89.2239,53.7723],[88.8125,53.5471],[89.2239,53.7723],[89.0305,53.9517],[89.0305,53.9517],[89.2027,54.1734],[89.2027,54.1734],[89.2018,54.2163],[89.1874,54.2672],[89.1634,54.3189],[89.0305,53.9517],[89.2239,53.7723],[88.7719,53.3421],[89.1634,54.3189],[88.3792,54.3789],[89.1634,54.3189],[88.3792,54.3789],[88.4333,54.3908],[88.4923,54.4022],[88.5466,54.4296],[88.7647,54.8305],[88.5466,54.4296],[88.7647,54.8305],[88.5494,55.0039],[88.5494,55.0039],[88.4726,55.2588],[88.5494,55.0039],[88.4726,55.2588],[88.6361,55.4248],[88.4726,55.2588],[88.7647,54.8305],[88.3792,54.3789],[89.2214,52.7898],[88.4061,51.2922],[88.6909,55.411]]]]}},{"type":"Feature","properties":{"name":"Ханты-Мансийский автономный округ - Югра"},"geometry":{"type":"Polygon","coordinates":[[[62.7423,64.906],[62.8742,64.7726],[62.8742,64.7726],[62.5921,64.5572],[62.8742,64.7726],[62.5921,64.5572],[63.4345,64.4415],[63.4345,64.4415],[63.6838,64.2537],[63.4345,64.4415],[62.5921,64.5572],[63.6838,64.2537],[65.5588,64.4949],[65.5588,64.4949],[66.8251,64.5072],[65.5588,64.4949],[66.8251,64.5072],[66.896,64.482],[66.9476,64.4451],[66.957,64.413],[66.8786,64.2025],[66.957,64.413],[66.8786,64.2025],[67.8074,64.0283],[66.8786,64.2025],[66.8251,64.5072],[67.8074,64.0283],[68.5133,64.2723],[68.5133,64.2723],[68.9478,64.1696],[68.5133,64.2723],[68.9478,64.1696],[69.047,64.3183],[69.047,64.3183],[68.98,64.3586],[68.9519,64.4023],[68.9519,64.4023],[69.026,64.4123],[69.1201,64.4256],[68.9478,64.1696],[69.1201,64.4256],[70.3361,64.3325],[69.1201,64.4256],[67.8074,64.0283],[63.6838,64.2537],[70.3361,64.3325],[70.8001,64.1447],[70.8001,64.1447],[70.6518,64.0051],[70.6518,64.0051],[70.9362,63.6937],[70.6518,64.0051],[70.8001,64.1447],[70.9362,63.6937],[71.5572,63.5686],[70.9362,63.6937],[71.5572,63.5686],[71.6789,63.1968],[71.5572,63.5686],[71.6789,63.1968],[72.7483,63.2907],[72.7483,63.2907],[72.8857,63.3618],[72.9338,63.4105],[72.9898,63.4174],[72.9898,63.4174],[73.531,63.1788],[73.531,63.1788],[73.7442,63.1801],[73.9584,63.1871],[74.1719,63.1781],[74.5311,63.0327],[74.1719,63.1781],[73.531,63.1788],[74.5311,63.0327],[75.7993,63.1212],[75.7993,63.1212],[76.3363,62.9705],[76.3363,62.9705],[76.7412,63.0377],[76.3363,62.9705],[75.7993,63.1212],[74.5311,63.0327],[72.9898,63.4174],[76.7412,63.0377],[78.0494,62.5215],[76.7412,63.0377],[71.6789,63.1968],[70.3361,64.3325],[78.0494,62.5215],[79.8384,62.5889],[79.8384,62.5889],[79.9628,62.814],[79.9628,62.814],[80.9889,63.1339],[79.9628,62.814],[79.8384,62.5889],[78.0494,62.5215],[80.9889,63.1339],[81.3499,62.8359],[81.3499,62.8359],[81.852,62.6854],[81.3499,62.8359],[81.852,62.6854],[82.1283,62.8223],[82.1283,62.8223],[82.7917,62.7568],[82.7917,62.7568],[82.7954,62.7291],[82.7977,62.6458],[83.3938,62.4547],[82.7977,62.6458],[82.7917,62.7568],[83.3938,62.4547],[83.9241,62.5172],[83.3938,62.4547],[82.1283,62.8223],[81.852,62.6854],[83.9241,62.5172],[84.5145,62.1781],[84.5145,62.1781],[84.5151,62.153],[84.4937,62.0675],[84.5134,61.9886],[84.5938,61.893],[84.6851,61.8228],[84.5145,62.1781],[84.6851,61.8228],[85.9643,61.4684],[84.6851,61.8228],[83.9241,62.5172],[80.9889,63.1339],[85.9643,61.4684],[85.6537,61.3934],[85.6537,61.3934],[85.6618,61.2593],[85.6537,61.3934],[85.6618,61.2593],[84.253,60.844],[85.6618,61.2593],[84.253,60.844],[83.1962,61.0016],[84.253,60.844],[83.1962,61.0016],[82.5305,60.7544],[82.5305,60.7544],[82.2468,60.5129],[82.5305,60.7544],[83.1962,61.0016],[82.2468,60.5129],[81.0819,60.6235],[81.0819,60.6235],[80.8198,60.7853],[81.0819,60.6235],[80.8198,60.7853],[79.4517,60.6406],[79.4517,60.6406],[79.0996,60.8072],[79.0996,60.8072],[77.0912,60.8265],[79.0996,60.8072],[79.4517,60.6406],[80.8198,60.7853],[82.2468,60.5129],[77.0912,60.8265],[77.073,60.5393],[77.073,60.5393],[76.8592,60.4518],[76.8592,60.4518],[76.8665,60.2225],[76.8665,60.2225],[76.8337,60.1617],[76.7796,60.1115],[76.7212,60.0759],[76.8592,60.4518],[77.073,60.5393],[76.7212,60.0759],[76.6702,59.5643],[76.7212,60.0759],[76.6702,59.5643],[75.9383,59.4083],[75.9383,59.4083],[75.6155,59.1825],[75.6155,59.1825],[75.6774,58.9457],[75.6155,59.1825],[75.6774,58.9457],[75.1425,58.6492],[75.6774,58.9457],[75.9383,59.4083],[76.6702,59.5643],[77.0912,60.8265],[75.1425,58.6492],[73.0962,58.8234],[73.0962,58.8234],[72.9646,58.855],[73.0995,58.935],[73.0995,58.935],[72.899,59.0309],[72.899,59.0309],[72.9619,59.1308],[72.899,59.0309],[73.0995,58.935],[72.9646,58.855],[72.9619,59.1308],[72.6543,59.099],[72.6543,59.099],[72.0805,59.5209],[72.0805,59.5209],[71.1913,59.8424],[72.0805,59.5209],[72.6543,59.099],[72.9619,59.1308],[71.1913,59.8424],[70.5891,59.805],[70.5891,59.805],[70.14,59.9331],[70.5891,59.805],[70.14,59.9331],[69.7024,59.8544],[70.14,59.9331],[69.7024,59.8544],[69.5579,59.9557],[69.7024,59.8544],[71.1913,59.8424],[73.0962,58.8234],[69.5579,59.9557],[69.2459,59.8936],[69.2459,59.8936],[69.2608,59.8659],[69.3211,59.8291],[69.4026,59.7621],[69.4026,59.7621],[68.6119,59.5442],[69.4026,59.7621],[68.6119,59.5442],[68.424,59.2474],[68.6119,59.5442],[68.424,59.2474],[67.1664,58.9154],[67.1664,58.9154],[67.1232,58.9613],[67.0329,58.9748],[67.0329,58.9748],[66.9451,58.9352],[66.8222,58.8848],[66.8328,58.832],[66.8321,58.7647],[66.8295,58.6585],[67.0329,58.9748],[66.8295,58.6585],[65.9773,58.5671],[66.8295,58.6585],[68.424,59.2474],[69.5579,59.9557],[75.1425,58.6492],[65.9773,58.5671],[65.5396,58.8078],[65.5396,58.8078],[65.1037,59.3437],[65.5396,58.8078],[65.1037,59.3437],[63.9253,59.4993],[65.1037,59.3437],[63.9253,59.4993],[63.7729,60.0857],[63.7729,60.0857],[63.2598,60.241],[63.2598,60.241],[63.2914,60.3974],[63.2914,60.3974],[62.94,60.7067],[62.94,60.7067],[62.8863,60.7837],[62.8739,60.8349],[62.8343,60.8865],[62.8955,61.0732],[62.8343,60.8865],[62.8955,61.0732],[62.8417,61.1081],[62.7808,61.1622],[62.7187,61.2032],[62.94,60.7067],[63.2914,60.3974],[63.2598,60.241],[63.7729,60.0857],[63.9253,59.4993],[62.7187,61.2032],[61.178,61.6847],[61.178,61.6847],[60.0693,61.7135],[60.0693,61.7135],[59.9511,61.8855],[59.9511,61.8855],[59.4647,61.9473],[59.9511,61.8855],[60.0693,61.7135],[61.178,61.6847],[62.7187,61.2032],[59.4647,61.9473],[59.447,62.1641],[59.447,62.1641],[59.6318,62.4263],[59.447,62.1641],[59.6318,62.4263],[59.3696,62.6987],[59.3696,62.6987],[59.4852,62.8409],[59.3696,62.6987],[59.4852,62.8409],[59.2341,63.0185],[59.4852,62.8409],[59.6318,62.4263],[59.2341,63.0185],[59.4762,63.8089],[59.4762,63.8089],[59.897,64.0745],[59.4762,63.8089],[59.2341,63.0185],[59.897,64.0745],[59.8407,64.1454],[59.778,64.141],[59.6784,64.1479],[59.6364,64.4399],[59.6364,64.4399],[59.5781,64.4715],[59.5103,64.4831],[59.4965,64.5053],[59.6784,64.1479],[59.4965,64.5053],[59.7461,64.6785],[59.7461,64.6785],[59.7088,64.7029],[59.6313,64.7337],[59.6394,64.8012],[59.4965,64.5053],[59.897,64.0745],[59.6394,64.8012],[60.192,65.0719],[60.192,65.0719],[60.7648,64.9476],[60.192,65.0719],[60.7648,64.9476],[61.3737,65.2338],[61.3737,65.2338],[61.3519,65.2625],[61.3273,65.3205],[61.3498,65.3604],[61.6259,65.554],[61.3498,65.3604],[61.3737,65.2338],[61.6259,65.554],[62.0625,65.7016],[61.6259,65.554],[60.7648,64.9476],[62.0625,65.7016],[62.4578,65.4021],[62.4578,65.4021],[62.8746,65.2906],[62.4578,65.4021],[62.8746,65.2906],[62.7795,64.9429],[62.8746,65.2906],[62.0625,65.7016],[59.6394,64.8012],[59.4647,61.9473],[65.9773,58.5671],[85.9643,61.4684],[62.7423,64.906]]]}},{"type":"Feature","properties":{"name":"Кировская область"},"geometry":{"type":"Polygon","coordinates":[[[47.6543,61.0512],[48.3984,60.8299],[48.3984,60.8299],[48.5059,60.4603],[48.5059,60.4603],[48.6926,60.3673],[48.5059,60.4603],[48.3984,60.8299],[48.6926,60.3673],[48.4229,60.1713],[48.4229,60.1713],[48.465,59.722],[48.4229,60.1713],[48.6926,60.3673],[48.465,59.722],[49.035,59.6729],[49.035,59.6729],[49.0066,59.4991],[49.0066,59.4991],[49.5502,59.4112],[49.5502,59.4112],[49.5861,59.2336],[49.5502,59.4112],[49.0066,59.4991],[49.035,59.6729],[48.465,59.722],[49.5861,59.2336],[49.679,59.2241],[49.7561,59.236],[49.8002,59.2627],[49.8211,59.6721],[49.8211,59.6721],[49.952,59.6828],[50.0334,59.7033],[49.9879,59.7912],[50.0334,59.7033],[49.8211,59.6721],[49.8002,59.2627],[49.9879,59.7912],[50.8439,59.8975],[50.8439,59.8975],[51.092,60.0894],[50.8439,59.8975],[51.092,60.0894],[51.519,59.9503],[51.092,60.0894],[51.519,59.9503],[51.9982,60.3413],[51.519,59.9503],[49.9879,59.7912],[51.9982,60.3413],[52.596,60.2007],[52.596,60.2007],[52.7454,60.1922],[53.3451,60.1437],[53.3683,60.214],[53.4443,60.2309],[52.596,60.2007],[51.9982,60.3413],[49.5861,59.2336],[53.4443,60.2309],[53.6531,60.068],[53.6531,60.068],[53.6678,60.0086],[53.6583,59.958],[53.6497,59.9124],[53.6497,59.9124],[53.2091,59.3625],[53.6497,59.9124],[53.2091,59.3625],[53.3873,59.1591],[53.3873,59.1591],[53.8257,59.0984],[53.3873,59.1591],[53.8257,59.0984],[53.7436,59.0077],[53.7436,59.0077],[53.8955,58.7884],[53.7436,59.0077],[53.8257,59.0984],[53.2091,59.3625],[53.4443,60.2309],[53.8955,58.7884],[53.724,58.702],[53.724,58.702],[53.7748,58.4901],[53.724,58.702],[53.7748,58.4901],[53.6692,58.4832],[53.6187,58.4524],[53.6187,58.4524],[53.2319,58.4244],[53.2319,58.4244],[53.1142,58.544],[53.1142,58.544],[52.8421,58.403],[52.8421,58.403],[52.1008,58.4731],[52.1008,58.4731],[51.7962,58.3467],[52.1008,58.4731],[52.8421,58.403],[53.1142,58.544],[53.6187,58.4524],[51.7962,58.3467],[51.6698,58.1742],[51.6698,58.1742],[51.9494,57.9981],[51.9494,57.9981],[51.8685,57.6591],[51.9494,57.9981],[51.6698,58.1742],[51.8685,57.6591],[51.1127,57.2952],[51.8685,57.6591],[51.1127,57.2952],[51.5315,56.8643],[51.5315,56.8643],[51.3634,56.6727],[51.3634,56.6727],[51.1651,56.658],[51.3634,56.6727],[51.1651,56.658],[51.1533,56.5107],[51.1533,56.5107],[51.497,56.3087],[51.1533,56.5107],[51.497,56.3087],[51.3936,56.1007],[51.497,56.3087],[51.1651,56.658],[51.5315,56.8643],[51.1127,57.2952],[51.7962,58.3467],[51.3936,56.1007],[51.0319,56.1763],[51.0319,56.1763],[50.8641,56.4582],[51.0319,56.1763],[50.8641,56.4582],[50.6552,56.3979],[50.8641,56.4582],[50.6552,56.3979],[50.379,56.705],[50.6552,56.3979],[50.379,56.705],[50.1011,56.6515],[50.379,56.705],[50.1011,56.6515],[50.0978,56.8648],[50.0978,56.8648],[49.7542,56.9133],[49.7542,56.9133],[49.7677,57.061],[49.7542,56.9133],[50.0978,56.8648],[50.1011,56.6515],[49.7677,57.061],[49.2735,57.0643],[49.7677,57.061],[49.2735,57.0643],[49.2086,57.3405],[49.2735,57.0643],[49.2086,57.3405],[49.0527,57.3168],[49.0527,57.3168],[48.9384,57.0974],[49.0527,57.3168],[48.9384,57.0974],[48.8022,57.1993],[48.8022,57.1993],[48.2839,57.173],[48.8022,57.1993],[48.2839,57.173],[48.1691,57.0446],[48.1691,57.0446],[47.76,57.0801],[47.76,57.0801],[47.5097,56.8663],[47.5097,56.8663],[47.1562,56.8496],[47.5097,56.8663],[47.76,57.0801],[48.1691,57.0446],[48.2839,57.173],[48.9384,57.0974],[49.2086,57.3405],[51.3936,56.1007],[53.8955,58.7884],[47.1562,56.8496],[46.7609,56.9593],[46.7609,56.9593],[46.8388,57.2159],[46.8388,57.2159],[46.7078,57.424],[46.8388,57.2159],[46.7609,56.9593],[46.7078,57.424],[46.768,57.4712],[46.7808,57.5084],[46.8354,57.5272],[47.4716,57.5435],[46.8354,57.5272],[47.4716,57.5435],[47.7784,57.9448],[47.4716,57.5435],[46.7078,57.424],[47.7784,57.9448],[46.406,58.0279],[46.406,58.0279],[46.3903,58.08],[46.3469,58.1036],[46.33,58.131],[47.7784,57.9448],[46.33,58.131],[46.6824,58.6095],[46.6824,58.6095],[47.0514,58.6334],[47.0514,58.6334],[47.3621,58.7992],[47.3621,58.7992],[47.3022,58.8475],[47.3489,58.8701],[47.2953,58.9104],[47.2953,58.9104],[47.6347,58.9403],[47.2953,58.9104],[47.0514,58.6334],[46.6824,58.6095],[46.33,58.131],[47.6347,58.9403],[47.2634,59.222],[47.2634,59.222],[47.2799,59.3415],[47.2634,59.222],[47.2799,59.3415],[47.0694,59.3596],[47.0694,59.3596],[47.1232,59.6086],[47.1371,59.664],[47.1388,59.7126],[46.8857,59.7951],[47.1388,59.7126],[46.8857,59.7951],[47.0428,60.1541],[46.8857,59.7951],[47.0694,59.3596],[47.0428,60.1541],[46.7278,60.041],[46.7278,60.041],[46.3295,60.2382],[46.7278,60.041],[47.0428,60.1541],[47.6347,58.9403],[46.3295,60.2382],[46.8005,60.2748],[46.8005,60.2748],[47.0694,60.5926],[47.0694,60.5926],[47.0362,60.6419],[47.0029,60.6999],[47.0018,60.7601],[47.187,61.0593],[47.0018,60.7601],[47.0694,60.5926],[47.187,61.0593],[47.5513,61.0729],[47.187,61.0593],[46.8005,60.2748],[46.3295,60.2382],[47.1562,56.8496],[47.6543,61.0512]]]}},{"type":"Feature","properties":{"name":"Республика Коми"},"geometry":{"type":"Polygon","coordinates":[[[65.142,68.394],[65.2265,68.374],[65.3183,68.3717],[65.4862,68.4089],[65.4847,68.3636],[65.418,68.3177],[65.3333,68.2846],[65.3811,67.9744],[65.3333,68.2846],[65.4862,68.4089],[65.3811,67.9744],[66.1284,67.8972],[65.3811,67.9744],[66.1284,67.8972],[66.1132,67.8534],[66.0257,67.8074],[66.2665,67.6706],[66.0257,67.8074],[66.2665,67.6706],[65.8246,67.5951],[66.2665,67.6706],[65.8246,67.5951],[66.1368,67.4523],[65.8246,67.5951],[66.1284,67.8972],[66.1368,67.4523],[65.0542,67.0696],[65.0542,67.0696],[65.1,66.9758],[65.1205,66.9304],[65.1189,66.9011],[65.1189,66.9011],[63.3942,66.4553],[65.1189,66.9011],[63.3942,66.4553],[63.2403,66.3233],[63.2403,66.3233],[63.305,66.2708],[63.3236,66.2289],[63.3236,66.2289],[63.0644,66.1856],[63.0644,66.1856],[62.7754,65.8558],[63.0644,66.1856],[63.3236,66.2289],[62.7754,65.8558],[61.6259,65.554],[61.6259,65.554],[61.3498,65.3604],[61.3498,65.3604],[61.3273,65.3205],[61.3519,65.2625],[61.3737,65.2338],[61.3737,65.2338],[60.7648,64.9476],[61.3737,65.2338],[61.6259,65.554],[62.7754,65.8558],[63.3942,66.4553],[60.7648,64.9476],[60.192,65.0719],[60.192,65.0719],[59.6394,64.8012],[60.192,65.0719],[60.7648,64.9476],[66.1368,67.4523],[59.6394,64.8012],[59.6313,64.7337],[59.7088,64.7029],[59.7461,64.6785],[59.4965,64.5053],[59.7461,64.6785],[59.4965,64.5053],[59.5103,64.4831],[59.5781,64.4715],[59.6364,64.4399],[59.6784,64.1479],[59.6364,64.4399],[59.6784,64.1479],[59.778,64.141],[59.8407,64.1454],[59.897,64.0745],[59.4965,64.5053],[59.897,64.0745],[59.4762,63.8089],[59.4762,63.8089],[59.2341,63.0185],[59.4762,63.8089],[59.2341,63.0185],[59.4852,62.8409],[59.4852,62.8409],[59.3696,62.6987],[59.3696,62.6987],[59.6318,62.4263],[59.3696,62.6987],[59.4852,62.8409],[59.6318,62.4263],[59.447,62.1641],[59.447,62.1641],[59.3951,61.6983],[59.447,62.1641],[59.6318,62.4263],[59.2341,63.0185],[59.897,64.0745],[59.6394,64.8012],[59.3951,61.6983],[58.8498,61.5189],[58.8498,61.5189],[56.7436,61.56],[58.8498,61.5189],[56.7436,61.56],[56.4555,61.4593],[56.4555,61.4593],[56.3962,61.3816],[56.2958,61.2491],[56.2958,61.2491],[55.9068,61.2958],[55.7725,61.1427],[55.3171,61.1586],[55.227,61.0383],[55.1163,61.0476],[54.9895,60.9036],[56.2958,61.2491],[56.7436,61.56],[54.9895,60.9036],[53.8814,60.9869],[53.8289,60.8596],[53.3423,60.9001],[53.4354,61.0537],[52.8703,61.0907],[52.8703,61.0907],[52.7802,60.9697],[52.4734,60.9816],[52.3478,60.8591],[51.9085,60.9],[52.8703,61.0907],[54.9895,60.9036],[51.9085,60.9],[51.8981,60.879],[51.7679,60.612],[52.1517,60.5405],[52.1339,60.4902],[52.3433,60.4547],[52.2859,60.2661],[52.3433,60.4547],[51.7679,60.612],[52.2859,60.2661],[51.9558,60.3252],[51.9558,60.3252],[51.519,59.9503],[51.9558,60.3252],[51.519,59.9503],[51.092,60.0894],[51.092,60.0894],[50.8439,59.8975],[50.8439,59.8975],[49.9879,59.7912],[50.8439,59.8975],[51.092,60.0894],[51.519,59.9503],[49.9879,59.7912],[50.0334,59.7033],[50.0334,59.7033],[49.952,59.6828],[49.8211,59.6721],[49.8211,59.6721],[49.8002,59.2627],[49.8211,59.6721],[49.8002,59.2627],[49.7561,59.236],[49.679,59.2241],[49.5861,59.2336],[49.9879,59.7912],[52.2859,60.2661],[51.9085,60.9],[59.3951,61.6983],[49.5861,59.2336],[49.5502,59.4112],[49.5502,59.4112],[49.0066,59.4991],[49.5502,59.4112],[49.0066,59.4991],[49.035,59.6729],[49.0066,59.4991],[49.035,59.6729],[48.465,59.722],[49.035,59.6729],[48.465,59.722],[48.4229,60.1713],[48.4229,60.1713],[48.7037,60.3397],[48.4229,60.1713],[48.7037,60.3397],[48.5059,60.4603],[48.5059,60.4603],[48.3323,60.8559],[48.5059,60.4603],[48.7037,60.3397],[48.465,59.722],[48.3323,60.8559],[48.5155,61.0629],[48.5155,61.0629],[49.2463,61.1783],[48.5155,61.0629],[49.2463,61.1783],[49.3939,61.4184],[49.4241,61.4672],[49.513,61.6095],[49.2712,61.6435],[49.0477,61.6744],[49.0477,61.6744],[49.2368,62.1366],[49.3038,62.1452],[49.586,62.769],[49.2463,61.1783],[48.3323,60.8559],[49.586,62.769],[48.7266,62.8353],[48.6159,62.7298],[48.3352,62.7248],[48.1938,62.4809],[48.2784,62.423],[48.2767,62.3281],[48.2767,62.3281],[47.6464,62.3325],[47.6464,62.3325],[47.5959,62.215],[47.3757,62.2176],[48.2767,62.3281],[48.7266,62.8353],[47.3757,62.2176],[47.3486,62.3463],[47.1662,62.3456],[47.2027,62.5583],[47.2014,62.6585],[47.0313,62.8861],[47.0313,62.8861],[47.5448,63.1243],[47.0313,62.8861],[47.5448,63.1243],[47.0189,63.2941],[47.0189,63.2941],[46.854,63.4648],[46.854,63.4648],[46.8838,63.4978],[46.9541,63.5382],[47.0065,63.5557],[47.0193,63.5863],[47.0234,63.6467],[46.9716,63.6963],[46.854,63.4648],[47.0189,63.2941],[46.9716,63.6963],[45.6932,64.0245],[45.6932,64.0245],[45.4244,64.228],[45.6932,64.0245],[46.9716,63.6963],[47.5448,63.1243],[47.3757,62.2176],[49.586,62.769],[45.4244,64.228],[47.805,64.3981],[47.805,64.3981],[48.3997,64.2433],[47.805,64.3981],[48.3997,64.2433],[48.4453,64.2911],[48.434,64.3603],[49.4004,64.4756],[49.4004,64.4756],[49.5606,64.6098],[48.434,64.3603],[49.5606,64.6098],[50.2645,64.5242],[49.5606,64.6098],[48.3997,64.2433],[50.2645,64.5242],[50.4309,64.8544],[49.9882,64.9589],[49.9882,64.9589],[49.6153,65.32],[49.9882,64.9589],[49.6153,65.32],[49.3689,65.3052],[49.203,65.296],[49.0538,65.2736],[50.4309,64.8544],[49.0538,65.2736],[48.9307,66.1087],[49.0538,65.2736],[48.9307,66.1087],[51.5544,66.7796],[51.5544,66.7796],[51.5205,66.8288],[51.5229,66.8667],[51.5323,66.9069],[52.1658,67.0764],[51.5323,66.9069],[51.5544,66.7796],[48.9307,66.1087],[50.2645,64.5242],[52.1658,67.0764],[61.7049,67.0171],[61.7049,67.0171],[62.9446,67.4036],[62.9446,67.4036],[63.1328,67.6756],[63.1328,67.6756],[63.752,67.7517],[63.752,67.7517],[63.9898,67.9163],[63.9898,67.9163],[63.9344,68.0271],[63.9898,67.9163],[63.9344,68.0271],[64.6112,68.1966],[64.6112,68.1966],[64.5842,68.3352],[64.6112,68.1966],[64.5842,68.3352],[65.062,68.4109],[64.5842,68.3352],[63.9344,68.0271],[63.752,67.7517],[63.1328,67.6756],[62.9446,67.4036],[61.7049,67.0171],[52.1658,67.0764],[45.4244,64.228],[49.5861,59.2336],[65.142,68.394]]]}},{"type":"Feature","properties":{"name":"Костромская область"},"geometry":{"type":"Polygon","coordinates":[[[47.1232,59.6086],[47.0694,59.3596],[47.2799,59.3415],[47.2634,59.222],[47.2634,59.222],[47.3287,59.1539],[47.4251,59.1299],[47.4588,59.1665],[47.6194,58.9063],[47.4588,59.1665],[47.2634,59.222],[47.2799,59.3415],[47.0694,59.3596],[47.6194,58.9063],[47.3261,58.9218],[47.3261,58.9218],[47.3621,58.7992],[47.3621,58.7992],[47.0514,58.6334],[47.3621,58.7992],[47.0514,58.6334],[46.6824,58.6095],[47.0514,58.6334],[47.3261,58.9218],[46.6824,58.6095],[46.6195,58.4311],[46.6195,58.4311],[46.5197,58.4208],[46.4346,58.3859],[46.4346,58.3859],[46.3903,58.08],[46.4346,58.3859],[46.6824,58.6095],[47.6194,58.9063],[46.3903,58.08],[45.8651,58.0447],[45.8651,58.0447],[45.699,57.9205],[45.8651,58.0447],[45.699,57.9205],[44.8873,58.0661],[45.699,57.9205],[44.8873,58.0661],[44.7758,57.7039],[44.7758,57.7039],[44.079,57.4408],[44.7758,57.7039],[44.8873,58.0661],[44.079,57.4408],[43.4708,57.5458],[43.4708,57.5458],[43.3666,57.5221],[43.2743,57.4735],[43.2367,57.4337],[43.2367,57.4337],[43.2186,57.6129],[43.2079,57.6296],[43.2079,57.6296],[43.1458,57.4206],[43.1458,57.4206],[42.8815,57.3917],[43.1458,57.4206],[43.2079,57.6296],[42.8815,57.3917],[42.8121,57.4159],[42.7739,57.4506],[42.8418,57.6657],[42.7739,57.4506],[42.8418,57.6657],[42.1341,57.5698],[42.1341,57.5698],[41.6182,57.7124],[42.1341,57.5698],[42.8418,57.6657],[42.8815,57.3917],[41.6182,57.7124],[41.6089,57.4687],[41.6089,57.4687],[40.4995,57.2833],[41.6089,57.4687],[41.6182,57.7124],[44.079,57.4408],[46.3903,58.08],[40.4995,57.2833],[40.4149,57.4785],[40.4149,57.4785],[40.6942,57.617],[40.4149,57.4785],[40.6942,57.617],[40.6209,57.8929],[40.6942,57.617],[40.6209,57.8929],[41.2176,58.3476],[40.6209,57.8929],[41.2176,58.3476],[40.9751,58.5268],[40.9751,58.5268],[41.287,58.72],[41.287,58.72],[41.2124,58.9163],[41.287,58.72],[40.9751,58.5268],[41.2176,58.3476],[41.2124,58.9163],[42.0946,59.1095],[42.0946,59.1095],[42.0984,59.16],[42.1099,59.1954],[42.1107,59.2349],[42.0465,59.247],[41.9959,59.2618],[41.9724,59.2828],[41.9724,59.2828],[42.0009,59.2938],[42.0293,59.3569],[42.075,59.4249],[42.0946,59.1095],[41.2124,58.9163],[42.075,59.4249],[42.3209,59.2645],[42.3209,59.2645],[42.6191,59.3261],[42.3209,59.2645],[42.6191,59.3261],[42.8379,59.1462],[42.6191,59.3261],[42.8379,59.1462],[43.515,59.304],[43.515,59.304],[43.551,59.1833],[43.551,59.1833],[43.6291,59.2034],[43.6156,59.2328],[43.7992,59.2796],[44.9981,59.1198],[43.7992,59.2796],[43.551,59.1833],[43.515,59.304],[42.8379,59.1462],[44.9981,59.1198],[45.9361,59.1853],[45.9361,59.1853],[46.0582,59.3292],[46.1375,59.3225],[46.1758,59.3568],[46.3926,59.3698],[46.3926,59.3698],[46.4253,59.4675],[46.3821,59.4973],[46.4282,59.5918],[46.4282,59.5918],[46.7989,59.6147],[46.4282,59.5918],[45.9361,59.1853],[44.9981,59.1198],[42.075,59.4249],[40.4995,57.2833],[47.1232,59.6086]]]}},{"type":"Feature","properties":{"name":"Краснодарский край"},"geometry":{"type":"MultiPolygon","coordinates":[[],[],[],[],[],[[[38.5013,46.8799],[38.8893,46.8347],[38.8893,46.8347],[38.8004,46.6285],[38.8893,46.8347],[38.8004,46.6285],[39.3837,46.8782],[39.3837,46.8782],[39.8718,46.8195],[39.3837,46.8782],[38.8004,46.6285],[39.8718,46.8195],[39.927,46.8053],[39.9742,46.7785],[40.0262,46.754],[39.9572,46.5875],[39.9572,46.5875],[40.1663,46.5233],[40.1663,46.5233],[40.2829,46.2982],[40.1663,46.5233],[39.9572,46.5875],[40.0262,46.754],[40.2829,46.2982],[40.9504,46.2923],[40.2829,46.2982],[39.8718,46.8195],[40.9504,46.2923],[41.3017,45.797],[41.3017,45.797],[40.8763,45.6876],[40.8763,45.6876],[40.8451,45.5637],[40.8763,45.6876],[41.3017,45.797],[40.8451,45.5637],[41.0773,45.2333],[41.0773,45.2333],[41.42,45.204],[41.42,45.204],[41.7365,44.9204],[41.42,45.204],[41.0773,45.2333],[40.8451,45.5637],[40.9504,46.2923],[41.7365,44.9204],[41.5103,44.6782],[41.5103,44.6782],[41.8698,44.4412],[41.8698,44.4412],[41.6994,44.3498],[41.6994,44.3498],[41.8157,44.2185],[41.8157,44.2185],[41.7241,44.0554],[41.8157,44.2185],[41.6994,44.3498],[41.8698,44.4412],[41.5103,44.6782],[41.7241,44.0554],[41.5063,43.9497],[41.5063,43.9497],[40.9702,44.1106],[41.5063,43.9497],[40.9702,44.1106],[40.7162,43.5309],[40.7162,43.5309],[40.1019,43.5677],[40.1019,43.5677],[40.0085,43.3849],[40.1019,43.5677],[40.7162,43.5309],[40.9702,44.1106],[41.7241,44.0554],[41.7365,44.9204],[40.0085,43.3849],[38.7918,44.281],[38.7918,44.281],[38.2018,44.4171],[38.2018,44.4171],[37.8015,44.7337],[38.2018,44.4171],[37.8015,44.7337],[37.4821,44.6943],[37.8015,44.7337],[37.4821,44.6943],[37.2521,44.9818],[37.2521,44.9818],[36.5974,45.1951],[37.2521,44.9818],[37.4821,44.6943],[38.7918,44.281],[36.5974,45.1951],[36.991,45.2874],[36.991,45.2874],[36.7993,45.3029],[36.7993,45.3029],[36.7643,45.4146],[36.7993,45.3029],[36.7643,45.4146],[36.6226,45.3049],[36.7643,45.4146],[36.6226,45.3049],[36.7854,45.4424],[36.6226,45.3049],[36.991,45.2874],[36.7854,45.4424],[37.3821,45.3187],[37.3821,45.3187],[37.546,45.3896],[37.3821,45.3187],[36.7854,45.4424],[37.546,45.3896],[37.6151,45.6643],[37.6151,45.6643],[37.8338,45.756],[37.8338,45.756],[37.9726,46.034],[37.8338,45.756],[37.9726,46.034],[38.1135,46.0554],[38.1135,46.0554],[38.1074,45.9504],[38.1135,46.0554],[37.9726,46.034],[38.1074,45.9504],[38.2749,46.2607],[38.1074,45.9504],[37.6151,45.6643],[37.546,45.3896],[38.2749,46.2607],[38.2565,46.154],[38.2565,46.154],[38.581,46.0385],[38.2565,46.154],[38.2749,46.2607],[38.581,46.0385],[38.1504,46.3713],[38.1504,46.3713],[37.9162,46.4074],[38.1504,46.3713],[37.9162,46.4074],[37.7274,46.6874],[37.9162,46.4074],[37.7274,46.6874],[38.2926,46.7415],[38.2926,46.7415],[38.5068,46.6424],[38.2926,46.7415],[38.5068,46.6424],[38.5807,46.7238],[38.5807,46.7238],[38.3937,46.7326],[38.5807,46.7238],[38.3937,46.7326],[38.4996,46.8799],[38.3937,46.7326],[38.5068,46.6424],[37.7274,46.6874],[38.581,46.0385],[36.5974,45.1951],[40.0085,43.3849],[38.5013,46.8799]],[[39.6179,45.1819],[39.1855,45.0073],[39.1855,45.0073],[38.5701,45.0325],[39.1855,45.0073],[38.5701,45.0325],[39.4196,44.8231],[39.4196,44.8231],[39.5811,44.8597],[39.5811,44.8597],[39.6698,45.0563],[39.5811,44.8597],[39.6698,45.0563],[39.9295,44.9925],[39.6698,45.0563],[39.4196,44.8231],[39.9295,44.9925],[40.0487,44.7732],[40.0487,44.7732],[39.8408,44.5841],[39.8408,44.5841],[39.8607,44.3721],[39.8408,44.5841],[40.0487,44.7732],[39.8607,44.3721],[40.0903,44.2741],[40.0903,44.2741],[40.0954,44.1492],[40.0903,44.2741],[39.8607,44.3721],[40.0954,44.1492],[39.9465,44.0899],[39.9465,44.0899],[39.7363,44.2137],[39.9465,44.0899],[39.7363,44.2137],[39.6827,43.9637],[39.7363,44.2137],[40.0954,44.1492],[39.9295,44.9925],[38.5701,45.0325],[39.6827,43.9637],[40.354,43.8088],[40.354,43.8088],[40.482,44.0033],[40.482,44.0033],[40.5004,44.3591],[40.5004,44.3591],[40.3565,44.5881],[40.5004,44.3591],[40.3565,44.5881],[40.4304,44.7417],[40.3565,44.5881],[40.482,44.0033],[40.4304,44.7417],[40.8153,44.4747],[40.4304,44.7417],[40.354,43.8088],[40.8153,44.4747],[40.333,45.0782],[40.333,45.0782],[39.6479,45.1642],[40.333,45.0782],[40.8153,44.4747],[39.6827,43.9637],[39.6179,45.1819]]]]}},{"type":"Feature","properties":{"name":"Республика Адыгея (Адыгея)"},"geometry":{"type":"Polygon","coordinates":[[[39.6479,45.1642],[40.333,45.0782],[40.333,45.0782],[40.8153,44.4747],[40.333,45.0782],[40.8153,44.4747],[40.4304,44.7417],[40.4304,44.7417],[40.3565,44.5881],[40.3565,44.5881],[40.5004,44.3591],[40.5004,44.3591],[40.482,44.0033],[40.5004,44.3591],[40.3565,44.5881],[40.482,44.0033],[40.354,43.8088],[40.482,44.0033],[40.4304,44.7417],[40.354,43.8088],[39.6827,43.9637],[40.354,43.8088],[40.8153,44.4747],[39.6827,43.9637],[39.7363,44.2137],[39.7363,44.2137],[39.9465,44.0899],[39.9465,44.0899],[40.0954,44.1492],[39.9465,44.0899],[39.7363,44.2137],[40.0954,44.1492],[40.0903,44.2741],[40.0903,44.2741],[39.8607,44.3721],[40.0903,44.2741],[39.8607,44.3721],[39.8408,44.5841],[39.8408,44.5841],[40.0487,44.7732],[39.8408,44.5841],[40.0487,44.7732],[39.9295,44.9925],[40.0487,44.7732],[39.8607,44.3721],[40.0954,44.1492],[39.9295,44.9925],[39.6698,45.0563],[39.6698,45.0563],[39.5811,44.8597],[39.5811,44.8597],[39.4196,44.8231],[39.5811,44.8597],[39.6698,45.0563],[39.4196,44.8231],[38.5701,45.0325],[39.4196,44.8231],[39.9295,44.9925],[38.5701,45.0325],[39.1855,45.0073],[39.1855,45.0073],[39.6179,45.1819],[39.1855,45.0073],[38.5701,45.0325],[39.6827,43.9637],[39.6479,45.1642]]]}},{"type":"Feature","properties":{"name":"Алтайский край"},"geometry":{"type":"Polygon","coordinates":[[[85.3612,54.226],[86.1098,53.9607],[86.1098,53.9607],[86.5142,53.4993],[86.1098,53.9607],[86.5142,53.4993],[86.9041,53.4696],[86.5142,53.4993],[86.9041,53.4696],[86.6279,53.2249],[86.6279,53.2249],[87.008,53.0068],[87.008,53.0068],[86.9449,52.7834],[86.9449,52.7834],[87.1155,52.5973],[86.9449,52.7834],[87.008,53.0068],[86.6279,53.2249],[87.1155,52.5973],[86.6446,52.5144],[86.6446,52.5144],[86.7194,52.1297],[86.6446,52.5144],[87.1155,52.5973],[86.9041,53.4696],[86.7194,52.1297],[85.8055,52.0477],[85.8055,52.0477],[85.8509,51.8879],[85.8509,51.8879],[85.4848,51.5743],[85.8509,51.8879],[85.4848,51.5743],[84.1939,51.2694],[85.4848,51.5743],[85.8055,52.0477],[84.1939,51.2694],[83.9918,51.0535],[83.9918,51.0535],[84.4991,50.9668],[84.4991,50.9668],[84.6041,50.8369],[84.6041,50.8369],[84.4374,50.7059],[84.6041,50.8369],[84.4991,50.9668],[83.9918,51.0535],[84.1939,51.2694],[84.4374,50.7059],[84.0506,50.6478],[84.0506,50.6478],[83.7921,50.8933],[83.7921,50.8933],[83.0929,51.0375],[83.7921,50.8933],[84.0506,50.6478],[83.0929,51.0375],[82.5297,50.7659],[82.5297,50.7659],[81.4518,50.7615],[82.5297,50.7659],[83.0929,51.0375],[81.4518,50.7615],[81.391,50.9963],[81.391,50.9963],[81.0615,50.9594],[81.391,50.9963],[81.0615,50.9594],[81.1244,51.2208],[81.0615,50.9594],[81.1244,51.2208],[80.6824,51.3082],[81.1244,51.2208],[81.4518,50.7615],[80.6824,51.3082],[80.4409,51.2058],[80.4409,51.2058],[80.4688,50.9745],[80.4409,51.2058],[80.4688,50.9745],[80.0688,50.8491],[80.0688,50.8491],[80.0787,50.7571],[80.0688,50.8491],[80.4688,50.9745],[80.6824,51.3082],[84.4374,50.7059],[86.7194,52.1297],[80.0787,50.7571],[79.1509,51.9614],[79.1509,51.9614],[77.8717,53.3065],[79.1509,51.9614],[77.8717,53.3065],[78.063,53.4501],[78.063,53.4501],[77.9558,53.5579],[78.063,53.4501],[77.8717,53.3065],[77.9558,53.5579],[78.1726,53.6106],[78.1726,53.6106],[78.2906,53.4828],[78.1726,53.6106],[78.2906,53.4828],[78.6933,53.6559],[78.6933,53.6559],[79.4619,53.7079],[78.6933,53.6559],[78.2906,53.4828],[79.4619,53.7079],[80.1002,54.0579],[80.1002,54.0579],[80.8191,54.2502],[80.1002,54.0579],[80.8191,54.2502],[80.8569,54.3652],[80.8191,54.2502],[79.4619,53.7079],[80.8569,54.3652],[81.1111,54.1158],[81.1111,54.1158],[81.8285,53.9211],[81.1111,54.1158],[81.8285,53.9211],[81.7163,53.8285],[81.7163,53.8285],[81.8166,53.7067],[81.7163,53.8285],[81.8285,53.9211],[81.8166,53.7067],[82.4529,53.5141],[81.8166,53.7067],[82.4529,53.5141],[82.7526,53.8416],[82.7526,53.8416],[83.1566,54.0416],[82.7526,53.8416],[83.1566,54.0416],[83.4068,53.9422],[83.4068,53.9422],[83.4841,54.0877],[83.4841,54.0877],[84.419,54.1352],[84.419,54.1352],[85.1413,54.4181],[84.419,54.1352],[83.4841,54.0877],[83.4068,53.9422],[85.1413,54.4181],[85.1902,54.3966],[85.2337,54.3429],[85.2779,54.2912],[83.1566,54.0416],[82.4529,53.5141],[80.8569,54.3652],[77.9558,53.5579],[80.0787,50.7571],[85.3612,54.226]]]}},{"type":"Feature","properties":{"name":"Амурская область"},"geometry":{"type":"Polygon","coordinates":[[[120.6743,57.0561],[121.487,56.9943],[121.487,56.9943],[121.645,56.7713],[121.645,56.7713],[122.1776,56.7637],[122.1776,56.7637],[122.6767,56.5056],[122.1776,56.7637],[121.645,56.7713],[121.487,56.9943],[122.6767,56.5056],[122.9063,56.6049],[122.9063,56.6049],[123.2899,56.441],[123.2899,56.441],[123.8654,56.4234],[123.2899,56.441],[122.9063,56.6049],[122.6767,56.5056],[123.8654,56.4234],[124.5444,55.9212],[124.5444,55.9212],[125.3945,55.8778],[125.3945,55.8778],[126.165,55.6105],[125.3945,55.8778],[124.5444,55.9212],[123.8654,56.4234],[126.165,55.6105],[127.0743,55.7048],[127.0743,55.7048],[127.4168,55.5995],[127.0743,55.7048],[127.4168,55.5995],[127.7671,55.7201],[127.4168,55.5995],[127.7671,55.7201],[128.9864,55.5009],[127.7671,55.7201],[128.9864,55.5009],[129.0645,55.5251],[129.1428,55.5807],[129.1158,55.6332],[129.0677,55.6548],[129.0354,55.6793],[129.0354,55.6793],[129.4638,55.7613],[129.0354,55.6793],[129.4638,55.7613],[131.2673,55.668],[131.2673,55.668],[132.348,55.7536],[131.2673,55.668],[129.4638,55.7613],[128.9864,55.5009],[132.348,55.7536],[132.9274,55.4235],[132.348,55.7536],[126.165,55.6105],[132.9274,55.4235],[131.2408,54.6495],[131.2408,54.6495],[131.1201,54.3423],[131.1201,54.3423],[130.7393,54.2864],[130.7393,54.2864],[130.3781,53.9293],[130.7393,54.2864],[131.1201,54.3423],[131.2408,54.6495],[130.3781,53.9293],[131.3871,53.7767],[131.3871,53.7767],[131.5761,53.3572],[131.5761,53.3572],[131.4435,53.2219],[131.5761,53.3572],[131.4435,53.2219],[131.8624,53.2501],[131.8624,53.2501],[131.9659,53.1161],[131.8624,53.2501],[131.4435,53.2219],[131.3871,53.7767],[131.9659,53.1161],[132.8891,53.2267],[132.8891,53.2267],[133.5038,53.5355],[132.8891,53.2267],[133.5038,53.5355],[133.8999,53.4244],[133.8999,53.4244],[134.552,53.574],[133.8999,53.4244],[133.5038,53.5355],[131.9659,53.1161],[134.552,53.574],[134.901,53.394],[134.901,53.394],[134.7085,53.3381],[134.7085,53.3381],[134.8507,53.2272],[134.8507,53.2272],[134.5866,52.8814],[134.5866,52.8814],[134.6923,52.6311],[134.5866,52.8814],[134.8507,53.2272],[134.7085,53.3381],[134.901,53.394],[134.552,53.574],[130.3781,53.9293],[134.6923,52.6311],[134.5115,52.4134],[134.5115,52.4134],[133.276,52.6662],[134.5115,52.4134],[133.276,52.6662],[133.2217,52.4529],[133.2217,52.4529],[133.2415,52.3998],[133.3416,52.3519],[133.3932,52.2912],[133.3932,52.2912],[133.3757,52.236],[133.2861,52.1822],[133.2861,52.1822],[132.8508,52.1674],[132.8508,52.1674],[132.3188,51.7941],[132.3188,51.7941],[131.4505,51.6499],[132.3188,51.7941],[132.8508,52.1674],[133.2861,52.1822],[133.276,52.6662],[131.4505,51.6499],[131.5198,51.3923],[131.5198,51.3923],[131.112,51.2277],[131.112,51.2277],[130.8024,50.9485],[130.8024,50.9485],[130.821,50.9186],[130.8577,50.8851],[130.862,50.8556],[130.7092,50.6885],[130.862,50.8556],[130.8024,50.9485],[131.112,51.2277],[131.5198,51.3923],[130.7092,50.6885],[130.9911,50.6408],[130.9911,50.6408],[130.9238,50.4177],[130.9911,50.6408],[130.9238,50.4177],[131.2825,50.393],[131.2825,50.393],[131.4798,50.2108],[131.2825,50.393],[130.9238,50.4177],[131.4798,50.2108],[131.4999,50.1701],[131.459,50.1198],[131.4088,50.0854],[131.5311,49.7996],[131.4088,50.0854],[131.5311,49.7996],[131.4028,49.6847],[131.5311,49.7996],[131.4028,49.6847],[131.5097,49.3902],[131.4028,49.6847],[131.4798,50.2108],[130.7092,50.6885],[131.5097,49.3902],[131.4895,49.3484],[131.4756,49.2995],[131.45,49.2665],[131.0971,49.1972],[131.45,49.2665],[131.0971,49.1972],[130.9593,48.9942],[131.0971,49.1972],[130.9593,48.9942],[130.5305,48.8524],[130.9593,48.9942],[131.5097,49.3902],[131.4505,51.6499],[134.6923,52.6311],[132.9274,55.4235],[130.5305,48.8524],[130.2226,48.867],[130.2226,48.867],[129.4714,49.4316],[130.2226,48.867],[129.4714,49.4316],[129.085,49.3528],[129.085,49.3528],[128.7499,49.478],[128.7499,49.478],[128.776,49.5858],[128.7499,49.478],[128.776,49.5858],[128.2506,49.4996],[128.2506,49.4996],[127.6959,49.6633],[128.2506,49.4996],[128.776,49.5858],[129.085,49.3528],[129.4714,49.4316],[127.6959,49.6633],[127.5151,49.8346],[127.5151,49.8346],[127.5942,50.2255],[127.5151,49.8346],[127.5942,50.2255],[127.3333,50.3279],[127.3333,50.3279],[127.2946,50.7471],[127.2946,50.7471],[126.9229,51.058],[126.9229,51.058],[126.9743,51.3199],[126.9743,51.3199],[126.8254,51.2723],[126.8254,51.2723],[126.9158,51.3858],[126.9158,51.3858],[126.4619,51.9427],[126.9158,51.3858],[126.8254,51.2723],[126.9743,51.3199],[126.9229,51.058],[127.2946,50.7471],[127.3333,50.3279],[127.5942,50.2255],[126.4619,51.9427],[126.5565,52.1209],[126.4619,51.9427],[126.5565,52.1209],[126.2983,52.2068],[126.2983,52.2068],[126.4396,52.2847],[126.4396,52.2847],[125.9741,52.6079],[126.4396,52.2847],[126.2983,52.2068],[125.9741,52.6079],[126.1128,52.7638],[125.9741,52.6079],[126.1128,52.7638],[125.6722,52.8568],[125.6722,52.8568],[125.7387,52.9794],[125.7387,52.9794],[125.6127,53.0694],[125.7387,52.9794],[125.6722,52.8568],[126.1128,52.7638],[126.5565,52.1209],[127.6959,49.6633],[125.6127,53.0694],[125.123,53.1974],[125.123,53.1974],[124.8751,53.0943],[125.123,53.1974],[124.8751,53.0943],[123.5856,53.5472],[124.8751,53.0943],[123.5856,53.5472],[122.0517,53.4211],[123.5856,53.5472],[125.6127,53.0694],[122.0517,53.4211],[121.9448,53.8199],[121.9448,53.8199],[121.6259,54.0439],[121.9448,53.8199],[121.6259,54.0439],[121.7012,54.4187],[121.7012,54.4187],[122.093,54.4896],[121.7012,54.4187],[122.093,54.4896],[121.8643,54.7916],[121.8643,54.7916],[121.672,54.7838],[121.8643,54.7916],[121.672,54.7838],[122.0421,55.1953],[122.0421,55.1953],[121.9144,55.2123],[121.9654,55.4683],[121.9144,55.2123],[122.0421,55.1953],[121.672,54.7838],[122.093,54.4896],[121.6259,54.0439],[121.9654,55.4683],[121.9061,55.5419],[121.8273,55.5923],[121.7504,55.6125],[121.3717,55.5083],[121.7504,55.6125],[121.3717,55.5083],[121.2047,56.0192],[121.3717,55.5083],[121.2047,56.0192],[120.1085,55.8906],[121.2047,56.0192],[120.1085,55.8906],[120.058,56.1564],[120.058,56.1564],[120.49,56.276],[120.058,56.1564],[120.49,56.276],[119.6344,56.7536],[120.49,56.276],[120.1085,55.8906],[121.9654,55.4683],[119.6344,56.7536],[119.7815,56.9058],[119.7815,56.9058],[120.5308,57.0324],[119.7815,56.9058],[119.6344,56.7536],[122.0517,53.4211],[130.5305,48.8524],[120.6743,57.0561]]]}},{"type":"Feature","properties":{"name":"Архангельская область"},"geometry":{"type":"MultiPolygon","coordinates":[[],[],[],[],[],[],[],[],[[[40.3223,64.6325],[40.4535,64.6087],[40.4535,64.6087],[40.4053,64.5323],[40.4535,64.6087],[40.4053,64.5323],[40.288,64.6394],[40.4053,64.5323],[40.3223,64.6325]]],[],[],[],[],[[[39.9195,64.7163],[40.1711,64.5932],[40.1711,64.5932],[39.9112,64.7144],[40.1711,64.5932],[39.9195,64.7163]]],[],[],[],[[[40.0389,64.7387],[39.9022,64.7242],[39.9022,64.7242],[40.0344,64.7419],[39.9022,64.7242],[40.0389,64.7387]]],[[[40.3194,64.7689],[40.4004,64.6297],[40.4004,64.6297],[40.1122,64.7428],[40.1122,64.7428],[40.3053,64.7655],[40.1122,64.7428],[40.4004,64.6297],[40.3194,64.7689]]],[],[],[],[],[],[],[],[],[[[35.8232,65.1268],[35.7511,65.039],[35.7511,65.039],[35.8631,64.982],[35.7511,65.039],[35.8631,64.982],[35.736,64.9533],[35.8631,64.982],[35.736,64.9533],[35.5237,65.1428],[35.736,64.9533],[35.5237,65.1428],[35.8312,65.132],[35.5237,65.1428],[35.8232,65.1268]]],[[[35.9602,65.1703],[36.264,65.1596],[36.264,65.1596],[35.9606,65.171],[36.264,65.1596],[35.9602,65.1703]]],[[[39.573,64.5436],[39.843,64.584],[39.843,64.584],[39.8133,64.6681],[39.843,64.584],[39.8133,64.6681],[40.5318,64.5228],[39.8133,64.6681],[40.5318,64.5228],[40.664,64.6675],[40.5318,64.5228],[40.664,64.6675],[40.5028,64.5614],[40.5028,64.5614],[40.428,64.7442],[40.428,64.7442],[40.6027,64.7019],[40.428,64.7442],[40.6027,64.7019],[40.3942,64.9244],[40.6027,64.7019],[40.3942,64.9244],[39.7227,65.3389],[40.3942,64.9244],[40.5028,64.5614],[39.7227,65.3389],[39.7957,65.5913],[39.7227,65.3389],[40.664,64.6675],[39.7957,65.5913],[40.7385,65.9829],[40.7385,65.9829],[41.4977,66.1112],[40.7385,65.9829],[41.4977,66.1112],[42.2152,66.5116],[41.4977,66.1112],[39.7957,65.5913],[42.2152,66.5116],[42.6192,66.4306],[42.6192,66.4306],[42.5231,66.3793],[42.6192,66.4306],[42.5231,66.3793],[43.2719,66.4053],[42.5231,66.3793],[43.2719,66.4053],[43.6803,66.2374],[43.6803,66.2374],[43.3472,66.0385],[43.6803,66.2374],[43.3472,66.0385],[43.8474,66.185],[43.8474,66.185],[44.078,66.0632],[44.078,66.0632],[44.1321,65.8855],[44.078,66.0632],[43.8474,66.185],[43.3472,66.0385],[43.2719,66.4053],[44.1321,65.8855],[44.0629,66.2295],[44.0629,66.2295],[44.2181,66.4007],[44.0629,66.2295],[44.2181,66.4007],[45.607,66.0891],[45.607,66.0891],[46.4111,66.0748],[45.607,66.0891],[46.4111,66.0748],[47.1371,65.8354],[46.4111,66.0748],[47.1371,65.8354],[47.75,65.8387],[47.75,65.8387],[47.8012,65.8584],[47.7663,65.8839],[47.6782,65.9425],[48.1078,66.1346],[47.6782,65.9425],[47.75,65.8387],[48.1078,66.1346],[48.9307,66.1087],[48.1078,66.1346],[47.1371,65.8354],[44.2181,66.4007],[44.1321,65.8855],[42.2152,66.5116],[48.9307,66.1087],[49.0538,65.2736],[49.0538,65.2736],[49.203,65.296],[49.3689,65.3052],[49.6153,65.32],[49.9882,64.9589],[49.9882,64.9589],[50.4309,64.8544],[49.9882,64.9589],[49.6153,65.32],[50.4309,64.8544],[50.2645,64.5242],[49.0538,65.2736],[50.2645,64.5242],[49.5606,64.6098],[49.5606,64.6098],[49.4004,64.4756],[48.434,64.3603],[49.4004,64.4756],[48.434,64.3603],[48.4453,64.2911],[48.3997,64.2433],[49.5606,64.6098],[48.3997,64.2433],[47.805,64.3981],[47.805,64.3981],[45.4244,64.228],[47.805,64.3981],[48.3997,64.2433],[50.2645,64.5242],[45.4244,64.228],[45.6932,64.0245],[45.6932,64.0245],[46.9716,63.6963],[45.6932,64.0245],[46.9716,63.6963],[47.0234,63.6467],[47.0193,63.5863],[47.0065,63.5557],[46.9541,63.5382],[46.8838,63.4978],[46.854,63.4648],[46.854,63.4648],[47.0189,63.2941],[46.854,63.4648],[47.0189,63.2941],[47.5448,63.1243],[47.0189,63.2941],[46.9716,63.6963],[47.5448,63.1243],[47.0313,62.8861],[47.0313,62.8861],[47.2014,62.6585],[47.2027,62.5583],[47.1662,62.3456],[47.3486,62.3463],[47.3757,62.2176],[47.0313,62.8861],[47.5448,63.1243],[47.3757,62.2176],[47.5959,62.215],[47.6464,62.3325],[48.2767,62.3281],[47.6464,62.3325],[48.2767,62.3281],[48.2784,62.423],[48.1938,62.4809],[48.3352,62.7248],[48.6159,62.7298],[48.7266,62.8353],[48.2767,62.3281],[48.7266,62.8353],[49.586,62.769],[47.3757,62.2176],[49.586,62.769],[49.3038,62.1452],[49.2368,62.1366],[49.0477,61.6744],[49.2712,61.6435],[49.513,61.6095],[49.4241,61.4672],[49.3939,61.4184],[49.2463,61.1783],[49.0477,61.6744],[49.2463,61.1783],[48.5155,61.0629],[48.5155,61.0629],[48.3323,60.8559],[48.5155,61.0629],[49.2463,61.1783],[49.586,62.769],[45.4244,64.228],[48.9307,66.1087],[48.3323,60.8559],[47.4824,61.0743],[47.4824,61.0743],[47.187,61.0593],[47.187,61.0593],[47.0713,60.8604],[47.0713,60.8604],[47.0266,60.8544],[46.9982,60.8515],[46.8769,60.8548],[47.187,61.0593],[47.4824,61.0743],[46.8769,60.8548],[46.4947,61.0284],[46.4947,61.0284],[46.0068,60.9626],[46.0068,60.9626],[45.8746,60.9908],[45.7792,61.0164],[45.7368,61.0368],[45.8052,61.1678],[45.7368,61.0368],[45.8052,61.1678],[45.2834,61.2024],[45.8052,61.1678],[46.0068,60.9626],[46.4947,61.0284],[46.8769,60.8548],[45.2834,61.2024],[45.2044,60.9091],[45.2044,60.9091],[44.01,61.0496],[44.01,61.0496],[43.0056,60.7362],[44.01,61.0496],[45.2044,60.9091],[43.0056,60.7362],[42.7139,60.8824],[42.7139,60.8824],[42.3942,60.7691],[42.3942,60.7691],[41.8242,60.9276],[42.3942,60.7691],[42.7139,60.8824],[41.8242,60.9276],[41.3867,60.8501],[41.3867,60.8501],[41.386,60.8165],[41.4327,60.7817],[41.1854,60.6756],[41.4327,60.7817],[41.3867,60.8501],[41.1854,60.6756],[40.4383,60.797],[40.4383,60.797],[39.9901,60.6886],[39.9901,60.6886],[38.679,60.742],[39.9901,60.6886],[40.4383,60.797],[41.1854,60.6756],[41.8242,60.9276],[43.0056,60.7362],[45.2834,61.2024],[38.679,60.742],[38.3943,60.8645],[38.3943,60.8645],[38.3809,60.996],[38.3943,60.8645],[38.3809,60.996],[38.1472,60.9755],[38.3809,60.996],[38.1472,60.9755],[38.2029,61.0893],[38.2029,61.0893],[37.7681,61.4329],[38.2029,61.0893],[38.1472,60.9755],[37.7681,61.4329],[37.9499,62.0136],[37.9499,62.0136],[37.7451,62.2333],[37.7451,62.2333],[37.4778,62.2944],[37.7451,62.2333],[37.4778,62.2944],[37.6018,62.6223],[37.4778,62.2944],[37.9499,62.0136],[37.7681,61.4329],[37.6018,62.6223],[36.6599,62.8238],[36.6599,62.8238],[36.3514,63.0254],[36.3514,63.0254],[36.4616,63.2497],[36.3514,63.0254],[36.4616,63.2497],[36.4025,63.2381],[36.3388,63.2237],[36.306,63.2393],[36.3447,63.2623],[36.3881,63.2881],[36.3724,63.3204],[35.9685,63.6297],[36.3724,63.3204],[36.306,63.2393],[36.4616,63.2497],[36.6599,62.8238],[37.6018,62.6223],[35.9685,63.6297],[36.4085,63.6183],[36.4085,63.6183],[36.5284,63.677],[36.6084,63.7357],[36.6634,63.7801],[36.6163,63.8406],[36.5847,63.9048],[36.6118,63.9425],[36.4085,63.6183],[36.6118,63.9425],[37.447,63.7852],[37.447,63.7852],[38.0781,64.0],[37.447,63.7852],[36.6118,63.9425],[38.0781,64.0],[37.8939,64.2022],[37.8939,64.2022],[38.0422,64.3265],[37.8939,64.2022],[38.0422,64.3265],[37.7887,64.3708],[37.7887,64.3708],[37.8442,64.4475],[37.7887,64.3708],[38.0422,64.3265],[37.8442,64.4475],[37.3308,64.3424],[37.3308,64.3424],[36.5365,64.7141],[37.3308,64.3424],[37.8442,64.4475],[36.5365,64.7141],[36.4321,64.9153],[36.4321,64.9153],[36.8093,64.9598],[36.8093,64.9598],[36.8311,65.1485],[36.8093,64.9598],[36.4321,64.9153],[36.5365,64.7141],[38.0781,64.0],[36.8311,65.1485],[38.3584,64.8451],[38.3584,64.8451],[38.3753,64.7653],[38.3753,64.7653],[38.0164,64.7575],[38.3753,64.7653],[38.0164,64.7575],[38.1213,64.6737],[38.1213,64.6737],[38.0163,64.5823],[38.1213,64.6737],[38.0164,64.7575],[38.3584,64.8451],[38.0163,64.5823],[38.4991,64.7358],[38.4991,64.7358],[38.4386,64.809],[38.4991,64.7358],[38.4386,64.809],[39.5639,64.5428],[38.4386,64.809],[38.0163,64.5823],[36.8311,65.1485],[35.9685,63.6297],[38.679,60.742],[48.3323,60.8559],[39.573,64.5436]]],[[[42.6371,66.6712],[42.4156,66.7742],[42.4156,66.7742],[42.6465,66.6763],[42.4156,66.7742],[42.6371,66.6712]]],[],[],[],[],[[[56.74,70.5377],[56.6197,70.5244],[56.6197,70.5244],[56.7386,70.5405],[56.6197,70.5244],[56.74,70.5377]]],[],[],[],[],[],[],[],[],[],[],[],[],[],[],[],[],[],[[[53.6392,71.1066],[53.4585,71.1305],[53.4585,71.1305],[53.6464,71.1121],[53.4585,71.1305],[53.6392,71.1066]]],[],[],[],[],[],[[[52.7658,71.3848],[53.2642,71.1894],[53.2642,71.1894],[53.0613,71.0323],[53.0613,71.0323],[53.1812,70.9499],[53.0613,71.0323],[53.1812,70.9499],[53.0533,70.9376],[53.1812,70.9499],[53.2642,71.1894],[53.0533,70.9376],[52.6352,71.2747],[52.6352,71.2747],[52.2394,71.2894],[52.6352,71.2747],[52.2394,71.2894],[52.7513,71.3864],[52.2394,71.2894],[53.0533,70.9376],[52.7658,71.3848]]],[],[],[],[],[],[],[],[],[],[],[],[],[],[],[],[],[],[],[],[],[],[],[],[],[[[55.2005,73.3746],[56.5654,73.1336],[56.5654,73.1336],[55.7942,73.055],[55.7942,73.055],[56.3153,72.9921],[55.7942,73.055],[56.3153,72.9921],[55.5185,72.9399],[56.3153,72.9921],[55.5185,72.9399],[56.2398,72.9469],[56.2398,72.9469],[56.0995,72.7826],[56.0995,72.7826],[55.4533,72.8068],[56.0995,72.7826],[55.4533,72.8068],[55.9062,72.6514],[55.9062,72.6514],[55.6342,72.6834],[55.6342,72.6834],[55.5884,72.5228],[55.6342,72.6834],[55.9062,72.6514],[55.4533,72.8068],[56.2398,72.9469],[55.5185,72.9399],[55.5884,72.5228],[55.0815,72.5821],[55.5884,72.5228],[55.0815,72.5821],[55.5501,72.4693],[55.5501,72.4693],[55.1218,72.4477],[55.1218,72.4477],[55.4505,72.4379],[55.4505,72.4379],[55.2925,72.2769],[55.2925,72.2769],[55.5736,72.1711],[55.2925,72.2769],[55.4505,72.4379],[55.5736,72.1711],[55.3244,72.0634],[55.3244,72.0634],[55.4411,72.0539],[55.4411,72.0539],[55.33,71.9814],[55.33,71.9814],[55.4147,71.932],[55.33,71.9814],[55.4411,72.0539],[55.3244,72.0634],[55.4147,71.932],[55.1428,71.9081],[55.4147,71.932],[55.5736,72.1711],[55.1218,72.4477],[55.5501,72.4693],[55.0815,72.5821],[56.5654,73.1336],[55.1428,71.9081],[55.5059,71.8863],[55.5059,71.8863],[55.6326,71.6248],[55.6326,71.6248],[56.1982,71.1861],[55.6326,71.6248],[55.5059,71.8863],[56.1982,71.1861],[57.5837,70.7106],[56.1982,71.1861],[55.1428,71.9081],[57.5837,70.7106],[57.4006,70.586],[57.4006,70.586],[56.7462,70.6759],[57.4006,70.586],[56.7462,70.6759],[57.2877,70.5451],[56.7462,70.6759],[57.2877,70.5451],[56.587,70.617],[56.587,70.617],[56.5086,70.7379],[56.587,70.617],[56.5086,70.7379],[56.1556,70.6843],[56.1556,70.6843],[56.623,70.566],[56.1556,70.6843],[56.623,70.566],[55.8112,70.6743],[55.8112,70.6743],[56.0071,70.5894],[56.0071,70.5894],[55.8716,70.5716],[56.0071,70.5894],[55.8112,70.6743],[56.623,70.566],[56.5086,70.7379],[55.8716,70.5716],[55.4111,70.7371],[55.8716,70.5716],[57.2877,70.5451],[55.4111,70.7371],[55.3302,70.7075],[55.3302,70.7075],[55.4811,70.6338],[55.3302,70.7075],[55.4811,70.6338],[55.2718,70.6813],[55.2718,70.6813],[55.3192,70.6011],[55.3192,70.6011],[55.1876,70.5451],[55.3192,70.6011],[55.2718,70.6813],[55.4811,70.6338],[55.4111,70.7371],[55.1876,70.5451],[54.5042,70.8072],[54.5042,70.8072],[54.4219,70.7283],[54.4219,70.7283],[54.7784,70.6365],[54.4219,70.7283],[54.7784,70.6365],[53.5423,70.7857],[54.7784,70.6365],[54.5042,70.8072],[55.1876,70.5451],[57.5837,70.7106],[53.5423,70.7857],[53.3366,70.8648],[53.3366,70.8648],[53.7383,70.8124],[53.7383,70.8124],[53.7685,70.9362],[53.7383,70.8124],[53.3366,70.8648],[53.7685,70.9362],[53.5099,71.0855],[53.7685,70.9362],[53.5099,71.0855],[53.9566,71.0133],[53.9566,71.0133],[53.808,71.1119],[53.808,71.1119],[54.1757,71.0685],[54.1757,71.0685],[54.0031,71.1399],[54.0031,71.1399],[54.1971,71.1768],[54.0031,71.1399],[54.1757,71.0685],[53.808,71.1119],[53.9566,71.0133],[53.5099,71.0855],[54.1971,71.1768],[53.5589,71.1919],[53.5589,71.1919],[53.2693,71.4443],[53.2693,71.4443],[53.4997,71.5462],[53.2693,71.4443],[53.5589,71.1919],[53.4997,71.5462],[53.1595,71.4081],[53.1595,71.4081],[53.0075,71.5051],[53.1595,71.4081],[53.0075,71.5051],[53.1085,71.4431],[53.1085,71.4431],[52.9037,71.3802],[53.1085,71.4431],[53.0075,71.5051],[53.4997,71.5462],[52.9037,71.3802],[52.6531,71.4881],[52.6531,71.4881],[52.5448,71.7139],[52.6531,71.4881],[52.9037,71.3802],[52.5448,71.7139],[52.5233,71.5629],[52.5233,71.5629],[52.3943,71.5474],[52.5233,71.5629],[52.3943,71.5474],[52.4514,71.4611],[52.3943,71.5474],[52.4514,71.4611],[52.2631,71.5985],[52.2631,71.5985],[52.1723,71.5229],[52.1723,71.5229],[52.2812,71.4638],[52.1723,71.5229],[52.2812,71.4638],[51.6473,71.527],[52.2812,71.4638],[52.2631,71.5985],[52.4514,71.4611],[52.5448,71.7139],[51.6473,71.527],[51.4277,71.7944],[51.4277,71.7944],[51.4998,71.9684],[51.4277,71.7944],[51.6473,71.527],[54.1971,71.1768],[51.4998,71.9684],[51.8307,72.1489],[51.8307,72.1489],[52.4533,72.0509],[51.8307,72.1489],[52.4533,72.0509],[52.4024,72.1456],[52.4024,72.1456],[52.5627,72.135],[52.4024,72.1456],[52.5627,72.135],[52.4484,72.2734],[52.5627,72.135],[52.4484,72.2734],[52.642,72.2396],[52.642,72.2396],[52.7237,72.3141],[52.7237,72.3141],[52.5732,72.3613],[52.7237,72.3141],[52.5732,72.3613],[52.7569,72.3224],[52.7569,72.3224],[52.6895,72.4119],[52.6895,72.4119],[52.8318,72.4313],[52.6895,72.4119],[52.7569,72.3224],[52.5732,72.3613],[52.642,72.2396],[52.4484,72.2734],[52.8318,72.4313],[52.7087,72.4703],[52.8318,72.4313],[52.7087,72.4703],[53.2834,72.5627],[52.7087,72.4703],[53.2834,72.5627],[52.7037,72.6193],[53.2834,72.5627],[52.4533,72.0509],[52.7037,72.6193],[53.6941,72.6429],[52.7037,72.6193],[53.6941,72.6429],[52.4001,72.7158],[52.4001,72.7158],[52.9275,72.9064],[52.9275,72.9064],[53.6216,72.8813],[52.9275,72.9064],[53.6216,72.8813],[53.063,72.9488],[53.063,72.9488],[53.374,73.0107],[53.374,73.0107],[53.1498,73.0946],[53.1498,73.0946],[53.3784,73.2188],[53.1498,73.0946],[53.374,73.0107],[53.063,72.9488],[53.6216,72.8813],[52.4001,72.7158],[53.6941,72.6429],[53.3784,73.2188],[55.1915,73.376],[53.3784,73.2188],[51.4998,71.9684],[53.5423,70.7857],[55.2005,73.3746]]],[[[54.088,73.4288],[53.974,73.4172],[53.974,73.4172],[54.0875,73.4293],[53.974,73.4172],[54.088,73.4288]]],[],[],[],[],[],[],[],[],[],[],[],[[[59.2553,74.4309],[59.3694,74.433],[59.3694,74.433],[59.2437,74.4461],[59.3694,74.433],[59.2553,74.4309]]],[],[],[],[],[],[],[],[],[],[],[],[],[],[[[60.4725,76.1521],[59.9098,76.1054],[59.9098,76.1054],[60.4857,76.1592],[59.9098,76.1054],[60.4725,76.1521]]],[],[],[],[],[[[60.7292,75.9874],[61.1835,76.1047],[61.1835,76.1047],[60.9351,76.1423],[60.9351,76.1423],[61.1566,76.2706],[60.9351,76.1423],[61.1835,76.1047],[61.1566,76.2706],[62.5259,76.1666],[62.5259,76.1666],[64.74,76.3433],[64.74,76.3433],[64.6379,76.3852],[64.6379,76.3852],[64.8,76.4652],[64.6379,76.3852],[64.8,76.4652],[65.4693,76.5638],[64.8,76.4652],[64.74,76.3433],[65.4693,76.5638],[66.0029,76.506],[65.4693,76.5638],[62.5259,76.1666],[61.1566,76.2706],[66.0029,76.506],[65.7959,76.655],[65.7959,76.655],[65.9649,76.7341],[65.7959,76.655],[65.9649,76.7341],[67.7148,77.0017],[65.9649,76.7341],[66.0029,76.506],[67.7148,77.0017],[68.4848,76.9562],[68.4848,76.9562],[69.0691,76.7075],[68.4848,76.9562],[69.0691,76.7075],[68.8528,76.6338],[68.8528,76.6338],[68.8402,76.6211],[68.8041,76.5705],[68.8008,76.5584],[68.9006,76.5386],[68.8008,76.5584],[68.8528,76.6338],[68.9006,76.5386],[68.2048,76.2981],[68.9006,76.5386],[68.2048,76.2981],[68.3129,76.2603],[68.2048,76.2981],[69.0691,76.7075],[67.7148,77.0017],[68.3129,76.2603],[63.7543,75.6224],[63.7543,75.6224],[63.6266,75.7128],[63.7543,75.6224],[63.6266,75.7128],[62.0109,75.4426],[62.0109,75.4426],[61.4435,75.212],[62.0109,75.4426],[63.6266,75.7128],[61.4435,75.212],[61.3307,75.3198],[61.4435,75.212],[61.3307,75.3198],[60.7607,75.0134],[60.7607,75.0134],[60.5427,75.0936],[60.5427,75.0936],[59.9921,74.9816],[60.5427,75.0936],[60.7607,75.0134],[59.9921,74.9816],[60.6599,74.9114],[60.6599,74.9114],[60.1682,74.8616],[60.1682,74.8616],[60.3089,74.7405],[60.1682,74.8616],[60.6599,74.9114],[59.9921,74.9816],[60.3089,74.7405],[59.4633,74.7928],[60.3089,74.7405],[59.4633,74.7928],[59.8352,74.6692],[59.8352,74.6692],[59.7704,74.5728],[59.8352,74.6692],[59.4633,74.7928],[59.7704,74.5728],[59.085,74.7287],[59.7704,74.5728],[59.085,74.7287],[59.2842,74.6183],[59.2842,74.6183],[59.1508,74.6147],[59.1508,74.6147],[59.1511,74.422],[59.1508,74.6147],[59.2842,74.6183],[59.085,74.7287],[61.3307,75.3198],[59.1511,74.422],[58.2672,74.5629],[59.1511,74.422],[58.2672,74.5629],[58.646,74.3983],[58.646,74.3983],[58.7218,74.252],[58.7218,74.252],[58.6278,74.2402],[58.7218,74.252],[58.6278,74.2402],[58.7291,74.2204],[58.6278,74.2402],[58.7291,74.2204],[58.2514,74.1884],[58.7291,74.2204],[58.2514,74.1884],[58.52,74.1035],[58.2514,74.1884],[58.646,74.3983],[58.52,74.1035],[58.1134,74.1428],[58.1134,74.1428],[58.2115,74.0738],[58.2115,74.0738],[58.0868,74.0402],[58.2115,74.0738],[58.0868,74.0402],[58.2803,73.9966],[58.0868,74.0402],[58.2803,73.9966],[58.1691,73.9744],[58.2803,73.9966],[58.1134,74.1428],[58.1691,73.9744],[57.4823,74.1876],[57.4823,74.1876],[57.5324,74.0781],[57.5324,74.0781],[57.1903,74.0758],[57.5324,74.0781],[57.4823,74.1876],[58.1691,73.9744],[58.52,74.1035],[57.1903,74.0758],[57.8279,73.9372],[57.8279,73.9372],[57.7465,73.8823],[57.7465,73.8823],[57.8955,73.7688],[57.7465,73.8823],[57.8279,73.9372],[57.1903,74.0758],[57.8955,73.7688],[56.5888,73.8816],[57.8955,73.7688],[56.5888,73.8816],[57.3182,73.8051],[57.3182,73.8051],[57.5994,73.5992],[57.3182,73.8051],[56.5888,73.8816],[57.5994,73.5992],[57.153,73.5531],[57.153,73.5531],[56.4067,73.7371],[57.153,73.5531],[57.5994,73.5992],[56.4067,73.7371],[57.2278,73.48],[57.2278,73.48],[56.8996,73.2893],[56.8996,73.2893],[56.7216,73.3427],[56.8996,73.2893],[56.7216,73.3427],[56.8093,73.3031],[56.8093,73.3031],[56.6821,73.2283],[56.8093,73.3031],[56.7216,73.3427],[57.2278,73.48],[56.4067,73.7371],[58.2672,74.5629],[56.6821,73.2283],[56.1261,73.2616],[56.1261,73.2616],[55.7612,73.5146],[56.1261,73.2616],[55.7612,73.5146],[55.9373,73.2972],[55.9373,73.2972],[54.8988,73.4399],[54.8988,73.4399],[54.1798,73.3122],[54.8988,73.4399],[55.9373,73.2972],[55.7612,73.5146],[54.1798,73.3122],[54.0359,73.3784],[54.0359,73.3784],[54.5541,73.4886],[54.0359,73.3784],[54.5541,73.4886],[54.2022,73.4858],[54.5541,73.4886],[54.2022,73.4858],[54.7259,73.6416],[54.2022,73.4858],[54.7259,73.6416],[55.3284,73.7083],[55.3284,73.7083],[55.6391,73.6392],[55.6391,73.6392],[55.6373,73.5474],[55.6391,73.6392],[55.3284,73.7083],[55.6373,73.5474],[55.678,73.6444],[55.678,73.6444],[55.9896,73.6307],[55.678,73.6444],[55.6373,73.5474],[54.7259,73.6416],[55.9896,73.6307],[55.1205,73.7001],[55.1205,73.7001],[55.4082,73.7793],[55.1205,73.7001],[55.4082,73.7793],[54.1866,73.5959],[55.4082,73.7793],[54.1866,73.5959],[53.6755,73.7904],[54.1866,73.5959],[55.9896,73.6307],[54.1798,73.3122],[53.6755,73.7904],[54.677,73.9592],[54.677,73.9592],[55.0448,73.9046],[54.677,73.9592],[55.0448,73.9046],[54.5902,73.9964],[54.5902,73.9964],[55.0293,74.1551],[54.5902,73.9964],[55.0448,73.9046],[55.0293,74.1551],[56.35,74.0074],[55.0293,74.1551],[56.35,74.0074],[55.8729,74.0788],[55.8729,74.0788],[56.0979,74.1497],[55.8729,74.0788],[56.0979,74.1497],[55.1087,74.2416],[56.0979,74.1497],[55.1087,74.2416],[55.8391,74.2647],[55.8391,74.2647],[55.3487,74.4109],[55.3487,74.4109],[56.2218,74.469],[55.3487,74.4109],[55.8391,74.2647],[56.2218,74.469],[55.5325,74.5502],[55.5325,74.5502],[55.8122,74.6859],[55.5325,74.5502],[56.2218,74.469],[55.8122,74.6859],[56.9651,74.6798],[55.8122,74.6859],[56.9651,74.6798],[55.881,74.7873],[55.881,74.7873],[56.7286,74.9374],[56.7286,74.9374],[55.9047,74.9628],[55.9047,74.9628],[55.9838,75.0538],[55.9838,75.0538],[55.7884,75.0703],[55.9838,75.0538],[55.7884,75.0703],[55.9214,75.1706],[55.7884,75.0703],[55.9047,74.9628],[56.7286,74.9374],[55.881,74.7873],[56.9651,74.6798],[55.1087,74.2416],[56.35,74.0074],[55.9214,75.1706],[56.3457,75.1704],[56.3457,75.1704],[56.4544,75.0436],[56.3457,75.1704],[56.4544,75.0436],[56.9492,75.2248],[56.9492,75.2248],[56.742,75.2958],[56.742,75.2958],[56.9819,75.3632],[56.742,75.2958],[56.9492,75.2248],[56.9819,75.3632],[57.8898,75.3141],[56.9819,75.3632],[57.8898,75.3141],[57.581,75.4851],[57.581,75.4851],[58.2532,75.5833],[58.2532,75.5833],[57.9509,75.6304],[57.9509,75.6304],[58.8715,75.8503],[57.9509,75.6304],[58.2532,75.5833],[57.581,75.4851],[57.8898,75.3141],[58.8715,75.8503],[60.3178,75.9724],[60.3178,75.9724],[60.0829,76.0455],[60.0829,76.0455],[60.5233,76.1223],[60.0829,76.0455],[60.3178,75.9724],[60.5233,76.1223],[60.8162,76.1113],[60.8162,76.1113],[60.4446,75.9996],[60.4446,75.9996],[60.711,75.9788],[60.4446,75.9996],[60.8162,76.1113],[60.5233,76.1223],[58.8715,75.8503],[56.4544,75.0436],[55.9214,75.1706],[53.6755,73.7904],[56.6821,73.2283],[68.3129,76.2603],[60.7292,75.9874]]],[],[],[[[58.7366,79.9588],[58.2965,79.9456],[58.2965,79.9456],[58.7283,79.9612],[58.2965,79.9456],[58.7366,79.9588]]],[],[],[[[59.9673,80.0],[59.3609,79.9118],[59.3609,79.9118],[58.8132,80.0128],[58.8132,80.0128],[59.9283,80.0053],[58.8132,80.0128],[59.3609,79.9118],[59.9673,80.0]]],[],[[[51.242,80.0522],[51.3895,79.9109],[51.3895,79.9109],[50.0872,79.942],[51.3895,79.9109],[50.0872,79.942],[51.206,80.0568],[50.0872,79.942],[51.242,80.0522]]],[],[[[59.2584,80.1286],[59.0451,80.1098],[59.0451,80.1098],[59.2431,80.1346],[59.0451,80.1098],[59.2584,80.1286]]],[],[[[50.3349,80.1299],[50.0475,80.044],[50.0475,80.044],[49.5863,80.1383],[50.0475,80.044],[49.5863,80.1383],[50.0787,80.2275],[50.0787,80.2275],[50.3083,80.1385],[50.0787,80.2275],[49.5863,80.1383],[50.3349,80.1299]]],[],[[[54.2574,80.3027],[54.4261,80.2265],[54.4261,80.2265],[54.1687,80.1687],[54.4261,80.2265],[54.1687,80.1687],[54.0969,80.2629],[54.0969,80.2629],[54.2151,80.3083],[54.0969,80.2629],[54.1687,80.1687],[54.2574,80.3027]]],[[[55.429,80.3154],[55.1133,80.2131],[55.1133,80.2131],[54.9689,80.2505],[54.9689,80.2505],[55.4153,80.3171],[54.9689,80.2505],[55.1133,80.2131],[55.429,80.3154]]],[],[],[],[[[57.0043,80.3503],[57.2026,80.3031],[57.2026,80.3031],[57.0573,80.0635],[57.2026,80.3031],[57.0573,80.0635],[55.8439,80.0869],[57.0573,80.0635],[55.8439,80.0869],[56.1531,80.1776],[56.1531,80.1776],[55.9478,80.3011],[56.1531,80.1776],[55.9478,80.3011],[56.9833,80.3536],[55.9478,80.3011],[55.8439,80.0869],[57.0043,80.3503]]],[],[[[60.294,80.3535],[60.0849,80.3381],[60.0849,80.3381],[60.2939,80.3536],[60.0849,80.3381],[60.294,80.3535]]],[[[53.3886,80.3789],[53.9475,80.2301],[53.9475,80.2301],[53.5253,80.1375],[53.9475,80.2301],[53.5253,80.1375],[52.2196,80.2443],[53.5253,80.1375],[52.2196,80.2443],[53.3855,80.3824],[52.2196,80.2443],[53.3886,80.3789]]],[],[[[55.9355,80.4119],[56.2745,80.3857],[56.2745,80.3857],[55.9199,80.4171],[56.2745,80.3857],[55.9355,80.4119]]],[[[55.3069,80.4299],[54.973,80.4029],[54.973,80.4029],[55.2967,80.4341],[54.973,80.4029],[55.3069,80.4299]]],[[[58.0792,80.4758],[59.3167,80.3209],[59.3167,80.3209],[58.1763,80.2637],[58.1763,80.2637],[58.4911,80.1981],[58.4911,80.1981],[57.9827,80.1546],[57.9827,80.1546],[58.0488,80.0851],[57.9827,80.1546],[58.4911,80.1981],[58.1763,80.2637],[59.3167,80.3209],[58.0488,80.0851],[57.3497,80.1531],[57.3497,80.1531],[57.294,80.3464],[57.294,80.3464],[57.0061,80.4464],[57.294,80.3464],[57.3497,80.1531],[57.0061,80.4464],[58.0469,80.4771],[57.0061,80.4464],[58.0488,80.0851],[58.0792,80.4758]]],[[[54.5295,80.3753],[54.633,80.4811],[54.633,80.4811],[54.849,80.4266],[54.849,80.4266],[54.587,80.3761],[54.849,80.4266],[54.633,80.4811],[54.5295,80.3753]]],[],[[[54.9392,80.5268],[55.1214,80.4822],[55.1214,80.4822],[54.9155,80.4441],[55.1214,80.4822],[54.9155,80.4441],[54.6171,80.5188],[54.6171,80.5188],[54.8977,80.5317],[54.6171,80.5188],[54.9155,80.4441],[54.9392,80.5268]]],[],[[[54.3691,80.4938],[53.8903,80.4479],[53.8903,80.4479],[53.91,80.5969],[53.91,80.5969],[54.3381,80.4981],[53.91,80.5969],[53.8903,80.4479],[54.3691,80.4938]]],[],[[[57.8987,80.6205],[58.0839,80.6127],[58.0839,80.6127],[57.9077,80.5323],[58.0839,80.6127],[57.9077,80.5323],[57.5932,80.5223],[57.9077,80.5323],[57.5932,80.5223],[57.2836,80.5886],[57.2836,80.5886],[57.8986,80.6205],[57.2836,80.5886],[57.5932,80.5223],[57.8987,80.6205]]],[],[[[53.403,80.6178],[53.5607,80.5073],[53.5607,80.5073],[53.2678,80.4988],[53.5607,80.5073],[53.2678,80.4988],[53.3258,80.5843],[53.3258,80.5843],[53.0654,80.6179],[53.3258,80.5843],[53.0654,80.6179],[53.3863,80.6235],[53.0654,80.6179],[53.2678,80.4988],[53.403,80.6178]]],[],[],[[[56.4927,80.7601],[57.0142,80.673],[57.0142,80.673],[56.4373,80.5924],[57.0142,80.673],[56.4373,80.5924],[55.4149,80.6844],[55.4149,80.6844],[56.4218,80.7588],[55.4149,80.6844],[56.4373,80.5924],[56.4927,80.7601]]],[[[47.6647,80.8355],[48.497,80.798],[48.497,80.798],[48.7185,80.6231],[48.497,80.798],[48.7185,80.6231],[47.6736,80.7682],[47.6736,80.7682],[47.2633,80.6867],[47.2633,80.6867],[47.4033,80.5855],[47.2633,80.6867],[47.4033,80.5855],[46.033,80.4515],[47.4033,80.5855],[47.6736,80.7682],[48.7185,80.6231],[46.033,80.4515],[46.0653,80.5527],[46.0653,80.5527],[44.8889,80.5977],[46.0653,80.5527],[44.8889,80.5977],[47.6611,80.8359],[44.8889,80.5977],[46.033,80.4515],[47.6647,80.8355]]],[[[62.1403,80.8271],[62.2126,80.7042],[62.2126,80.7042],[62.0741,80.5901],[62.2126,80.7042],[62.0741,80.5901],[61.1182,80.362],[62.0741,80.5901],[61.1182,80.362],[59.6654,80.3868],[59.6654,80.3868],[59.3381,80.485],[59.3381,80.485],[59.4697,80.5205],[59.4697,80.5205],[59.3575,80.6075],[59.4697,80.5205],[59.3575,80.6075],[59.6731,80.7405],[59.3575,80.6075],[59.6731,80.7405],[59.5997,80.7787],[59.6731,80.7405],[59.3381,80.485],[59.6654,80.3868],[61.1182,80.362],[59.5997,80.7787],[62.1415,80.8279],[59.5997,80.7787],[62.1403,80.8271]]],[],[[[55.3124,80.8396],[55.9665,80.766],[55.9665,80.766],[54.9639,80.7089],[55.9665,80.766],[54.9639,80.7089],[54.051,80.8001],[54.9639,80.7089],[54.051,80.8001],[55.2985,80.8544],[54.051,80.8001],[55.3124,80.8396]]],[[[58.8839,80.8691],[58.971,80.7616],[58.971,80.7616],[58.5077,80.7205],[58.971,80.7616],[58.5077,80.7205],[57.8515,80.7907],[57.8515,80.7907],[58.8838,80.8691],[57.8515,80.7907],[58.5077,80.7205],[58.8839,80.8691]]],[[[50.9762,80.8515],[50.2135,80.7488],[50.2135,80.7488],[51.2603,80.7983],[51.2603,80.7983],[51.7825,80.7023],[51.2603,80.7983],[50.2135,80.7488],[51.7825,80.7023],[49.6908,80.483],[49.6908,80.483],[49.8063,80.3872],[49.8063,80.3872],[49.6057,80.3497],[49.8063,80.3872],[49.6908,80.483],[49.6057,80.3497],[48.7793,80.3725],[49.6057,80.3497],[48.7793,80.3725],[48.5263,80.2803],[48.5263,80.2803],[48.9609,80.2661],[48.9609,80.2661],[48.8501,80.2123],[48.8501,80.2123],[49.1139,80.1696],[48.8501,80.2123],[49.1139,80.1696],[48.9283,80.142],[49.1139,80.1696],[48.9609,80.2661],[48.5263,80.2803],[48.7793,80.3725],[51.7825,80.7023],[48.9283,80.142],[48.5016,80.1907],[48.5016,80.1907],[48.3589,80.0752],[48.3589,80.0752],[47.7217,80.0495],[48.3589,80.0752],[48.5016,80.1907],[47.7217,80.0495],[48.1554,80.1939],[48.1554,80.1939],[47.831,80.1979],[47.831,80.1979],[47.9871,80.2409],[47.831,80.1979],[48.1554,80.1939],[47.9871,80.2409],[47.1154,80.1608],[47.1154,80.1608],[46.7379,80.3083],[47.1154,80.1608],[47.9871,80.2409],[47.7217,80.0495],[48.9283,80.142],[46.7379,80.3083],[48.0587,80.3009],[48.0587,80.3009],[47.6055,80.3942],[47.6055,80.3942],[48.2368,80.4442],[47.6055,80.3942],[48.2368,80.4442],[47.4175,80.4552],[48.2368,80.4442],[47.4175,80.4552],[49.2107,80.5203],[47.4175,80.4552],[48.0587,80.3009],[49.2107,80.5203],[49.4295,80.5984],[49.4295,80.5984],[49.2807,80.6319],[49.4295,80.5984],[49.2807,80.6319],[49.676,80.6888],[49.2807,80.6319],[49.676,80.6888],[49.0074,80.7768],[49.676,80.6888],[49.0074,80.7768],[49.8051,80.9075],[49.0074,80.7768],[49.2107,80.5203],[49.8051,80.9075],[50.8547,80.9495],[50.8547,80.9495],[50.9763,80.8516],[50.8547,80.9495],[49.8051,80.9075],[46.7379,80.3083],[50.9762,80.8515]]],[],[],[[[58.3294,81.074],[58.76,81.0042],[58.76,81.0042],[58.3774,80.9285],[58.76,81.0042],[58.3774,80.9285],[57.8618,81.0399],[57.8618,81.0399],[58.2356,81.0785],[57.8618,81.0399],[58.3774,80.9285],[58.3294,81.074]]],[],[],[[[54.9237,81.0773],[57.5859,80.8201],[57.5859,80.8201],[57.813,80.7561],[57.813,80.7561],[57.1075,80.6695],[57.813,80.7561],[57.1075,80.6695],[54.4922,80.9928],[54.4922,80.9928],[54.903,81.0806],[54.4922,80.9928],[57.1075,80.6695],[57.5859,80.8201],[54.9237,81.0773]]],[[[56.4481,81.0843],[58.3207,80.912],[58.3207,80.912],[57.8193,80.8145],[58.3207,80.912],[57.8193,80.8145],[56.448,81.0843],[57.8193,80.8145],[56.4481,81.0843]]],[[[61.1447,81.1129],[61.6433,81.0932],[61.6433,81.0932],[61.5806,81.0177],[61.6433,81.0932],[61.5806,81.0177],[60.7778,80.8887],[61.5806,81.0177],[60.7778,80.8887],[60.0012,80.9735],[60.0012,80.9735],[61.1446,81.1129],[60.0012,80.9735],[60.7778,80.8887],[61.1447,81.1129]]],[],[[[50.7481,81.1875],[51.0171,81.1223],[51.0171,81.1223],[50.4486,81.0238],[51.0171,81.1223],[50.4486,81.0238],[50.3677,81.1491],[50.3677,81.1491],[50.7341,81.1883],[50.3677,81.1491],[50.4486,81.0238],[50.7481,81.1875]]],[[[64.5755,81.1901],[65.3,81.0978],[65.3,81.0978],[65.4023,81.0139],[65.4023,81.0139],[65.1763,80.9771],[65.4023,81.0139],[65.1763,80.9771],[65.3258,80.8802],[65.1763,80.9771],[65.3,81.0978],[65.3258,80.8802],[63.1641,80.6378],[65.3258,80.8802],[63.1641,80.6378],[62.5236,80.7983],[62.5236,80.7983],[64.1104,80.9673],[64.1104,80.9673],[64.1895,81.1359],[64.1895,81.1359],[64.5342,81.1881],[64.1895,81.1359],[64.1104,80.9673],[62.5236,80.7983],[63.1641,80.6378],[64.5755,81.1901]]],[],[],[],[[[57.9128,81.2237],[58.0859,81.1839],[58.0859,81.1839],[57.5033,81.0971],[58.0859,81.1839],[57.5033,81.0971],[56.9313,81.1499],[56.9313,81.1499],[57.8821,81.2239],[56.9313,81.1499],[57.5033,81.0971],[57.9128,81.2237]]],[],[],[],[[[54.5153,81.2717],[54.2051,81.3434],[54.2051,81.3434],[54.5152,81.2718],[54.2051,81.3434],[54.5153,81.2717]]],[],[],[[[56.6541,81.4083],[57.9607,81.2947],[57.9607,81.2947],[56.4209,81.1556],[57.9607,81.2947],[56.4209,81.1556],[55.5987,81.1979],[55.5987,81.1979],[55.4875,81.313],[55.5987,81.1979],[55.4875,81.313],[56.6151,81.2533],[56.6151,81.2533],[56.3671,81.3962],[56.3671,81.3962],[56.654,81.4083],[56.3671,81.3962],[56.6151,81.2533],[55.4875,81.313],[56.4209,81.1556],[56.6541,81.4083]]],[[[59.0165,81.4225],[59.351,81.324],[59.351,81.324],[58.9026,81.2955],[59.351,81.324],[58.9026,81.2955],[58.5289,81.3454],[58.5289,81.3454],[58.947,81.4262],[58.5289,81.3454],[58.9026,81.2955],[59.0165,81.4225]]],[],[],[],[[[57.6672,81.5628],[58.5763,81.4327],[58.5763,81.4327],[58.1341,81.3719],[58.5763,81.4327],[58.1341,81.3719],[56.8398,81.4583],[56.8398,81.4583],[57.6289,81.563],[56.8398,81.4583],[58.1341,81.3719],[57.6672,81.5628]]],[[[62.1608,81.5188],[61.8701,81.5873],[61.8701,81.5873],[62.231,81.5262],[61.8701,81.5873],[62.1608,81.5188]]],[],[],[],[],[],[[[63.2713,81.7101],[63.835,81.6421],[63.835,81.6421],[63.4604,81.5691],[63.835,81.6421],[63.4604,81.5691],[62.2065,81.6672],[62.2065,81.6672],[63.1069,81.7049],[62.2065,81.6672],[63.4604,81.5691],[63.2713,81.7101]]],[[[59.0968,81.8573],[59.3756,81.8244],[59.3756,81.8244],[59.2372,81.7344],[59.3756,81.8244],[59.2372,81.7344],[58.1895,81.6863],[59.2372,81.7344],[58.1895,81.6863],[57.9125,81.8108],[57.9125,81.8108],[58.94,81.8548],[57.9125,81.8108],[58.1895,81.6863],[59.0968,81.8573]]]]}},{"type":"Feature","properties":{"name":"Астраханская область"},"geometry":{"type":"Polygon","coordinates":[[[46.5841,48.6155],[46.5193,48.4976],[46.5151,48.49],[46.4919,48.443],[46.9317,48.334],[46.9317,48.334],[47.2078,48.0784],[46.9317,48.334],[46.4919,48.443],[47.2078,48.0784],[47.0177,48.0],[47.0177,48.0],[47.1743,47.7607],[47.0177,48.0],[47.2078,48.0784],[47.1743,47.7607],[47.377,47.6762],[47.377,47.6762],[47.4082,47.815],[47.4082,47.815],[48.0523,47.7627],[47.4082,47.815],[47.377,47.6762],[48.0523,47.7627],[48.3807,47.4336],[48.3807,47.4336],[48.6078,47.4145],[48.3807,47.4336],[48.0523,47.7627],[47.1743,47.7607],[48.6078,47.4145],[49.0053,46.7672],[49.0053,46.7672],[48.8009,46.6841],[48.8009,46.6841],[48.5812,46.7739],[48.8009,46.6841],[48.5812,46.7739],[48.4807,46.6577],[48.5812,46.7739],[49.0053,46.7672],[48.4807,46.6577],[49.151,46.3697],[49.151,46.3697],[49.2027,46.2094],[49.151,46.3697],[48.4807,46.6577],[48.6078,47.4145],[49.2027,46.2094],[48.8595,45.9822],[48.8595,45.9822],[48.8557,45.8475],[48.8595,45.9822],[48.8557,45.8475],[48.6779,46.0805],[48.8557,45.8475],[48.6779,46.0805],[48.7953,45.7776],[48.6779,46.0805],[48.7953,45.7776],[48.5694,45.9255],[48.5694,45.9255],[48.2388,45.603],[48.2388,45.603],[47.8498,45.5592],[47.8498,45.5592],[47.6024,45.6948],[47.8498,45.5592],[48.2388,45.603],[48.5694,45.9255],[48.7953,45.7776],[47.6024,45.6948],[47.6379,45.4269],[47.6024,45.6948],[47.6379,45.4269],[47.5011,45.4981],[47.5011,45.4981],[47.5742,45.5899],[47.5011,45.4981],[47.5742,45.5899],[46.8941,45.5713],[47.5742,45.5899],[47.6379,45.4269],[46.8941,45.5713],[47.2641,46.0542],[47.2641,46.0542],[46.9523,46.052],[46.9523,46.052],[46.8611,46.2203],[46.8611,46.2203],[46.6057,46.2831],[46.8611,46.2203],[46.9523,46.052],[47.2641,46.0542],[46.6057,46.2831],[46.9873,46.4154],[46.9873,46.4154],[47.2628,46.7224],[46.9873,46.4154],[46.6057,46.2831],[47.2628,46.7224],[46.5332,47.405],[46.5332,47.405],[46.813,47.5862],[46.5332,47.405],[47.2628,46.7224],[46.813,47.5862],[46.2815,47.4508],[46.2815,47.4508],[45.7528,47.8369],[45.7528,47.8369],[45.7662,47.9999],[45.7528,47.8369],[45.7662,47.9999],[45.0234,48.304],[45.7662,47.9999],[46.2815,47.4508],[46.813,47.5862],[45.0234,48.304],[45.1867,48.478],[45.1867,48.478],[45.3901,48.4523],[45.1867,48.478],[45.3901,48.4523],[45.2648,48.5475],[45.3901,48.4523],[45.2648,48.5475],[45.5879,48.5693],[45.5879,48.5693],[46.0658,48.8538],[45.5879,48.5693],[45.2648,48.5475],[46.0658,48.8538],[46.6012,48.6467],[46.0658,48.8538],[45.0234,48.304],[46.8941,45.5713],[49.2027,46.2094],[46.5841,48.6155]]]}},{"type":"Feature","properties":{"name":"Республика Башкортостан"},"geometry":{"type":"Polygon","coordinates":[[[54.8635,56.4575],[55.3577,56.3876],[55.3577,56.3876],[55.8612,56.5],[55.3577,56.3876],[55.8612,56.5],[56.1056,56.2888],[56.1056,56.2888],[56.499,56.3838],[56.1056,56.2888],[56.499,56.3838],[56.8688,56.1142],[56.499,56.3838],[55.8612,56.5],[56.8688,56.1142],[57.4166,56.3422],[57.4166,56.3422],[57.5601,56.1361],[57.5601,56.1361],[58.5612,56.1851],[58.5612,56.1851],[58.9248,56.0806],[58.5612,56.1851],[58.9248,56.0806],[59.3205,56.1814],[58.9248,56.0806],[57.5601,56.1361],[57.4166,56.3422],[56.8688,56.1142],[59.3205,56.1814],[59.1342,55.8357],[59.1342,55.8357],[59.209,55.7991],[59.2642,55.7983],[59.3229,55.7685],[59.2942,55.7275],[59.3189,55.6937],[59.3221,55.6389],[59.3221,55.6389],[59.4164,55.657],[59.5103,55.6102],[59.6524,55.6071],[59.1342,55.8357],[59.3205,56.1814],[59.6524,55.6071],[59.0544,55.2998],[59.0544,55.2998],[58.7339,55.285],[59.0544,55.2998],[58.7339,55.285],[58.7395,55.2481],[58.6688,55.2059],[58.6365,55.1866],[58.6526,55.1667],[58.788,55.1497],[58.8468,55.0682],[58.8468,55.0682],[58.7233,54.9986],[58.61,54.9719],[58.7339,55.285],[58.61,54.9719],[58.2656,55.2068],[58.2656,55.2068],[57.9638,54.9609],[58.2656,55.2068],[57.9638,54.9609],[58.0531,55.2798],[58.0531,55.2798],[57.5501,55.3412],[58.0531,55.2798],[57.9638,54.9609],[57.5501,55.3412],[57.1348,55.1247],[57.5501,55.3412],[58.61,54.9719],[57.1348,55.1247],[57.1279,55.0867],[57.2391,55.0226],[57.2773,54.9856],[57.1784,54.8661],[57.2773,54.9856],[57.1784,54.8661],[57.9798,54.4243],[57.1784,54.8661],[57.9798,54.4243],[59.2522,54.6337],[59.2522,54.6337],[59.7006,54.9369],[59.2522,54.6337],[59.7006,54.9369],[59.9158,54.8906],[59.9158,54.8906],[59.9265,54.7603],[59.9158,54.8906],[59.7006,54.9369],[57.9798,54.4243],[59.9265,54.7603],[59.6837,54.5208],[59.6837,54.5208],[59.7267,54.1713],[59.6837,54.5208],[59.7267,54.1713],[59.306,54.1875],[59.306,54.1875],[58.95,53.9551],[59.306,54.1875],[59.7267,54.1713],[58.95,53.9551],[58.8179,53.2812],[58.8179,53.2812],[58.9711,53.0669],[58.8179,53.2812],[58.9711,53.0669],[58.772,52.6472],[58.9711,53.0669],[58.772,52.6472],[58.9281,52.3292],[58.772,52.6472],[58.9281,52.3292],[58.7223,52.2643],[58.7223,52.2643],[58.6609,51.8244],[58.7223,52.2643],[58.9281,52.3292],[58.95,53.9551],[58.6609,51.8244],[58.2855,51.7049],[58.2855,51.7049],[57.7179,51.8424],[58.2855,51.7049],[57.7179,51.8424],[57.2528,51.5611],[57.7179,51.8424],[57.2528,51.5611],[56.9446,51.741],[57.2528,51.5611],[56.9446,51.741],[56.8604,51.5707],[56.9446,51.741],[58.6609,51.8244],[59.9265,54.7603],[57.1348,55.1247],[59.6524,55.6071],[56.8604,51.5707],[56.6533,52.0839],[56.6533,52.0839],[56.2519,52.1842],[56.6533,52.0839],[56.2519,52.1842],[56.4562,52.3529],[56.4562,52.3529],[56.4109,52.5875],[56.4562,52.3529],[56.2519,52.1842],[56.4109,52.5875],[56.0766,52.6715],[56.0766,52.6715],[55.807,52.3756],[55.807,52.3756],[55.5268,52.4271],[55.807,52.3756],[56.0766,52.6715],[55.5268,52.4271],[55.4554,52.6077],[55.4554,52.6077],[55.2307,52.6787],[55.4554,52.6077],[55.2307,52.6787],[55.3982,52.7475],[55.3982,52.7475],[55.3594,52.7664],[55.3339,52.8694],[55.2307,52.6787],[55.3339,52.8694],[55.0861,52.8689],[55.0861,52.8689],[54.8974,53.2462],[55.0861,52.8689],[55.3339,52.8694],[54.8974,53.2462],[54.0504,53.4837],[54.0504,53.4837],[53.3921,54.0583],[54.0504,53.4837],[54.8974,53.2462],[55.5268,52.4271],[56.4109,52.5875],[53.3921,54.0583],[53.4266,54.4536],[53.4266,54.4536],[53.6838,54.8951],[53.4266,54.4536],[53.6838,54.8951],[53.1443,55.1078],[53.6838,54.8951],[53.1443,55.1078],[53.9035,55.3918],[53.9035,55.3918],[54.2052,55.7315],[54.2052,55.7315],[53.7979,55.9803],[54.2052,55.7315],[53.7979,55.9803],[54.388,56.3059],[54.388,56.3059],[54.5702,56.541],[54.388,56.3059],[54.5702,56.541],[54.7598,56.472],[54.5702,56.541],[53.7979,55.9803],[53.9035,55.3918],[53.1443,55.1078],[53.3921,54.0583],[56.8604,51.5707],[54.8635,56.4575]]]}},{"type":"Feature","properties":{"name":"Белгородская область"},"geometry":{"type":"Polygon","coordinates":[[[38.1083,51.3865],[38.5458,51.2486],[38.5458,51.2486],[38.4918,51.0588],[38.5458,51.2486],[38.4918,51.0588],[38.9349,51.0324],[38.4918,51.0588],[38.9349,51.0324],[38.9855,50.9116],[38.9855,50.9116],[38.8207,50.8235],[38.9855,50.9116],[38.8207,50.8235],[39.2817,50.5788],[38.8207,50.8235],[38.9349,51.0324],[39.2817,50.5788],[39.1377,50.427],[39.1377,50.427],[39.3743,49.994],[39.1377,50.427],[39.3743,49.994],[39.2281,49.8228],[39.3743,49.994],[39.2817,50.5788],[39.2281,49.8228],[38.9633,49.8033],[38.9633,49.8033],[38.3393,50.0859],[38.9633,49.8033],[38.3393,50.0859],[38.034,49.9228],[38.3393,50.0859],[38.034,49.9228],[37.4868,50.4363],[38.034,49.9228],[37.4868,50.4363],[36.6602,50.2287],[36.6602,50.2287],[36.0739,50.4637],[36.0739,50.4637],[35.6313,50.3607],[36.0739,50.4637],[36.6602,50.2287],[37.4868,50.4363],[39.2281,49.8228],[35.6313,50.3607],[35.4131,50.5897],[35.4131,50.5897],[35.4913,50.7714],[35.4913,50.7714],[35.3471,51.016],[35.4913,50.7714],[35.4131,50.5897],[35.3471,51.016],[35.8448,50.9766],[35.8448,50.9766],[36.0386,51.1902],[35.8448,50.9766],[36.0386,51.1902],[36.6101,51.086],[36.0386,51.1902],[36.6101,51.086],[37.4321,51.3784],[37.4321,51.3784],[38.071,51.4108],[37.4321,51.3784],[36.6101,51.086],[35.3471,51.016],[35.6313,50.3607],[38.1083,51.3865]]]}},{"type":"Feature","properties":{"name":"Брянская область"},"geometry":{"type":"Polygon","coordinates":[[[33.8362,53.972],[34.4061,53.7621],[34.4061,53.7621],[34.5313,53.4421],[34.5313,53.4421],[35.0178,53.3632],[35.0178,53.3632],[35.0905,53.1508],[35.0905,53.1508],[35.1622,53.1323],[35.1838,53.1113],[35.2641,53.0944],[35.0178,53.3632],[34.5313,53.4421],[34.4061,53.7621],[35.2641,53.0944],[34.7709,52.8888],[34.7709,52.8888],[35.0365,52.7874],[35.0365,52.7874],[35.0268,52.5589],[35.0268,52.5589],[34.8394,52.4674],[35.0268,52.5589],[34.8394,52.4674],[34.8348,52.4094],[34.8915,52.4179],[34.9554,52.3761],[35.0365,52.7874],[34.7709,52.8888],[35.2641,53.0944],[34.9554,52.3761],[34.644,52.2233],[34.644,52.2233],[34.6487,52.0991],[34.644,52.2233],[34.6487,52.0991],[34.323,52.0451],[34.6487,52.0991],[34.323,52.0451],[34.4139,51.938],[34.4139,51.938],[34.2722,51.8607],[34.4139,51.938],[34.323,52.0451],[34.2722,51.8607],[33.7966,52.36],[33.7966,52.36],[33.1958,52.375],[33.1958,52.375],[32.9088,52.2435],[33.1958,52.375],[32.9088,52.2435],[32.387,52.3459],[32.9088,52.2435],[32.387,52.3459],[32.3092,52.0978],[32.3092,52.0978],[31.9336,52.03],[32.3092,52.0978],[32.387,52.3459],[33.7966,52.36],[34.2722,51.8607],[34.9554,52.3761],[31.9336,52.03],[31.5946,52.3025],[31.5946,52.3025],[31.6655,52.553],[31.6655,52.553],[31.5153,52.6893],[31.6655,52.553],[31.5153,52.6893],[31.6023,52.7756],[31.5153,52.6893],[31.5946,52.3025],[31.6023,52.7756],[31.2505,53.0348],[31.6023,52.7756],[31.2505,53.0348],[31.6316,53.2318],[31.6316,53.2318],[31.9313,53.0866],[31.9313,53.0866],[32.3067,53.1261],[31.9313,53.0866],[31.6316,53.2318],[32.3067,53.1261],[32.9152,53.4229],[32.9152,53.4229],[32.9194,53.4947],[32.9678,53.5337],[32.9468,53.5724],[33.3566,53.8158],[32.9468,53.5724],[33.3566,53.8158],[33.2838,53.871],[33.3401,53.9174],[33.358,53.9685],[32.9152,53.4229],[33.358,53.9685],[33.7019,54.0204],[33.358,53.9685],[32.3067,53.1261],[31.2505,53.0348],[31.9336,52.03],[33.8362,53.972]]]}},{"type":"Feature","properties":{"name":"Республика Бурятия"},"geometry":{"type":"Polygon","coordinates":[[[116.1045,57.2372],[116.1551,57.2155],[116.242,57.1451],[115.596,56.869],[115.596,56.869],[115.6255,56.7263],[115.6255,56.7263],[115.462,56.6349],[115.6255,56.7263],[115.596,56.869],[116.242,57.1451],[115.462,56.6349],[115.7869,56.4598],[115.7869,56.4598],[115.7139,56.3505],[115.7139,56.3505],[115.8571,56.162],[115.8571,56.162],[115.9603,55.3721],[115.8571,56.162],[115.7139,56.3505],[115.7869,56.4598],[115.9603,55.3721],[116.0983,55.349],[116.1838,55.3286],[116.4126,55.3372],[116.825,55.0801],[116.4126,55.3372],[116.825,55.0801],[116.9503,54.8743],[116.9503,54.8743],[116.8122,54.6138],[116.9503,54.8743],[116.825,55.0801],[115.9603,55.3721],[115.462,56.6349],[116.8122,54.6138],[115.5676,54.3907],[115.5676,54.3907],[114.4967,53.815],[114.4967,53.815],[113.9834,53.7136],[114.4967,53.815],[115.5676,54.3907],[113.9834,53.7136],[113.8868,53.6388],[113.8445,53.6153],[113.846,53.411],[113.8445,53.6153],[113.846,53.411],[114.1763,53.2072],[114.1763,53.2072],[114.1957,53.1457],[114.1307,53.1066],[114.1307,53.1066],[114.1681,53.0811],[114.2624,53.0778],[114.325,53.0657],[114.325,53.0657],[114.3014,53.0436],[114.2921,52.9398],[113.846,53.411],[114.2921,52.9398],[114.0659,52.6775],[114.0659,52.6775],[113.5659,52.4759],[114.0659,52.6775],[114.2921,52.9398],[113.9834,53.7136],[113.5659,52.4759],[112.6018,52.3554],[112.6018,52.3554],[112.4075,52.2318],[112.6018,52.3554],[112.4075,52.2318],[112.057,52.2791],[112.4075,52.2318],[112.057,52.2791],[111.6214,51.9404],[111.6214,51.9404],[111.0418,51.7999],[111.0418,51.7999],[110.6572,51.4973],[111.0418,51.7999],[111.6214,51.9404],[112.057,52.2791],[110.6572,51.4973],[109.9657,51.5939],[109.9657,51.5939],[109.2466,51.3499],[109.9657,51.5939],[109.2466,51.3499],[108.5952,51.4835],[109.2466,51.3499],[110.6572,51.4973],[113.5659,52.4759],[108.5952,51.4835],[108.3722,51.1817],[108.3722,51.1817],[108.5492,51.0941],[108.3722,51.1817],[108.5492,51.0941],[108.2951,51.0081],[108.2951,51.0081],[108.2469,50.7489],[108.2469,50.7489],[108.0903,50.6588],[108.2469,50.7489],[108.2951,51.0081],[108.5492,51.0941],[108.0903,50.6588],[108.6555,50.4586],[108.0903,50.6588],[108.6555,50.4586],[107.9839,50.2657],[107.9839,50.2657],[107.693,49.9549],[107.9839,50.2657],[108.6555,50.4586],[108.5952,51.4835],[116.8122,54.6138],[107.693,49.9549],[107.1465,50.0197],[107.1465,50.0197],[106.7579,50.3215],[107.1465,50.0197],[106.7579,50.3215],[106.2792,50.2957],[106.2792,50.2957],[105.3877,50.4793],[106.2792,50.2957],[106.7579,50.3215],[105.3877,50.4793],[104.0611,50.1545],[104.0611,50.1545],[102.9157,50.3143],[104.0611,50.1545],[105.3877,50.4793],[102.9157,50.3143],[102.3017,50.5998],[102.3017,50.5998],[102.2131,51.3227],[102.2131,51.3227],[102.0833,51.3926],[102.2131,51.3227],[102.3017,50.5998],[102.0833,51.3926],[101.3773,51.4584],[101.3773,51.4584],[100.5156,51.7504],[101.3773,51.4584],[100.5156,51.7504],[99.9935,51.7533],[100.5156,51.7504],[99.9935,51.7533],[98.6479,52.2785],[99.9935,51.7533],[102.0833,51.3926],[98.6479,52.2785],[98.6475,52.4354],[98.6475,52.4354],[98.9557,52.7353],[98.6475,52.4354],[98.9557,52.7353],[98.8948,52.8992],[98.9557,52.7353],[98.6479,52.2785],[102.9157,50.3143],[98.8948,52.8992],[99.1967,52.8784],[99.1967,52.8784],[99.3676,53.125],[99.3676,53.125],[100.269,53.4104],[99.3676,53.125],[99.1967,52.8784],[100.269,53.4104],[100.4469,53.0621],[100.4469,53.0621],[101.3833,52.6361],[101.3833,52.6361],[101.6963,52.3715],[101.3833,52.6361],[100.4469,53.0621],[101.6963,52.3715],[102.0176,52.2338],[102.0176,52.2338],[102.5641,52.2281],[102.0176,52.2338],[101.6963,52.3715],[102.5641,52.2281],[102.8498,51.9375],[102.8498,51.9375],[103.1271,51.8575],[102.8498,51.9375],[103.1271,51.8575],[103.2445,51.4959],[103.1271,51.8575],[103.2445,51.4959],[103.8085,51.3763],[103.2445,51.4959],[103.8085,51.3763],[103.8078,51.1208],[103.8085,51.3763],[102.5641,52.2281],[103.8078,51.1208],[104.5486,51.285],[103.8078,51.1208],[100.269,53.4104],[104.5486,51.285],[104.6928,51.5442],[104.6928,51.5442],[105.3636,51.7775],[106.0636,52.2733],[106.5011,52.5941],[106.5011,52.5941],[107.5511,52.9733],[108.0907,53.2941],[108.0907,53.2941],[108.499,54.0233],[108.5267,54.5404],[108.5267,54.5404],[108.6735,54.6784],[108.5267,54.5404],[108.499,54.0233],[108.6735,54.6784],[108.6601,55.5845],[108.6735,54.6784],[108.6601,55.5845],[108.8778,55.9146],[108.8778,55.9146],[109.2082,55.9676],[108.8778,55.9146],[108.6601,55.5845],[109.2082,55.9676],[108.5532,56.3392],[108.5532,56.3392],[108.6896,56.5647],[108.5532,56.3392],[109.2082,55.9676],[108.0907,53.2941],[108.6896,56.5647],[109.6818,56.7006],[109.6818,56.7006],[109.9869,56.9692],[109.6818,56.7006],[109.9869,56.9692],[111.1192,56.8201],[109.9869,56.9692],[111.1192,56.8201],[111.5336,57.1264],[111.1192,56.8201],[111.5336,57.1264],[111.6011,57.1107],[111.6027,57.0838],[111.7995,56.9282],[112.4248,56.8549],[112.4248,56.8549],[112.5498,56.9397],[112.5972,56.9606],[112.6801,56.9556],[112.6801,56.9556],[112.6916,56.8158],[112.6916,56.8158],[112.7259,56.7817],[112.8009,56.7414],[112.8803,56.7144],[112.8803,56.7144],[113.9243,56.55],[112.8803,56.7144],[112.6801,56.9556],[111.7995,56.9282],[111.5336,57.1264],[113.9243,56.55],[114.1571,56.7015],[114.1571,56.7015],[114.8208,56.7432],[114.1571,56.7015],[114.8208,56.7432],[115.0759,57.1175],[114.8208,56.7432],[115.0759,57.1175],[116.0404,57.2242],[115.0759,57.1175],[113.9243,56.55],[108.6896,56.5647],[104.5486,51.285],[98.8948,52.8992],[107.693,49.9549],[116.1045,57.2372]]]}},{"type":"Feature","properties":{"name":"Чеченская Республика"},"geometry":{"type":"Polygon","coordinates":[[[46.5789,43.844],[46.3672,43.4171],[46.3672,43.4171],[46.5293,42.8949],[46.3672,43.4171],[46.5293,42.8949],[46.2486,42.8652],[46.2486,42.8652],[46.2061,42.8357],[46.1678,42.8121],[46.1453,42.8021],[46.2334,42.7128],[46.1453,42.8021],[46.2334,42.7128],[45.7905,42.4632],[46.2334,42.7128],[46.2486,42.8652],[45.7905,42.4632],[45.3316,42.5326],[45.7905,42.4632],[46.5293,42.8949],[45.3316,42.5326],[45.0889,42.6959],[45.0889,42.6959],[45.3108,43.3086],[45.0889,42.6959],[45.3108,43.3086],[44.9282,43.5359],[45.3108,43.3086],[44.9282,43.5359],[45.1433,43.7211],[45.1433,43.7211],[45.1424,43.8753],[45.1433,43.7211],[44.9282,43.5359],[45.1424,43.8753],[45.4474,43.8106],[45.4474,43.8106],[45.5694,43.9754],[45.4474,43.8106],[45.5694,43.9754],[46.0889,43.9],[46.0889,43.9],[46.084,43.7784],[46.0889,43.9],[45.5694,43.9754],[46.084,43.7784],[46.4244,43.995],[46.084,43.7784],[46.4244,43.995],[46.546,43.8552],[46.4244,43.995],[45.1424,43.8753],[45.3316,42.5326],[46.5789,43.844]]]}},{"type":"Feature","properties":{"name":"Челябинская область"},"geometry":{"type":"Polygon","coordinates":[[[61.2976,56.3814],[61.7093,56.3448],[61.7093,56.3448],[62.5412,55.773],[61.7093,56.3448],[62.5412,55.773],[62.5463,55.4912],[62.5463,55.4912],[62.1615,55.4536],[62.1615,55.4536],[62.2105,55.3473],[62.2105,55.3473],[62.0566,55.311],[62.2105,55.3473],[62.1615,55.4536],[62.5463,55.4912],[62.0566,55.311],[62.2526,55.1157],[62.2526,55.1157],[61.9611,55.0482],[61.9611,55.0482],[62.0436,54.7662],[61.9611,55.0482],[62.2526,55.1157],[62.0566,55.311],[62.5412,55.773],[62.0436,54.7662],[63.204,54.7185],[63.204,54.7185],[63.2883,54.5321],[63.2883,54.5321],[63.1088,54.369],[63.2883,54.5321],[63.1088,54.369],[63.3781,54.1974],[63.1088,54.369],[63.204,54.7185],[62.0436,54.7662],[63.3781,54.1974],[62.8161,54.1158],[62.8161,54.1158],[62.5507,53.8998],[62.8161,54.1158],[62.5507,53.8998],[62.4208,54.0561],[62.4208,54.0561],[61.6131,53.9542],[61.6131,53.9542],[61.3947,54.0892],[61.6131,53.9542],[61.3947,54.0892],[61.2564,53.9175],[61.2564,53.9175],[61.0277,53.9519],[61.2564,53.9175],[61.3947,54.0892],[62.4208,54.0561],[62.5507,53.8998],[61.0277,53.9519],[61.2181,53.7967],[61.2181,53.7967],[60.916,53.6167],[61.2181,53.7967],[60.916,53.6167],[61.5883,53.5248],[60.916,53.6167],[61.5883,53.5248],[61.2575,53.5034],[61.2575,53.5034],[61.1827,53.2962],[61.2575,53.5034],[61.5883,53.5248],[61.1827,53.2962],[61.6673,53.2519],[61.6673,53.2519],[62.1106,53.1168],[62.1106,53.1168],[62.1373,53.0057],[62.1106,53.1168],[61.6673,53.2519],[61.1827,53.2962],[62.1373,53.0057],[61.0252,52.98],[61.0252,52.98],[61.0739,52.9122],[61.0739,52.9122],[60.7145,52.6538],[61.0739,52.9122],[60.7145,52.6538],[61.0719,52.3377],[60.7145,52.6538],[61.0719,52.3377],[60.1159,51.9973],[61.0719,52.3377],[61.0252,52.98],[62.1373,53.0057],[61.0277,53.9519],[63.3781,54.1974],[60.1159,51.9973],[60.078,52.0261],[60.0303,52.0375],[59.9841,52.0539],[60.2343,52.2769],[60.2343,52.2769],[60.1815,52.4284],[60.2343,52.2769],[59.9841,52.0539],[60.1815,52.4284],[59.4824,52.4984],[59.4824,52.4984],[59.2874,52.4488],[59.2874,52.4488],[59.2645,52.3043],[59.2874,52.4488],[59.4824,52.4984],[59.2645,52.3043],[58.8705,52.4675],[58.8705,52.4675],[58.772,52.6472],[58.8705,52.4675],[59.2645,52.3043],[60.1815,52.4284],[58.772,52.6472],[58.9711,53.0669],[58.9711,53.0669],[58.8179,53.2812],[58.8179,53.2812],[58.95,53.9551],[58.8179,53.2812],[58.9711,53.0669],[58.95,53.9551],[59.306,54.1875],[59.306,54.1875],[59.7267,54.1713],[59.306,54.1875],[59.7267,54.1713],[59.6837,54.5208],[59.6837,54.5208],[59.9158,54.8906],[59.6837,54.5208],[59.7267,54.1713],[58.95,53.9551],[58.772,52.6472],[59.9158,54.8906],[59.7006,54.9369],[59.7006,54.9369],[59.2522,54.6337],[59.2522,54.6337],[58.7162,54.4989],[59.2522,54.6337],[59.7006,54.9369],[58.7162,54.4989],[58.4131,54.5628],[58.4131,54.5628],[57.9798,54.4243],[58.4131,54.5628],[58.7162,54.4989],[57.9798,54.4243],[57.1784,54.8661],[57.1784,54.8661],[57.2773,54.9856],[57.2773,54.9856],[57.2391,55.0226],[57.1279,55.0867],[57.1348,55.1247],[57.1784,54.8661],[57.9798,54.4243],[59.9158,54.8906],[57.1348,55.1247],[57.5501,55.3412],[57.5501,55.3412],[58.0531,55.2798],[58.0531,55.2798],[58.006,54.9515],[58.0531,55.2798],[58.006,54.9515],[58.2656,55.2068],[58.2656,55.2068],[58.61,54.9719],[58.61,54.9719],[58.7233,54.9986],[58.8468,55.0682],[58.2656,55.2068],[58.006,54.9515],[57.5501,55.3412],[58.8468,55.0682],[58.788,55.1497],[58.6526,55.1667],[58.6365,55.1866],[58.6688,55.2059],[58.7395,55.2481],[58.7339,55.285],[58.7339,55.285],[59.0544,55.2998],[59.0544,55.2998],[59.6524,55.6071],[59.0544,55.2998],[58.7339,55.285],[59.6524,55.6071],[59.5103,55.6102],[59.4164,55.657],[59.3221,55.6389],[59.3189,55.6937],[59.2942,55.7275],[59.3229,55.7685],[59.2642,55.7983],[59.209,55.7991],[59.1342,55.8357],[59.3221,55.6389],[59.1342,55.8357],[59.367,56.1426],[59.367,56.1426],[59.0307,56.1551],[59.0307,56.1551],[59.1954,56.3763],[59.0307,56.1551],[59.367,56.1426],[59.1342,55.8357],[59.6524,55.6071],[58.8468,55.0682],[59.1954,56.3763],[60.7775,56.2335],[60.7775,56.2335],[61.1181,56.2467],[61.1181,56.2467],[61.0979,56.38],[61.0979,56.38],[61.1556,56.4043],[61.2048,56.4087],[61.2547,56.392],[61.1181,56.2467],[60.7775,56.2335],[59.1954,56.3763],[57.1348,55.1247],[60.1159,51.9973],[61.2976,56.3814]]]}},{"type":"Feature","properties":{"name":"Чукотский автономный округ"},"geometry":{"type":"MultiPolygon","coordinates":[[[[-172.6711,64.6488],[-172.4383,64.6243],[-172.4383,64.6243],[-172.6756,64.657],[-172.4383,64.6243],[-172.6711,64.6488]]],[[[-172.3392,64.8333],[-172.06,64.7605],[-172.06,64.7605],[-172.6329,64.6947],[-172.06,64.7605],[-172.6329,64.6947],[-172.3487,64.8363],[-172.6329,64.6947],[-172.3392,64.8333]]],[],[],[],[[[-177.191,65.5325],[-177.7349,65.4371],[-177.7349,65.4371],[-177.1958,65.5343],[-177.7349,65.4371],[-177.191,65.5325]]],[],[],[],[],[[[-174.7081,67.0134],[-174.7306,67.1109],[-174.7306,67.1109],[-174.6977,67.0174],[-174.7306,67.1109],[-174.7081,67.0134]]],[],[],[],[],[],[[[-179.6441,68.8955],[-175.2816,67.6647],[-175.2816,67.6647],[-174.725,67.2439],[-174.725,67.2439],[-174.8629,67.2781],[-174.8629,67.2781],[-174.9096,67.0824],[-174.8629,67.2781],[-174.9096,67.0824],[-174.6955,66.9138],[-174.6955,66.9138],[-174.7011,66.7285],[-174.6955,66.9138],[-174.9096,67.0824],[-174.7011,66.7285],[-174.9576,66.6607],[-174.7011,66.7285],[-174.725,67.2439],[-174.9576,66.6607],[-174.4307,66.528],[-174.4307,66.528],[-174.3758,66.3238],[-174.4307,66.528],[-174.9576,66.6607],[-175.2816,67.6647],[-174.3758,66.3238],[-174.0293,66.469],[-174.0293,66.469],[-173.9153,66.3285],[-173.9153,66.3285],[-174.0152,66.3026],[-173.9153,66.3285],[-174.0152,66.3026],[-173.8384,66.2901],[-174.0152,66.3026],[-174.0293,66.469],[-173.8384,66.2901],[-173.6821,66.4367],[-173.8384,66.2901],[-173.6821,66.4367],[-174.255,66.4999],[-174.255,66.4999],[-173.9197,66.6651],[-173.9197,66.6651],[-174.0028,66.9803],[-173.9197,66.6651],[-174.255,66.4999],[-174.0028,66.9803],[-174.6221,67.058],[-174.0028,66.9803],[-173.6821,66.4367],[-174.6221,67.058],[-173.6387,67.1161],[-174.6221,67.058],[-173.6387,67.1161],[-171.7201,66.9561],[-171.7201,66.9561],[-171.3537,66.6727],[-171.3537,66.6727],[-170.5699,66.3514],[-171.3537,66.6727],[-170.5699,66.3514],[-169.6863,66.1401],[-170.5699,66.3514],[-171.7201,66.9561],[-173.6387,67.1161],[-174.3758,66.3238],[-169.6863,66.1401],[-169.7244,66.0105],[-169.7244,66.0105],[-170.0442,66.0477],[-170.0442,66.0477],[-170.597,65.8501],[-170.0442,66.0477],[-169.7244,66.0105],[-170.597,65.8501],[-170.4798,65.8081],[-170.4798,65.8081],[-170.5831,65.6044],[-170.4798,65.8081],[-170.597,65.8501],[-170.5831,65.6044],[-171.474,65.8385],[-170.5831,65.6044],[-171.474,65.8385],[-170.98,65.5822],[-170.98,65.5822],[-171.0532,65.4635],[-170.98,65.5822],[-171.474,65.8385],[-171.0532,65.4635],[-172.0635,65.472],[-172.0635,65.472],[-171.7387,65.5047],[-171.7387,65.5047],[-172.2494,65.5445],[-172.2494,65.5445],[-172.3112,65.6723],[-172.2494,65.5445],[-171.7387,65.5047],[-172.3112,65.6723],[-172.9105,65.6959],[-172.3112,65.6723],[-172.0635,65.472],[-171.0532,65.4635],[-172.9105,65.6959],[-172.352,65.5749],[-172.352,65.5749],[-172.272,65.4517],[-172.272,65.4517],[-172.4348,65.4609],[-172.272,65.4517],[-172.4348,65.4609],[-172.3483,65.4175],[-172.4348,65.4609],[-172.352,65.5749],[-172.3483,65.4175],[-172.0801,65.4815],[-172.3483,65.4175],[-172.0801,65.4815],[-172.2142,65.3113],[-172.2142,65.3113],[-172.1676,65.0705],[-172.1676,65.0705],[-172.0752,65.0867],[-172.1676,65.0705],[-172.2142,65.3113],[-172.0801,65.4815],[-172.0752,65.0867],[-172.3874,64.9167],[-172.3874,64.9167],[-173.1801,64.7813],[-172.3874,64.9167],[-173.1801,64.7813],[-172.9076,64.8459],[-172.9076,64.8459],[-172.742,64.7691],[-172.742,64.7691],[-173.0575,64.6591],[-173.0575,64.6591],[-172.8328,64.6613],[-172.8328,64.6613],[-172.9763,64.5687],[-172.8328,64.6613],[-173.0575,64.6591],[-172.742,64.7691],[-172.9763,64.5687],[-172.4166,64.5461],[-172.4166,64.5461],[-172.2269,64.4062],[-172.4166,64.5461],[-172.9763,64.5687],[-172.9076,64.8459],[-172.2269,64.4062],[-172.9542,64.4927],[-172.9542,64.4927],[-172.7889,64.4295],[-172.7889,64.4295],[-172.8391,64.3012],[-172.7889,64.4295],[-172.8391,64.3012],[-173.1161,64.2448],[-172.8391,64.3012],[-172.9542,64.4927],[-172.2269,64.4062],[-173.1801,64.7813],[-172.0752,65.0867],[-172.9105,65.6959],[-169.6863,66.1401],[-173.1161,64.2448],[-173.3678,64.2971],[-173.3678,64.2971],[-173.1589,64.4419],[-173.1589,64.4419],[-173.3445,64.6055],[-173.1589,64.4419],[-173.3678,64.2971],[-173.3445,64.6055],[-173.3007,64.4391],[-173.3007,64.4391],[-173.627,64.3281],[-173.3007,64.4391],[-173.627,64.3281],[-173.9793,64.4227],[-173.9793,64.4227],[-174.2284,64.6585],[-173.9793,64.4227],[-174.2284,64.6585],[-175.4195,64.7882],[-174.2284,64.6585],[-173.627,64.3281],[-173.3445,64.6055],[-175.4195,64.7882],[-175.3621,64.8498],[-175.3621,64.8498],[-175.8761,65.0],[-175.3621,64.8498],[-175.8761,65.0],[-175.7211,65.1405],[-175.7211,65.1405],[-176.0213,65.4561],[-175.7211,65.1405],[-175.8761,65.0],[-175.4195,64.7882],[-176.0213,65.4561],[-176.9225,65.5997],[-176.9225,65.5997],[-177.4511,65.4595],[-177.4511,65.4595],[-178.5264,65.49],[-177.4511,65.4595],[-176.9225,65.5997],[-176.0213,65.4561],[-178.5264,65.49],[-178.4022,65.7147],[-178.4022,65.7147],[-178.8586,65.9024],[-178.8586,65.9024],[-178.9053,66.0341],[-178.8586,65.9024],[-178.4022,65.7147],[-178.9053,66.0341],[-178.7364,65.9788],[-178.7364,65.9788],[-178.4771,66.1221],[-178.7364,65.9788],[-178.4771,66.1221],[-178.4686,66.3896],[-178.4771,66.1221],[-178.9053,66.0341],[-178.5264,65.49],[-178.4686,66.3896],[-178.8343,66.1522],[-178.8343,66.1522],[-179.0927,66.2443],[-179.0927,66.2443],[-179.0378,66.3645],[-179.0927,66.2443],[-179.0378,66.3645],[-179.1404,66.2611],[-179.1404,66.2611],[-179.3899,66.2973],[-179.1404,66.2611],[-179.3899,66.2973],[-179.1885,66.1887],[-179.1885,66.1887],[-179.2923,66.1201],[-179.1885,66.1887],[-179.3899,66.2973],[-179.2923,66.1201],[-179.6719,66.1599],[-179.2923,66.1201],[-179.0378,66.3645],[-178.8343,66.1522],[-179.6719,66.1599],[-179.771,65.896],[-179.771,65.896],[-179.2593,65.5298],[-179.771,65.896],[-179.2593,65.5298],[-179.6667,65.1301],[-179.6667,65.1301],[-180.0,65.0275],[-179.6667,65.1301],[-179.2593,65.5298],[-179.6719,66.1599],[-178.4686,66.3896],[-180.0,65.0275],[-180.0,67.4987],[-180.0,68.9795],[-179.6803,68.8969],[-180.0,68.9795],[-180.0,65.0275],[-173.1161,64.2448],[-179.6441,68.8955]]],[],[],[],[],[[[170.2605,69.757],[170.0478,69.7391],[170.0478,69.7391],[170.2682,69.7676],[170.0478,69.7391],[170.2605,69.757]]],[],[],[],[],[[[168.3728,70.0154],[169.4252,69.8565],[169.4252,69.8565],[169.2151,69.554],[169.4252,69.8565],[169.2151,69.554],[167.7818,69.8039],[169.2151,69.554],[167.7818,69.8039],[168.3671,70.0184],[167.7818,69.8039],[168.3728,70.0154]]],[[[170.6786,70.1026],[172.7625,69.9642],[172.7625,69.9642],[173.1495,69.8333],[172.7625,69.9642],[173.1495,69.8333],[173.5061,69.9341],[173.1495,69.8333],[173.5061,69.9341],[173.7909,69.8038],[173.5061,69.9341],[173.7909,69.8038],[176.1117,69.8767],[173.7909,69.8038],[176.1117,69.8767],[176.8905,69.6371],[176.8905,69.6371],[178.8209,69.3861],[176.8905,69.6371],[178.8209,69.3861],[180.0,68.9798],[178.8209,69.3861],[176.1117,69.8767],[180.0,68.9798],[180.0,65.0275],[180.0,68.9798],[180.0,65.0275],[178.5612,64.5578],[178.5612,64.5578],[178.764,64.6691],[178.764,64.6691],[177.6429,64.6922],[177.6429,64.6922],[177.4137,64.8115],[177.4137,64.8115],[177.5019,64.9202],[177.4137,64.8115],[177.6429,64.6922],[178.764,64.6691],[177.5019,64.9202],[177.0816,64.7498],[177.0816,64.7498],[176.0597,64.9426],[177.0816,64.7498],[176.0597,64.9426],[175.7747,64.7623],[175.7747,64.7623],[175.2052,64.7236],[175.7747,64.7623],[176.0597,64.9426],[177.5019,64.9202],[178.5612,64.5578],[175.2052,64.7236],[175.7269,64.7248],[175.7269,64.7248],[176.1564,64.8907],[175.7269,64.7248],[176.1564,64.8907],[176.4533,64.6954],[176.4533,64.6954],[176.213,64.5785],[176.4533,64.6954],[176.213,64.5785],[176.562,64.6601],[176.562,64.6601],[176.7752,64.5344],[176.562,64.6601],[176.7752,64.5344],[177.0819,64.7024],[177.0819,64.7024],[177.5198,64.7376],[177.0819,64.7024],[176.7752,64.5344],[177.5198,64.7376],[177.429,64.4826],[177.429,64.4826],[177.8132,64.2516],[177.429,64.4826],[177.8132,64.2516],[178.2536,64.1788],[178.2536,64.1788],[178.1211,64.229],[178.1211,64.229],[178.2907,64.4037],[178.1211,64.229],[178.2536,64.1788],[177.8132,64.2516],[177.5198,64.7376],[176.213,64.5785],[176.1564,64.8907],[178.2907,64.4037],[178.6841,64.0],[178.6841,64.0],[178.8925,63.4189],[178.6841,64.0],[178.8925,63.4189],[179.452,63.1078],[178.8925,63.4189],[179.452,63.1078],[179.2663,62.9936],[179.2663,62.9936],[179.305,62.8959],[179.2663,62.9936],[179.452,63.1078],[179.305,62.8959],[179.6192,62.7345],[179.305,62.8959],[179.6192,62.7345],[179.4042,62.4857],[179.4042,62.4857],[179.1313,62.4441],[179.4042,62.4857],[179.1313,62.4441],[179.1309,62.277],[179.1313,62.4441],[179.6192,62.7345],[178.2907,64.4037],[175.2052,64.7236],[179.1309,62.277],[178.08,62.5209],[178.08,62.5209],[177.1239,62.5317],[178.08,62.5209],[177.1239,62.5317],[174.4947,61.8098],[177.1239,62.5317],[174.4947,61.8098],[173.925,62.2386],[173.925,62.2386],[174.001,62.2936],[174.092,62.3294],[174.0423,62.4049],[174.0423,62.4049],[173.6733,62.4997],[174.0423,62.4049],[173.6733,62.4997],[172.7692,62.3105],[172.7692,62.3105],[171.9394,62.412],[171.9394,62.412],[170.6984,62.1703],[170.6984,62.1703],[170.0892,62.1967],[170.6984,62.1703],[171.9394,62.412],[172.7692,62.3105],[173.6733,62.4997],[174.4947,61.8098],[179.1309,62.277],[180.0,65.0275],[170.0892,62.1967],[169.8242,62.5806],[169.8242,62.5806],[168.2931,63.0071],[169.8242,62.5806],[168.2931,63.0071],[169.4471,63.5808],[169.4471,63.5808],[169.2,63.8678],[169.2,63.8678],[169.1047,63.8895],[169.0063,63.8862],[168.8627,63.9001],[168.3424,64.2909],[168.8627,63.9001],[169.2,63.8678],[169.4471,63.5808],[168.2931,63.0071],[168.3424,64.2909],[167.5258,64.2866],[167.5258,64.2866],[167.0955,64.5874],[167.5258,64.2866],[167.0955,64.5874],[166.7624,64.4844],[166.7624,64.4844],[166.0182,64.5865],[166.0182,64.5865],[165.9154,64.5227],[165.8049,64.5124],[166.7624,64.4844],[167.0955,64.5874],[165.8049,64.5124],[165.6529,64.7142],[165.6529,64.7142],[165.1119,64.8129],[165.6529,64.7142],[165.8049,64.5124],[165.1119,64.8129],[164.8727,64.6438],[165.1119,64.8129],[164.8727,64.6438],[164.1886,64.8888],[164.8727,64.6438],[164.1886,64.8888],[163.5322,64.9113],[163.5322,64.9113],[163.1582,64.7768],[163.1582,64.7768],[163.1531,64.7419],[163.2292,64.709],[163.2343,64.6692],[163.2343,64.6692],[163.1175,64.6639],[162.9806,64.6615],[162.7915,64.6612],[163.5322,64.9113],[164.1886,64.8888],[162.7915,64.6612],[161.9075,64.8499],[161.9075,64.8499],[161.7822,64.9402],[161.686,65.0433],[161.686,65.0433],[160.6401,65.1753],[161.686,65.0433],[162.7915,64.6612],[160.6401,65.1753],[160.1321,65.5],[160.1321,65.5],[158.9682,65.7502],[160.1321,65.5],[158.9682,65.7502],[158.9613,65.8833],[158.9783,65.9901],[159.0472,66.0624],[159.2323,66.1658],[159.244,66.2025],[159.244,66.2025],[158.456,66.426],[159.244,66.2025],[158.456,66.426],[158.9762,66.7984],[158.456,66.426],[158.9762,66.7984],[158.8171,66.878],[158.8314,66.9161],[158.8595,66.9705],[158.8251,67.0324],[158.8251,67.0324],[157.9698,67.2269],[158.8251,67.0324],[157.9698,67.2269],[157.8305,67.5441],[157.9698,67.2269],[158.9762,66.7984],[158.9682,65.7502],[160.6401,65.1753],[168.3424,64.2909],[157.8305,67.5441],[157.8715,67.6032],[157.882,67.6797],[158.3614,67.7449],[157.882,67.6797],[158.3614,67.7449],[158.352,67.7644],[158.2256,67.7897],[158.1702,67.8416],[158.5896,68.0956],[158.1702,67.8416],[158.3614,67.7449],[158.5896,68.0956],[160.7359,68.2356],[160.7359,68.2356],[161.4075,68.3858],[160.7359,68.2356],[161.4075,68.3858],[161.6004,68.3633],[162.0237,68.3163],[162.4006,68.2514],[158.5896,68.0956],[162.4006,68.2514],[162.6772,68.6386],[162.6772,68.6386],[162.564,68.6707],[162.5514,68.7277],[162.5514,68.7277],[162.6756,68.7571],[162.773,68.8195],[162.773,68.8195],[162.439,68.9634],[162.439,68.9634],[162.4635,69.0724],[162.5053,69.1128],[162.7056,69.1291],[162.1947,69.4963],[162.1947,69.4963],[162.371,69.671],[162.1947,69.4963],[162.7056,69.1291],[162.439,68.9634],[162.773,68.8195],[162.4006,68.2514],[162.371,69.671],[164.0496,69.7496],[164.0496,69.7496],[164.5978,69.5739],[164.5978,69.5739],[166.964,69.4741],[164.5978,69.5739],[164.0496,69.7496],[166.964,69.4741],[167.8068,69.7632],[166.964,69.4741],[167.8068,69.7632],[168.2799,69.546],[168.2799,69.546],[168.305,69.2184],[168.2799,69.546],[168.305,69.2184],[169.3423,69.0847],[169.3423,69.0847],[169.6355,68.7599],[169.3423,69.0847],[169.6355,68.7599],[170.3615,68.8062],[169.6355,68.7599],[168.305,69.2184],[167.8068,69.7632],[162.371,69.671],[170.3615,68.8062],[171.0735,69.0868],[171.0735,69.0868],[170.8974,69.17],[170.8974,69.17],[170.9404,69.2871],[170.9404,69.2871],[170.682,69.5656],[170.9404,69.2871],[170.8974,69.17],[170.682,69.5656],[170.2026,69.5869],[170.682,69.5656],[170.2026,69.5869],[170.6343,69.758],[170.6343,69.758],[170.6174,70.0711],[170.6174,70.0711],[170.4673,70.1085],[170.6174,70.0711],[170.4673,70.1085],[170.6287,70.1139],[170.4673,70.1085],[170.6343,69.758],[170.2026,69.5869],[171.0735,69.0868],[170.3615,68.8062],[157.8305,67.5441],[170.0892,62.1967],[170.6786,70.1026]]],[],[],[[[179.9832,71.5216],[180.0,70.9747],[180.0,70.9747],[178.7495,70.7817],[180.0,70.9747],[178.7495,70.7817],[178.6122,71.0741],[178.6122,71.0741],[179.9803,71.5223],[178.6122,71.0741],[178.7495,70.7817],[179.9832,71.5216]]],[],[],[[[-179.0932,71.5887],[-178.2616,71.5128],[-178.2616,71.5128],[-177.7543,71.3058],[-178.2616,71.5128],[-177.7543,71.3058],[-178.1067,71.4863],[-177.7543,71.3058],[-178.1067,71.4863],[-177.5118,71.2688],[-177.5118,71.2688],[-177.4871,71.1571],[-177.5118,71.2688],[-178.1067,71.4863],[-177.4871,71.1571],[-179.543,70.8607],[-177.4871,71.1571],[-179.543,70.8607],[-180.0,70.9748],[-180.0,70.9748],[-180.0,71.5283],[-180.0,71.5283],[-179.109,71.5881],[-180.0,71.5283],[-179.543,70.8607],[-179.0932,71.5887]]],[],[],[],[]]}},{"type":"Feature","properties":{"name":"Чувашская Республика - Чувашия"},"geometry":{"type":"Polygon","coordinates":[[[47.3526,56.3481],[48.4509,55.8009],[48.4509,55.8009],[48.0551,55.6589],[48.0551,55.6589],[48.1711,55.5739],[48.1711,55.5739],[47.7257,55.3166],[48.1711,55.5739],[48.0551,55.6589],[47.7257,55.3166],[47.7724,55.2224],[47.7724,55.2224],[47.974,55.3122],[47.7724,55.2224],[47.974,55.3122],[48.0828,55.1532],[48.0828,55.1532],[48.0148,55.1466],[47.9507,55.1115],[47.9311,55.0551],[47.9311,55.0551],[48.119,55.0109],[47.9311,55.0551],[47.974,55.3122],[47.7257,55.3166],[48.119,55.0109],[47.8054,54.98],[47.8054,54.98],[47.8547,54.876],[47.8547,54.876],[47.7326,54.8236],[47.8547,54.876],[47.8054,54.98],[47.7326,54.8236],[47.4344,54.8973],[47.7326,54.8236],[47.4344,54.8973],[47.4543,54.7652],[47.4543,54.7652],[46.8724,54.6333],[47.4543,54.7652],[47.4344,54.8973],[48.119,55.0109],[48.4509,55.8009],[46.8724,54.6333],[46.456,54.7763],[46.456,54.7763],[46.284,55.0802],[46.456,54.7763],[46.284,55.0802],[46.14,54.9873],[46.284,55.0802],[46.14,54.9873],[46.0567,55.1807],[46.0567,55.1807],[46.4213,55.4416],[46.0567,55.1807],[46.4213,55.4416],[45.9643,55.6825],[46.4213,55.4416],[46.14,54.9873],[45.9643,55.6825],[46.1683,56.0448],[46.1683,56.0448],[47.3147,56.3445],[46.1683,56.0448],[45.9643,55.6825],[46.8724,54.6333],[47.3526,56.3481]]]}},{"type":"Feature","properties":{"name":"город федерального значения Санкт-Петербург"},"geometry":{"type":"MultiPolygon","coordinates":[[],[],[],[],[[[29.8887,60.2129],[30.3843,60.1282],[30.3843,60.1282],[30.5173,59.8509],[30.5173,59.8509],[30.7748,59.7586],[30.5173,59.8509],[30.3843,60.1282],[30.7748,59.7586],[30.2368,59.6135],[30.7748,59.7586],[30.2368,59.6135],[29.676,59.8632],[29.676,59.8632],[30.1792,59.8785],[29.676,59.8632],[30.1792,59.8785],[29.5914,60.0],[30.1792,59.8785],[29.5914,60.0],[30.1736,59.8879],[30.1736,59.8879],[30.2497,59.9665],[30.1736,59.8879],[29.5914,60.0],[30.2497,59.9665],[29.9717,60.0103],[29.9717,60.0103],[29.8739,60.1639],[29.9717,60.0103],[29.8739,60.1639],[29.4091,60.1632],[29.8739,60.1639],[30.2497,59.9665],[29.4091,60.1632],[29.8219,60.236],[29.4091,60.1632],[30.2368,59.6135],[29.8887,60.2129]]]]}},{"type":"Feature","properties":{"name":"Республика Дагестан"},"geometry":{"type":"Polygon","coordinates":[[[46.708,44.8074],[46.9154,44.8215],[46.9154,44.8215],[46.7744,44.486],[46.7744,44.486],[47.0168,44.4217],[47.0168,44.4217],[47.5251,43.836],[47.0168,44.4217],[46.7744,44.486],[46.9154,44.8215],[47.5251,43.836],[47.4384,43.5128],[47.5251,43.836],[47.4384,43.5128],[47.6275,43.8908],[47.6275,43.8908],[47.7573,43.8911],[47.6275,43.8908],[47.4384,43.5128],[47.7573,43.8911],[47.4748,43.3883],[47.4748,43.3883],[47.6026,43.3126],[47.6026,43.3126],[47.4515,43.0402],[47.6026,43.3126],[47.4748,43.3883],[47.4515,43.0402],[47.707,42.8789],[47.707,42.8789],[47.7307,42.6552],[47.7307,42.6552],[48.5051,41.8641],[47.7307,42.6552],[47.707,42.8789],[47.4515,43.0402],[47.7573,43.8911],[48.5051,41.8641],[48.4015,41.6121],[48.4015,41.6121],[48.045,41.4885],[48.045,41.4885],[47.8911,41.2253],[48.045,41.4885],[48.4015,41.6121],[47.8911,41.2253],[47.5359,41.2072],[47.8911,41.2253],[48.5051,41.8641],[47.5359,41.2072],[47.2624,41.3247],[47.2624,41.3247],[46.7546,41.8601],[47.2624,41.3247],[46.7546,41.8601],[46.5609,41.8078],[46.5609,41.8078],[45.6061,42.219],[46.5609,41.8078],[46.7546,41.8601],[45.6061,42.219],[45.7733,42.462],[45.7733,42.462],[46.2334,42.7128],[45.7733,42.462],[46.2334,42.7128],[46.1453,42.8021],[46.2334,42.7128],[46.1453,42.8021],[46.5545,42.922],[46.1453,42.8021],[46.5545,42.922],[46.3672,43.4171],[46.3672,43.4171],[46.6185,43.7903],[46.3672,43.4171],[46.5545,42.922],[46.6185,43.7903],[46.4244,43.995],[46.4244,43.995],[46.084,43.7784],[46.084,43.7784],[46.0889,43.9],[46.0889,43.9],[45.5694,43.9754],[46.0889,43.9],[45.5694,43.9754],[45.542,44.1435],[45.5694,43.9754],[45.542,44.1435],[45.2186,44.1464],[45.542,44.1435],[46.084,43.7784],[46.4244,43.995],[45.2186,44.1464],[45.503,44.3429],[45.503,44.3429],[45.3094,44.5253],[45.503,44.3429],[45.2186,44.1464],[46.6185,43.7903],[45.3094,44.5253],[45.5042,44.5985],[45.5042,44.5985],[45.6449,44.7748],[45.6449,44.7748],[45.6375,44.8024],[45.6126,44.839],[45.5898,44.8832],[45.5898,44.8832],[45.7873,45.0117],[45.5898,44.8832],[45.5042,44.5985],[45.7873,45.0117],[46.6669,44.8173],[45.7873,45.0117],[45.3094,44.5253],[45.6061,42.219],[47.5359,41.2072],[46.708,44.8074]]]}},{"type":"Feature","properties":{"name":"Республика Алтай"},"geometry":{"type":"Polygon","coordinates":[[[87.1155,52.5973],[87.6342,52.4294],[87.6342,52.4294],[87.9173,52.5466],[87.9173,52.5466],[88.3993,52.4165],[87.9173,52.5466],[87.6342,52.4294],[88.3993,52.4165],[88.4223,52.1835],[88.4223,52.1835],[88.0539,52.0357],[88.0539,52.0357],[87.9161,51.8093],[87.9161,51.8093],[88.1131,51.7217],[87.9161,51.8093],[88.1131,51.7217],[87.9024,51.536],[88.1131,51.7217],[88.0539,52.0357],[88.4223,52.1835],[87.9024,51.536],[88.4061,51.2922],[88.4061,51.2922],[88.5152,51.3039],[88.5961,51.3366],[88.7416,51.5486],[88.5961,51.3366],[88.7416,51.5486],[88.9704,51.4172],[88.7416,51.5486],[88.4061,51.2922],[88.9704,51.4172],[89.037,51.0579],[89.037,51.0579],[89.8659,50.4593],[89.037,51.0579],[89.8659,50.4593],[89.8508,50.4196],[89.7967,50.3743],[89.7104,50.3502],[89.4855,50.4594],[89.7104,50.3502],[89.4855,50.4594],[89.4847,50.4154],[89.5274,50.3578],[89.3271,50.2361],[89.5274,50.3578],[89.4855,50.4594],[89.3271,50.2361],[89.5835,50.0954],[89.5835,50.0954],[89.6999,49.7222],[89.5835,50.0954],[89.3271,50.2361],[89.8659,50.4593],[88.9704,51.4172],[87.9024,51.536],[88.3993,52.4165],[89.6999,49.7222],[89.24,49.6535],[89.24,49.6535],[88.9917,49.4771],[89.24,49.6535],[88.9917,49.4771],[88.8911,49.5558],[88.9917,49.4771],[88.8911,49.5558],[88.8633,49.4502],[88.8911,49.5558],[88.8633,49.4502],[88.2233,49.4899],[88.8633,49.4502],[88.2233,49.4899],[88.0969,49.3745],[88.0969,49.3745],[88.1489,49.2541],[88.0969,49.3745],[88.1489,49.2541],[87.3772,49.0844],[88.1489,49.2541],[88.2233,49.4899],[87.3772,49.0844],[86.6342,49.5817],[86.6342,49.5817],[86.8032,49.8032],[86.6342,49.5817],[86.8032,49.8032],[86.6138,49.8035],[86.6138,49.8035],[86.1693,49.4612],[86.6138,49.8035],[86.1693,49.4612],[85.3645,49.5669],[86.1693,49.4612],[85.3645,49.5669],[84.9956,49.9013],[84.9956,49.9013],[84.998,50.0561],[84.9956,49.9013],[84.998,50.0561],[84.2626,50.2697],[84.998,50.0561],[85.3645,49.5669],[86.8032,49.8032],[87.3772,49.0844],[89.6999,49.7222],[84.2626,50.2697],[84.2332,50.5154],[84.2332,50.5154],[84.0506,50.6478],[84.2332,50.5154],[84.0506,50.6478],[84.6041,50.8369],[84.0506,50.6478],[84.6041,50.8369],[83.9754,51.1149],[84.6041,50.8369],[83.9754,51.1149],[84.0204,51.1256],[84.0912,51.1468],[84.1396,51.1127],[84.1615,51.1837],[84.1748,51.2393],[84.1939,51.2694],[84.1939,51.2694],[85.4848,51.5743],[84.1939,51.2694],[85.4848,51.5743],[85.8509,51.8879],[85.8509,51.8879],[85.8055,52.0477],[85.8509,51.8879],[85.4848,51.5743],[85.8055,52.0477],[86.7194,52.1297],[85.8055,52.0477],[86.7194,52.1297],[86.6446,52.5144],[86.6446,52.5144],[87.0733,52.6312],[86.6446,52.5144],[86.7194,52.1297],[83.9754,51.1149],[84.2626,50.2697],[87.1155,52.5973]]]}},{"type":"Feature","properties":{"name":"Республика Ингушетия"},"geometry":{"type":"Polygon","coordinates":[[[44.8928,43.5435],[45.2183,43.4378],[45.2183,43.4378],[45.3017,43.1877],[45.2183,43.4378],[45.3017,43.1877],[45.0889,42.6959],[45.0889,42.6959],[44.8917,42.7499],[44.8917,42.7499],[44.7679,42.6256],[44.8917,42.7499],[44.7679,42.6256],[44.6771,42.7479],[44.7679,42.6256],[45.0889,42.6959],[45.3017,43.1877],[44.6771,42.7479],[44.7145,42.8562],[44.7145,42.8562],[44.8516,42.7888],[44.8516,42.7888],[44.9804,42.8854],[44.8516,42.7888],[44.7145,42.8562],[44.9804,42.8854],[44.9295,43.0446],[44.9295,43.0446],[44.6441,43.1821],[44.9295,43.0446],[44.6441,43.1821],[44.5979,43.5271],[44.6441,43.1821],[44.9804,42.8854],[44.5979,43.5271],[44.886,43.5604],[44.5979,43.5271],[44.6771,42.7479],[44.8928,43.5435]]]}},{"type":"Feature","properties":{"name":"Ивановская область"},"geometry":{"type":"Polygon","coordinates":[[[41.6182,57.7124],[42.1341,57.5698],[42.1341,57.5698],[42.8418,57.6657],[42.1341,57.5698],[42.8418,57.6657],[42.7739,57.4506],[42.7739,57.4506],[42.8121,57.4159],[42.8815,57.3917],[42.96,57.3832],[42.8418,57.6657],[42.96,57.3832],[43.0381,57.3828],[43.0964,57.3909],[43.1458,57.4206],[43.2079,57.6296],[43.1458,57.4206],[42.96,57.3832],[43.2079,57.6296],[43.2186,57.6129],[43.2367,57.4337],[43.5954,57.5431],[43.5954,57.5431],[43.8728,57.3621],[43.5954,57.5431],[43.2367,57.4337],[43.2079,57.6296],[43.8728,57.3621],[43.5086,57.206],[43.5086,57.206],[43.6865,57.0612],[43.6865,57.0612],[43.5152,56.8827],[43.6865,57.0612],[43.5086,57.206],[43.5152,56.8827],[42.8018,56.769],[43.5152,56.8827],[42.8018,56.769],[42.913,56.4727],[42.8018,56.769],[43.8728,57.3621],[42.913,56.4727],[42.2815,56.4563],[42.2815,56.4563],[42.0595,56.3399],[42.2815,56.4563],[42.0595,56.3399],[41.9004,56.4972],[41.9004,56.4972],[41.0991,56.4433],[41.0991,56.4433],[40.7231,56.5952],[41.0991,56.4433],[41.9004,56.4972],[42.0595,56.3399],[40.7231,56.5952],[40.2243,56.4085],[40.7231,56.5952],[40.2243,56.4085],[39.8223,56.6112],[39.8223,56.6112],[39.8941,56.6986],[39.8854,56.765],[39.8854,56.765],[39.4383,56.7606],[39.8854,56.765],[40.2243,56.4085],[39.4383,56.7606],[39.6182,56.9474],[39.6182,56.9474],[39.5387,56.9918],[39.5387,56.9918],[40.2087,57.1815],[40.2087,57.1815],[40.2767,57.2374],[40.2767,57.2374],[40.2405,57.2535],[40.1948,57.2596],[40.1752,57.2705],[40.2087,57.1815],[39.5387,56.9918],[40.1752,57.2705],[41.0351,57.308],[41.0351,57.308],[41.6089,57.4687],[41.0351,57.308],[40.1752,57.2705],[41.6089,57.4687],[41.5965,57.6981],[41.6089,57.4687],[39.4383,56.7606],[42.913,56.4727],[41.6182,57.7124]]]}},{"type":"Feature","properties":{"name":"Кабардино-Балкарская Республика"},"geometry":{"type":"Polygon","coordinates":[[[44.5034,43.8669],[44.4035,43.6733],[44.4035,43.6733],[44.5314,43.5742],[44.5314,43.5742],[44.5053,43.347],[44.5314,43.5742],[44.4035,43.6733],[44.5053,43.347],[44.1829,43.3405],[44.1829,43.3405],[44.1135,43.1562],[44.1829,43.3405],[44.1135,43.1562],[43.933,43.2651],[44.1135,43.1562],[43.933,43.2651],[43.5927,42.9029],[43.933,43.2651],[44.5053,43.347],[43.5927,42.9029],[42.5502,43.1849],[42.5502,43.1849],[42.5858,43.5389],[42.5502,43.1849],[43.5927,42.9029],[42.5858,43.5389],[42.8505,43.7486],[42.8505,43.7486],[43.3741,43.8801],[42.8505,43.7486],[43.3741,43.8801],[43.4764,43.7418],[43.4764,43.7418],[43.8842,43.7399],[43.4764,43.7418],[43.8842,43.7399],[44.0732,43.9241],[44.0732,43.9241],[44.5261,43.8961],[44.0732,43.9241],[43.8842,43.7399],[43.3741,43.8801],[42.5858,43.5389],[44.5034,43.8669]]]}},{"type":"Feature","properties":{"name":"Калининградская область"},"geometry":{"type":"MultiPolygon","coordinates":[[],[],[[[19.8769,54.6399],[19.6529,54.4571],[19.6529,54.4571],[19.8765,54.6399],[19.6529,54.4571],[19.8769,54.6399]]],[],[],[],[],[],[],[[[21.3887,55.2907],[22.0711,55.0263],[22.0711,55.0263],[22.5793,55.0744],[22.0711,55.0263],[22.5793,55.0744],[22.8928,54.8137],[22.5793,55.0744],[22.8928,54.8137],[22.6876,54.5905],[22.6876,54.5905],[22.7878,54.3633],[22.6876,54.5905],[22.7878,54.3633],[21.4715,54.3207],[22.7878,54.3633],[22.8928,54.8137],[21.4715,54.3207],[19.7931,54.4362],[19.7931,54.4362],[20.4742,54.704],[20.4742,54.704],[19.8697,54.6479],[19.8697,54.6479],[19.9775,54.961],[19.8697,54.6479],[20.4742,54.704],[19.9775,54.961],[20.4975,54.9676],[20.4975,54.9676],[20.9506,55.2768],[20.4975,54.9676],[20.9506,55.2768],[20.5008,54.951],[20.5008,54.951],[21.0914,54.8932],[20.5008,54.951],[20.9506,55.2768],[21.0914,54.8932],[21.2475,54.9515],[21.2475,54.9515],[21.1797,55.2049],[21.2475,54.9515],[21.1797,55.2049],[21.3881,55.2907],[21.1797,55.2049],[21.0914,54.8932],[19.9775,54.961],[19.7931,54.4362],[21.4715,54.3207],[21.3887,55.2907]]]]}},{"type":"Feature","properties":{"name":"Республика Калмыкия"},"geometry":{"type":"Polygon","coordinates":[[[44.6069,48.0755],[45.0596,48.1672],[45.0596,48.1672],[45.7662,47.9999],[45.0596,48.1672],[45.7662,47.9999],[45.7528,47.8369],[45.7528,47.8369],[46.3827,47.4116],[45.7528,47.8369],[45.7662,47.9999],[46.3827,47.4116],[46.6586,47.6173],[46.6586,47.6173],[46.813,47.5862],[46.6586,47.6173],[46.3827,47.4116],[46.813,47.5862],[46.5332,47.405],[46.5332,47.405],[47.2628,46.7224],[46.5332,47.405],[47.2628,46.7224],[46.9873,46.4154],[46.9873,46.4154],[46.6057,46.2831],[46.9873,46.4154],[47.2628,46.7224],[46.6057,46.2831],[46.8611,46.2203],[46.8611,46.2203],[46.9523,46.052],[46.8611,46.2203],[46.9523,46.052],[47.2641,46.0542],[46.9523,46.052],[47.2641,46.0542],[46.8941,45.5713],[47.2641,46.0542],[46.8941,45.5713],[47.5742,45.5899],[47.5742,45.5899],[47.5011,45.4981],[47.5011,45.4981],[47.5444,45.4596],[47.5815,45.4452],[47.5944,45.4401],[47.5742,45.5899],[46.8941,45.5713],[46.6057,46.2831],[46.813,47.5862],[47.5944,45.4401],[47.5129,45.1028],[47.5129,45.1028],[47.3645,45.2037],[47.3645,45.2037],[47.3788,45.1678],[47.4312,45.0849],[47.3763,45.0673],[47.3962,45.0205],[47.3186,44.9408],[47.3645,45.2037],[47.5129,45.1028],[47.3186,44.9408],[47.1158,44.7884],[47.1158,44.7884],[46.7495,44.7922],[47.1158,44.7884],[47.3186,44.9408],[46.7495,44.7922],[46.3855,44.9511],[46.3855,44.9511],[45.7095,44.9896],[46.3855,44.9511],[45.7095,44.9896],[45.459,45.187],[45.459,45.187],[44.3761,45.5278],[45.459,45.187],[44.3761,45.5278],[44.0474,45.8767],[44.3761,45.5278],[44.0474,45.8767],[42.9452,46.2259],[44.0474,45.8767],[45.7095,44.9896],[42.9452,46.2259],[42.5642,45.9941],[42.5642,45.9941],[42.4816,45.9817],[42.4114,45.9769],[42.3284,45.9724],[42.3476,46.1179],[42.3476,46.1179],[42.3097,46.1278],[42.2476,46.1385],[42.3284,45.9724],[42.2476,46.1385],[42.1456,45.9354],[42.1456,45.9354],[41.7227,46.0101],[42.1456,45.9354],[42.2476,46.1385],[42.5642,45.9941],[42.9452,46.2259],[46.7495,44.7922],[41.7227,46.0101],[41.7002,46.1905],[41.7002,46.1905],[42.238,46.3604],[41.7002,46.1905],[42.238,46.3604],[42.0985,46.5754],[42.238,46.3604],[42.0985,46.5754],[42.7215,46.3448],[42.7215,46.3448],[42.9901,46.3959],[42.7215,46.3448],[42.9901,46.3959],[43.4249,46.1538],[42.9901,46.3959],[43.4249,46.1538],[43.5103,46.1431],[43.5757,46.1425],[43.6448,46.1568],[43.7863,46.3957],[43.6448,46.1568],[43.7863,46.3957],[43.9688,46.3215],[43.7863,46.3957],[43.4249,46.1538],[42.0985,46.5754],[43.9688,46.3215],[43.96,46.5493],[43.96,46.5493],[43.9347,46.5553],[43.9023,46.5539],[43.8437,46.5782],[43.8437,46.5782],[44.2837,46.8957],[44.2837,46.8957],[44.3732,47.4434],[44.2837,46.8957],[43.8437,46.5782],[44.3732,47.4434],[44.2054,47.5387],[44.2054,47.5387],[43.9074,47.2815],[44.2054,47.5387],[43.9074,47.2815],[43.7197,47.635],[43.9074,47.2815],[44.3732,47.4434],[43.7197,47.635],[44.1048,47.9118],[44.1048,47.9118],[44.4586,47.9031],[44.1048,47.9118],[44.4586,47.9031],[44.5144,47.9565],[44.5475,48.0045],[44.5091,48.0291],[44.4481,48.0433],[44.3488,48.0718],[44.404,48.1896],[44.3488,48.0718],[44.5475,48.0045],[44.4586,47.9031],[44.404,48.1896],[44.6174,48.1282],[44.404,48.1896],[43.7197,47.635],[43.9688,46.3215],[41.7227,46.0101],[47.5944,45.4401],[44.6069,48.0755]]]}},{"type":"Feature","properties":{"name":"Калужская область"},"geometry":{"type":"Polygon","coordinates":[[[36.6373,55.2964],[37.1339,55.1317],[37.1339,55.1317],[37.2305,54.9015],[37.1339,55.1317],[37.2305,54.9015],[37.1112,54.534],[37.1112,54.534],[36.8438,54.4886],[37.1112,54.534],[36.8438,54.4886],[36.9801,54.2809],[36.8438,54.4886],[37.2305,54.9015],[36.9801,54.2809],[36.0426,54.1615],[36.0426,54.1615],[36.2441,54.0798],[36.2441,54.0798],[35.9261,53.8359],[35.9261,53.8359],[36.0728,53.6881],[35.9261,53.8359],[36.2441,54.0798],[36.0728,53.6881],[35.2643,53.2903],[36.0728,53.6881],[36.0426,54.1615],[35.2643,53.2903],[34.5313,53.4421],[35.2643,53.2903],[36.9801,54.2809],[34.5313,53.4421],[34.5095,53.683],[34.5095,53.683],[34.2299,53.8696],[34.5095,53.683],[34.2299,53.8696],[34.0416,53.8352],[34.002,53.8645],[33.9521,53.8518],[33.4835,54.0643],[33.9521,53.8518],[34.2299,53.8696],[33.4835,54.0643],[33.6908,54.1893],[33.6908,54.1893],[33.7021,54.4997],[33.6908,54.1893],[33.4835,54.0643],[33.7021,54.4997],[34.492,54.496],[34.492,54.496],[34.5591,54.6124],[34.5591,54.6124],[34.4607,54.691],[34.5591,54.6124],[34.4607,54.691],[34.9519,54.7498],[34.9519,54.7498],[34.8891,54.8607],[34.8891,54.8607],[35.188,54.9617],[35.188,54.9617],[35.3774,55.2289],[35.188,54.9617],[34.8891,54.8607],[34.9519,54.7498],[34.4607,54.691],[34.492,54.496],[35.3774,55.2289],[36.2993,55.1417],[36.2993,55.1417],[36.6091,55.3099],[36.2993,55.1417],[35.3774,55.2289],[33.7021,54.4997],[34.5313,53.4421],[36.6373,55.2964]]]}},{"type":"Feature","properties":{"name":"Курганская область"},"geometry":{"type":"Polygon","coordinates":[[[64.6622,56.8649],[64.9678,56.7967],[64.9678,56.7967],[65.1447,56.3499],[64.9678,56.7967],[65.1447,56.3499],[65.6342,56.3168],[65.6342,56.3168],[66.0001,56.0482],[65.6342,56.3168],[65.1447,56.3499],[66.0001,56.0482],[66.2565,56.1126],[66.2565,56.1126],[66.4782,55.982],[66.2565,56.1126],[66.4782,55.982],[66.6786,56.0737],[66.4782,55.982],[66.6786,56.0737],[67.2528,55.9725],[67.2528,55.9725],[67.3938,55.7578],[67.2528,55.9725],[67.3938,55.7578],[68.1578,55.7337],[67.3938,55.7578],[66.6786,56.0737],[66.0001,56.0482],[68.1578,55.7337],[68.6505,55.374],[68.6505,55.374],[68.6343,55.2063],[68.6505,55.374],[68.1578,55.7337],[68.6343,55.2063],[68.1778,55.1871],[68.1778,55.1871],[68.2879,55.0692],[68.2879,55.0692],[68.2099,54.96],[68.2879,55.0692],[68.2099,54.96],[67.6376,54.8528],[68.2099,54.96],[68.1778,55.1871],[67.6376,54.8528],[66.0201,54.6181],[66.0201,54.6181],[65.9457,54.7126],[65.9457,54.7126],[65.7553,54.6035],[65.7553,54.6035],[65.491,54.6503],[65.7553,54.6035],[65.9457,54.7126],[66.0201,54.6181],[67.6376,54.8528],[65.491,54.6503],[65.2008,54.5246],[65.2008,54.5246],[65.2225,54.3416],[65.2008,54.5246],[65.491,54.6503],[65.2225,54.3416],[64.6421,54.3976],[64.6421,54.3976],[63.3985,54.1936],[64.6421,54.3976],[65.2225,54.3416],[68.6343,55.2063],[63.3985,54.1936],[63.1088,54.369],[63.1088,54.369],[63.2883,54.5321],[63.2883,54.5321],[63.204,54.7185],[63.2883,54.5321],[63.1088,54.369],[63.204,54.7185],[62.0436,54.7662],[63.204,54.7185],[62.0436,54.7662],[61.9611,55.0482],[61.9611,55.0482],[62.2526,55.1157],[61.9611,55.0482],[62.2526,55.1157],[62.0566,55.311],[62.2526,55.1157],[62.0566,55.311],[62.2105,55.3473],[62.2105,55.3473],[62.1615,55.4536],[62.2105,55.3473],[62.1615,55.4536],[62.5764,55.5231],[62.1615,55.4536],[62.0566,55.311],[62.5764,55.5231],[62.5763,55.5573],[62.5282,55.5741],[62.4806,55.5721],[62.5412,55.773],[62.4806,55.5721],[62.5412,55.773],[62.2406,55.946],[62.2406,55.946],[62.0419,56.3014],[62.2406,55.946],[62.5412,55.773],[62.5764,55.5231],[62.0436,54.7662],[62.0419,56.3014],[62.5111,56.6018],[62.5111,56.6018],[62.6496,56.5171],[62.6496,56.5171],[62.9458,56.6478],[62.6496,56.5171],[62.5111,56.6018],[62.9458,56.6478],[64.1605,56.5097],[62.9458,56.6478],[64.1605,56.5097],[64.3123,56.7527],[64.3123,56.7527],[64.5847,56.866],[64.3123,56.7527],[64.1605,56.5097],[62.0419,56.3014],[63.3985,54.1936],[64.6622,56.8649]]]}},{"type":"Feature","properties":{"name":"Курская область"},"geometry":{"type":"Polygon","coordinates":[[[35.5153,52.434],[35.6324,52.2864],[35.6324,52.2864],[36.342,52.3877],[35.6324,52.2864],[36.342,52.3877],[37.4027,51.9547],[36.342,52.3877],[37.4027,51.9547],[37.7309,52.0573],[37.7309,52.0573],[38.0035,51.9126],[38.0035,51.9126],[38.3404,51.959],[38.0035,51.9126],[37.7309,52.0573],[37.4027,51.9547],[38.3404,51.959],[38.6457,51.7187],[38.3404,51.959],[38.6457,51.7187],[38.2116,51.6534],[38.2116,51.6534],[38.3697,51.2793],[38.2116,51.6534],[38.3697,51.2793],[38.0341,51.4262],[38.0341,51.4262],[37.4321,51.3784],[38.0341,51.4262],[37.4321,51.3784],[36.6101,51.086],[36.6101,51.086],[36.0386,51.1902],[36.6101,51.086],[36.0386,51.1902],[35.8448,50.9766],[36.0386,51.1902],[37.4321,51.3784],[38.3697,51.2793],[35.8448,50.9766],[35.205,51.053],[35.205,51.053],[35.1108,51.2239],[35.205,51.053],[35.1108,51.2239],[34.3388,51.2324],[35.1108,51.2239],[35.8448,50.9766],[34.3388,51.2324],[34.2236,51.4062],[34.2236,51.4062],[34.3182,51.5288],[34.2236,51.4062],[34.3182,51.5288],[34.0914,51.6633],[34.3182,51.5288],[34.0914,51.6633],[34.4322,51.7387],[34.4322,51.7387],[34.323,52.0451],[34.4322,51.7387],[34.0914,51.6633],[34.323,52.0451],[34.6487,52.0991],[34.6487,52.0991],[34.644,52.2233],[34.644,52.2233],[34.931,52.3695],[34.644,52.2233],[34.6487,52.0991],[34.931,52.3695],[35.5302,52.4654],[34.931,52.3695],[34.323,52.0451],[34.3388,51.2324],[38.6457,51.7187],[35.5153,52.434]]]}},{"type":"Feature","properties":{"name":"Ленинградская область"},"geometry":{"type":"MultiPolygon","coordinates":[[],[],[],[],[[[28.0175,59.6611],[28.0163,59.6583],[28.0149,59.661],[28.0175,59.6611]]],[],[[[28.0894,59.8154],[28.089,59.8135],[28.0865,59.8156],[28.0894,59.8154]]],[],[],[],[],[],[],[],[],[],[],[[[27.0256,60.0251],[26.9453,60.1001],[26.9453,60.1001],[27.0349,60.0412],[26.9453,60.1001],[27.0256,60.0251]]],[[[28.5583,60.3416],[28.7312,60.2857],[28.7312,60.2857],[28.5495,60.3509],[28.7312,60.2857],[28.5583,60.3416]]],[],[],[],[],[],[],[],[],[],[],[],[],[],[],[],[],[],[],[],[],[],[],[],[],[[[28.6149,60.6727],[28.2407,60.5116],[28.2407,60.5116],[27.8018,60.5494],[28.2407,60.5116],[27.8018,60.5494],[29.3216,61.3358],[27.8018,60.5494],[29.3216,61.3358],[29.6399,61.1883],[29.6399,61.1883],[32.785,60.6465],[29.6399,61.1883],[32.785,60.6465],[33.4423,61.0119],[33.4423,61.0119],[33.7893,60.9668],[33.4423,61.0119],[33.7893,60.9668],[33.9023,61.1026],[33.9023,61.1026],[33.4715,61.1964],[33.9023,61.1026],[33.4715,61.1964],[33.7744,61.2763],[33.4715,61.1964],[33.7893,60.9668],[33.7744,61.2763],[34.4461,61.156],[34.4461,61.156],[34.7601,61.3462],[34.7601,61.3462],[35.3495,61.3149],[35.3495,61.3149],[35.4492,61.1735],[35.3495,61.3149],[35.4492,61.1735],[35.6005,61.2375],[35.4492,61.1735],[34.7601,61.3462],[34.4461,61.156],[33.7744,61.2763],[32.785,60.6465],[29.3216,61.3358],[35.6005,61.2375],[35.7091,61.1316],[35.7091,61.1316],[35.5198,61.0048],[35.5198,61.0048],[35.5567,60.8882],[35.5198,61.0048],[35.7091,61.1316],[35.5567,60.8882],[35.2034,60.7971],[35.5567,60.8882],[35.2034,60.7971],[35.3422,60.5686],[35.3422,60.5686],[35.1738,60.0502],[35.3422,60.5686],[35.1738,60.0502],[35.5121,59.9865],[35.5121,59.9865],[35.4335,59.7681],[35.4335,59.7681],[35.6695,59.6277],[35.4335,59.7681],[35.5121,59.9865],[35.1738,60.0502],[35.6695,59.6277],[35.553,59.6705],[35.382,59.3027],[35.553,59.6705],[35.6695,59.6277],[35.2034,60.7971],[35.382,59.3027],[34.9546,59.2712],[34.9546,59.2712],[34.7463,59.076],[34.9546,59.2712],[34.7463,59.076],[34.1488,59.1024],[34.7463,59.076],[34.1488,59.1024],[33.6926,59.3462],[33.6926,59.3462],[33.3416,59.2805],[33.3416,59.2805],[33.0676,59.4063],[33.3416,59.2805],[33.6926,59.3462],[34.1488,59.1024],[33.0676,59.4063],[32.6683,59.0618],[33.0676,59.4063],[32.6683,59.0618],[31.9892,59.387],[31.9892,59.387],[31.8365,59.2689],[31.8365,59.2689],[31.5479,59.341],[31.8365,59.2689],[31.9892,59.387],[32.6683,59.0618],[31.5479,59.341],[31.6026,59.2027],[31.6026,59.2027],[31.447,59.0498],[31.6026,59.2027],[31.447,59.0498],[31.0492,59.039],[31.0492,59.039],[30.729,58.722],[31.0492,59.039],[31.447,59.0498],[30.729,58.722],[30.1602,58.73],[30.729,58.722],[30.1602,58.73],[30.1569,58.4641],[30.1569,58.4641],[30.0987,58.4262],[30.0356,58.4194],[30.1602,58.73],[31.5479,59.341],[35.382,59.3027],[30.0356,58.4194],[29.6154,58.4439],[29.6154,58.4439],[29.0101,58.7817],[29.6154,58.4439],[29.0101,58.7817],[28.3186,58.8406],[28.3186,58.8406],[28.0547,58.9903],[28.3186,58.8406],[28.0547,58.9903],[27.727,58.9364],[28.0547,58.9903],[29.0101,58.7817],[27.727,58.9364],[27.9062,59.2491],[27.9062,59.2491],[28.209,59.3701],[27.9062,59.2491],[28.209,59.3701],[28.0442,59.4726],[28.0442,59.4726],[28.0993,59.7891],[28.0442,59.4726],[28.209,59.3701],[28.0993,59.7891],[28.3825,59.6603],[28.3825,59.6603],[28.4727,59.8274],[28.4727,59.8274],[28.8436,59.7807],[28.8436,59.7807],[29.2267,59.9951],[28.8436,59.7807],[28.4727,59.8274],[28.3825,59.6603],[29.2267,59.9951],[29.6881,59.9799],[29.6881,59.9799],[29.676,59.8632],[29.676,59.8632],[30.2368,59.6135],[29.676,59.8632],[29.6881,59.9799],[30.2368,59.6135],[30.7709,59.7436],[30.2368,59.6135],[29.2267,59.9951],[28.0993,59.7891],[30.7709,59.7436],[30.5173,59.8509],[30.5173,59.8509],[30.3843,60.1282],[30.5173,59.8509],[30.3843,60.1282],[29.6384,60.2662],[29.6384,60.2662],[29.1443,60.1617],[29.6384,60.2662],[29.1443,60.1617],[28.6202,60.3536],[29.1443,60.1617],[30.3843,60.1282],[28.6202,60.3536],[28.4467,60.5433],[28.4467,60.5433],[28.7141,60.4366],[28.7141,60.4366],[28.5546,60.6015],[28.5546,60.6015],[28.7076,60.593],[28.7076,60.593],[28.7658,60.7259],[28.7076,60.593],[28.5546,60.6015],[28.7658,60.7259],[28.6226,60.6693],[28.7658,60.7259],[28.7141,60.4366],[28.4467,60.5433],[28.6202,60.3536],[30.7709,59.7436],[27.727,58.9364],[30.0356,58.4194],[35.6005,61.2375],[28.6149,60.6727]]]]}},{"type":"Feature","properties":{"name":"Липецкая область"},"geometry":{"type":"Polygon","coordinates":[[[39.7669,53.5724],[40.1957,53.3167],[40.1957,53.3167],[40.1816,52.8007],[40.1816,52.8007],[40.0111,52.746],[40.1816,52.8007],[40.0111,52.746],[40.0648,52.5852],[40.0111,52.746],[40.1957,53.3167],[40.0648,52.5852],[40.8192,52.1965],[40.0648,52.5852],[40.8192,52.1965],[40.6067,51.9359],[40.8192,52.1965],[40.6067,51.9359],[39.7922,51.9054],[39.7922,51.9054],[39.442,52.0817],[39.442,52.0817],[39.1041,51.9744],[39.1041,51.9744],[38.7303,52.1014],[39.1041,51.9744],[39.442,52.0817],[39.7922,51.9054],[38.7303,52.1014],[38.0035,51.9126],[38.7303,52.1014],[38.0035,51.9126],[37.7723,52.0512],[38.0035,51.9126],[37.7723,52.0512],[37.7715,52.171],[37.7715,52.171],[38.0911,52.3218],[37.7715,52.171],[38.0911,52.3218],[37.7021,52.606],[37.7021,52.606],[37.8872,52.7706],[37.8872,52.7706],[37.9084,53.067],[37.8872,52.7706],[37.7021,52.606],[38.0911,52.3218],[37.9084,53.067],[38.2781,53.0544],[38.2781,53.0544],[38.3081,53.0059],[38.3254,52.9528],[38.3254,52.9528],[38.6334,53.0199],[38.3254,52.9528],[38.6334,53.0199],[38.712,53.1109],[38.712,53.1109],[38.5372,53.3202],[38.712,53.1109],[38.5372,53.3202],[38.8227,53.3696],[38.8227,53.3696],[38.7656,53.5258],[38.8227,53.3696],[38.5372,53.3202],[38.7656,53.5258],[39.0325,53.5635],[39.0325,53.5635],[39.2026,53.3821],[39.0325,53.5635],[39.2026,53.3821],[39.5866,53.5065],[39.2026,53.3821],[38.7656,53.5258],[38.6334,53.0199],[37.9084,53.067],[37.7723,52.0512],[40.6067,51.9359],[39.7669,53.5724]]]}},{"type":"Feature","properties":{"name":"Магаданская область"},"geometry":{"type":"MultiPolygon","coordinates":[[],[],[],[],[[[150.703,59.1412],[150.7812,59.0874],[150.7812,59.0874],[150.4689,59.0006],[150.7812,59.0874],[150.4689,59.0006],[150.7023,59.1413],[150.4689,59.0006],[150.703,59.1412]]],[],[],[],[[[149.1233,59.2099],[148.9742,59.1133],[148.9742,59.1133],[149.1224,59.2102],[148.9742,59.1133],[149.1233,59.2099]]],[],[],[],[],[],[[[155.6017,59.3394],[155.5135,59.3232],[155.5135,59.3232],[155.6017,59.3397],[155.5135,59.3232],[155.6017,59.3394]]],[],[],[],[],[],[],[],[],[],[],[],[],[[[158.9713,66.2086],[159.1385,66.2013],[159.244,66.2025],[159.2323,66.1658],[159.0472,66.0624],[158.9783,65.9901],[158.9613,65.8833],[158.9682,65.7502],[159.1305,65.6744],[159.244,66.2025],[159.1305,65.6744],[160.1321,65.5],[160.1321,65.5],[160.6401,65.1753],[160.1321,65.5],[160.6401,65.1753],[161.686,65.0433],[160.6401,65.1753],[161.686,65.0433],[161.7822,64.9402],[161.9075,64.8499],[162.1087,64.7897],[162.1087,64.7897],[163.2343,64.6692],[162.1087,64.7897],[163.2343,64.6692],[163.2157,64.6026],[163.2412,64.5419],[163.5138,64.3708],[163.2412,64.5419],[163.2343,64.6692],[159.1305,65.6744],[163.5138,64.3708],[162.8663,64.1193],[162.8663,64.1193],[162.9705,63.8618],[162.9705,63.8618],[162.8851,63.8301],[162.8331,63.7868],[162.7886,63.7247],[162.7886,63.7247],[163.0709,63.4994],[162.7886,63.7247],[163.0709,63.4994],[162.7478,63.3677],[162.7478,63.3677],[162.8257,63.1736],[162.7478,63.3677],[162.8257,63.1736],[162.4255,63.0913],[162.4255,63.0913],[162.3582,63.0535],[162.326,62.992],[162.2885,62.9172],[162.8257,63.1736],[163.0709,63.4994],[162.2885,62.9172],[162.8298,62.6451],[162.8298,62.6451],[162.8064,62.6003],[162.6828,62.5482],[162.7796,62.2951],[162.6828,62.5482],[162.8298,62.6451],[162.2885,62.9172],[162.7796,62.2951],[162.2221,62.1449],[162.2221,62.1449],[162.5486,61.9792],[162.5486,61.9792],[162.2839,61.8842],[162.2839,61.8842],[162.4762,61.6956],[162.2839,61.8842],[162.5486,61.9792],[162.4762,61.6956],[162.0262,61.3831],[162.4762,61.6956],[162.2221,62.1449],[162.7796,62.2951],[162.8663,64.1193],[163.5138,64.3708],[162.0262,61.3831],[161.8913,61.4301],[161.8913,61.4301],[161.9112,61.3373],[161.9112,61.3373],[161.5525,61.2507],[161.9112,61.3373],[161.8913,61.4301],[161.5525,61.2507],[160.8016,60.7158],[161.5525,61.2507],[160.8016,60.7158],[160.4284,60.7469],[160.4284,60.7469],[160.1639,60.5707],[160.4284,60.7469],[160.8016,60.7158],[160.1639,60.5707],[160.2625,60.7155],[160.2625,60.7155],[160.1872,60.8219],[160.2625,60.7155],[160.1872,60.8219],[160.4399,61.0328],[160.1872,60.8219],[160.4399,61.0328],[159.7995,60.9281],[159.7995,60.9281],[160.0079,61.1095],[160.0079,61.1095],[159.9271,61.251],[159.9271,61.251],[159.786,61.236],[159.9271,61.251],[160.0079,61.1095],[159.7995,60.9281],[160.4399,61.0328],[159.786,61.236],[160.282,61.5467],[160.282,61.5467],[160.2773,61.6896],[160.2773,61.6896],[160.4238,61.7635],[160.2773,61.6896],[160.4238,61.7635],[160.3315,61.9375],[160.4238,61.7635],[160.282,61.5467],[159.786,61.236],[160.3315,61.9375],[159.5865,61.6531],[159.5865,61.6531],[159.5894,61.8305],[159.5894,61.8305],[159.47,61.7645],[159.47,61.7645],[159.3795,61.8839],[159.3795,61.8839],[159.0255,61.9207],[159.3795,61.8839],[159.47,61.7645],[159.5894,61.8305],[159.0255,61.9207],[158.85,61.8144],[158.85,61.8144],[157.4981,61.786],[157.4981,61.786],[157.057,61.6459],[157.4981,61.786],[158.85,61.8144],[159.0255,61.9207],[159.5865,61.6531],[160.3315,61.9375],[160.1639,60.5707],[157.057,61.6459],[156.6845,61.5132],[156.6845,61.5132],[156.6568,61.1957],[156.6845,61.5132],[156.6568,61.1957],[155.94,60.9432],[156.6568,61.1957],[155.94,60.9432],[155.9153,60.7132],[155.94,60.9432],[155.9153,60.7132],[154.8266,60.299],[154.8266,60.299],[154.4846,59.9314],[154.4846,59.9314],[154.5786,60.0962],[154.5786,60.0962],[154.4151,60.0675],[154.5786,60.0962],[154.4846,59.9314],[154.4151,60.0675],[154.4872,59.881],[154.4151,60.0675],[154.4872,59.881],[154.2232,59.874],[154.4872,59.881],[154.8266,60.299],[155.9153,60.7132],[154.2232,59.874],[154.3722,59.5795],[154.3722,59.5795],[154.2284,59.6644],[154.2284,59.6644],[154.0506,59.5264],[154.0506,59.5264],[154.1272,59.4606],[154.0506,59.5264],[154.2284,59.6644],[154.3722,59.5795],[154.1272,59.4606],[154.9725,59.4964],[154.9725,59.4964],[155.2103,59.3468],[155.2103,59.3468],[155.1822,59.1741],[155.2103,59.3468],[154.9725,59.4964],[154.1272,59.4606],[154.2232,59.874],[157.057,61.6459],[155.1822,59.1741],[154.3317,59.2089],[154.3317,59.2089],[154.355,59.1083],[154.355,59.1083],[154.0422,59.0472],[154.355,59.1083],[154.3317,59.2089],[154.0422,59.0472],[153.686,59.184],[153.686,59.184],[153.7772,59.2511],[153.686,59.184],[153.7772,59.2511],[153.3731,59.2554],[153.7772,59.2511],[154.0422,59.0472],[153.3731,59.2554],[153.3383,59.0883],[153.3383,59.0883],[153.0161,59.0667],[153.0161,59.0667],[152.9057,58.9063],[153.0161,59.0667],[153.3383,59.0883],[152.9057,58.9063],[152.3533,59.0621],[152.3533,59.0621],[152.0689,58.8867],[152.0689,58.8867],[151.3448,58.837],[152.0689,58.8867],[152.3533,59.0621],[152.9057,58.9063],[153.3731,59.2554],[151.3448,58.837],[151.1027,59.1059],[151.1027,59.1059],[152.3206,59.2297],[151.1027,59.1059],[152.3206,59.2297],[151.7363,59.2997],[151.7363,59.2997],[151.4076,59.6049],[151.7363,59.2997],[151.4076,59.6049],[150.9162,59.5656],[150.9162,59.5656],[150.9397,59.4545],[150.9397,59.4545],[150.76,59.4325],[150.9397,59.4545],[150.9162,59.5656],[150.76,59.4325],[150.5002,59.4851],[150.5002,59.4851],[150.7719,59.563],[150.5002,59.4851],[150.7719,59.563],[149.4512,59.7702],[150.7719,59.563],[150.76,59.4325],[151.4076,59.6049],[152.3206,59.2297],[151.3448,58.837],[149.4512,59.7702],[149.0481,59.616],[149.0481,59.616],[149.2266,59.462],[149.0481,59.616],[149.2266,59.462],[148.9302,59.4528],[148.9302,59.4528],[148.8761,59.5501],[148.9302,59.4528],[148.8761,59.5501],[148.7189,59.4606],[148.8761,59.5501],[149.2266,59.462],[148.7189,59.4606],[148.7372,59.3611],[148.7372,59.3611],[148.9865,59.3755],[148.7372,59.3611],[148.9865,59.3755],[148.9288,59.2334],[148.9865,59.3755],[148.7189,59.4606],[148.9288,59.2334],[148.417,59.2533],[148.417,59.2533],[148.2869,59.406],[148.417,59.2533],[148.2869,59.406],[147.5433,59.2358],[147.5433,59.2358],[146.9641,59.3688],[147.5433,59.2358],[148.2869,59.406],[148.9288,59.2334],[149.4512,59.7702],[155.1822,59.1741],[162.0262,61.3831],[146.9641,59.3688],[147.1961,59.4161],[147.1961,59.4161],[147.231,59.8679],[147.1961,59.4161],[147.231,59.8679],[146.8591,59.897],[146.8591,59.897],[146.7731,60.0959],[146.7731,60.0959],[146.4712,60.2263],[146.7731,60.0959],[146.8591,59.897],[146.4712,60.2263],[145.937,60.1838],[146.4712,60.2263],[145.937,60.1838],[145.5992,60.4434],[145.937,60.1838],[147.231,59.8679],[145.5992,60.4434],[146.1575,60.7346],[146.1575,60.7346],[146.5833,60.7079],[146.1575,60.7346],[146.5833,60.7079],[146.534,60.8982],[146.534,60.8982],[146.8436,61.0923],[146.534,60.8982],[146.8436,61.0923],[146.6899,61.5783],[146.8436,61.0923],[146.5833,60.7079],[145.5992,60.4434],[146.6899,61.5783],[146.2453,61.906],[146.2453,61.906],[145.7727,62.0672],[146.2453,61.906],[145.7727,62.0672],[145.5731,61.9192],[145.5731,61.9192],[144.7816,62.0615],[145.5731,61.9192],[145.7727,62.0672],[146.6899,61.5783],[144.7816,62.0615],[145.1544,62.2262],[145.1544,62.2262],[145.1889,62.4803],[145.1544,62.2262],[145.1889,62.4803],[145.4856,62.5531],[145.1889,62.4803],[145.4856,62.5531],[145.3807,62.7665],[145.3807,62.7665],[145.4667,62.8285],[145.4582,62.8833],[145.4492,62.9508],[145.4492,62.9508],[145.3679,62.9856],[145.2546,63.0224],[145.3225,63.0591],[145.3214,63.1042],[145.2307,63.1603],[145.4492,62.9508],[145.2307,63.1603],[145.6727,63.6731],[145.6727,63.6731],[145.6425,63.7034],[145.6264,63.7934],[145.654,63.8357],[145.2307,63.1603],[145.4856,62.5531],[144.7816,62.0615],[145.654,63.8357],[146.1374,63.925],[146.1374,63.925],[146.4153,64.174],[146.1374,63.925],[146.4153,64.174],[147.3364,64.0439],[147.3364,64.0439],[147.3661,64.104],[147.469,64.0909],[147.6449,64.1411],[147.6449,64.1411],[147.7668,63.9347],[147.7668,63.9347],[147.8999,63.9358],[147.9417,63.9212],[148.0414,63.9361],[147.6449,64.1411],[146.4153,64.174],[148.0414,63.9361],[148.3009,64.2037],[148.3009,64.2037],[148.0489,64.403],[148.3009,64.2037],[148.0489,64.403],[148.1633,64.4287],[148.2377,64.4646],[148.3689,64.5286],[148.0414,63.9361],[148.3689,64.5286],[149.3149,64.3762],[149.3149,64.3762],[149.9454,64.544],[149.3149,64.3762],[149.9454,64.544],[149.9437,64.505],[150.1034,64.4666],[150.0224,64.2995],[150.1034,64.4666],[150.0224,64.2995],[150.5101,64.159],[150.0224,64.2995],[149.9454,64.544],[150.5101,64.159],[150.6194,64.1569],[150.6104,64.228],[150.6064,64.2947],[150.6642,64.335],[150.6642,64.335],[151.4099,64.3057],[151.4099,64.3057],[151.9092,64.4664],[151.4099,64.3057],[151.9092,64.4664],[152.356,64.3765],[151.9092,64.4664],[150.6642,64.335],[150.5101,64.159],[148.3689,64.5286],[152.356,64.3765],[152.319,64.5273],[152.319,64.5273],[152.7966,64.7148],[152.319,64.5273],[152.7966,64.7148],[152.4938,64.9973],[152.4938,64.9973],[152.716,65.2147],[152.4938,64.9973],[152.7966,64.7148],[152.716,65.2147],[153.4182,65.3292],[153.4182,65.3292],[153.5018,65.3777],[153.5208,65.426],[153.4062,65.4688],[153.4341,65.5238],[153.4341,65.5238],[153.5292,65.5584],[153.5866,65.6025],[153.5866,65.6025],[153.5508,65.8159],[153.5866,65.6025],[153.5508,65.8159],[154.2506,65.794],[154.2506,65.794],[154.4414,65.9803],[154.4414,65.9803],[154.3952,66.0118],[154.3116,66.0282],[154.2838,66.0728],[154.2838,66.0728],[154.6178,66.2035],[154.2838,66.0728],[154.2506,65.794],[153.5508,65.8159],[153.4182,65.3292],[152.716,65.2147],[152.356,64.3765],[154.6178,66.2035],[154.9197,66.1084],[154.9197,66.1084],[155.9059,66.1692],[154.9197,66.1084],[155.9059,66.1692],[156.4229,66.0412],[155.9059,66.1692],[156.4229,66.0412],[156.6868,66.1904],[156.4229,66.0412],[156.6868,66.1904],[157.2522,65.8959],[156.6868,66.1904],[157.2522,65.8959],[157.7247,66.0887],[157.7247,66.0887],[158.5577,66.0731],[157.7247,66.0887],[158.5577,66.0731],[158.6169,66.0996],[158.4587,66.2243],[158.487,66.26],[158.5754,66.3175],[158.7094,66.3131],[158.7463,66.2663],[158.5577,66.0731],[157.2522,65.8959],[154.6178,66.2035],[145.654,63.8357],[146.9641,59.3688],[158.9713,66.2086]]]]}},{"type":"Feature","properties":{"name":"Республика Марий Эл"},"geometry":{"type":"Polygon","coordinates":[[[49.234,57.1389],[49.2459,57.0959],[49.2735,57.0643],[49.3205,57.0441],[49.7677,57.061],[49.3205,57.0441],[49.7677,57.061],[49.7542,56.9133],[49.7542,56.9133],[50.0978,56.8648],[49.7542,56.9133],[49.7677,57.061],[50.0978,56.8648],[50.0777,56.6378],[50.0777,56.6378],[50.2069,56.5604],[50.0777,56.6378],[50.0978,56.8648],[50.2069,56.5604],[49.0399,56.4008],[49.0399,56.4008],[48.9037,56.3007],[48.9037,56.3007],[49.0727,56.2267],[48.9037,56.3007],[49.0727,56.2267],[48.6895,56.0987],[48.6895,56.0987],[48.4338,55.8356],[48.6895,56.0987],[49.0727,56.2267],[49.0399,56.4008],[50.2069,56.5604],[48.4338,55.8356],[47.3526,56.3481],[47.3526,56.3481],[46.1526,56.0213],[47.3526,56.3481],[46.1526,56.0213],[46.0994,56.1758],[46.0994,56.1758],[45.8728,56.2688],[46.0994,56.1758],[45.8728,56.2688],[45.9612,56.4047],[45.8728,56.2688],[45.9612,56.4047],[45.6348,56.4722],[45.9612,56.4047],[46.1526,56.0213],[48.4338,55.8356],[45.6348,56.4722],[45.708,56.6175],[45.708,56.6175],[45.9253,56.6599],[45.708,56.6175],[45.9253,56.6599],[45.9081,56.843],[45.9253,56.6599],[45.9081,56.843],[46.3194,56.9655],[45.9081,56.843],[46.3194,56.9655],[47.5097,56.8663],[47.5097,56.8663],[47.76,57.0801],[47.76,57.0801],[48.0652,57.0254],[48.0652,57.0254],[48.2839,57.173],[48.0652,57.0254],[47.76,57.0801],[48.2839,57.173],[48.98,57.1093],[48.2839,57.173],[48.98,57.1093],[49.1387,57.3398],[48.98,57.1093],[49.1387,57.3398],[49.1749,57.3408],[49.2086,57.3405],[49.2447,57.3216],[49.2051,57.1669],[49.2447,57.3216],[49.1387,57.3398],[47.5097,56.8663],[46.3194,56.9655],[45.6348,56.4722],[49.234,57.1389]]]}},{"type":"Feature","properties":{"name":"Республика Мордовия"},"geometry":{"type":"Polygon","coordinates":[[[45.7454,54.9931],[46.3049,55.0682],[46.3049,55.0682],[46.2764,54.9594],[46.2764,54.9594],[46.5473,54.6612],[46.2764,54.9594],[46.5473,54.6612],[46.4937,54.4909],[46.5473,54.6612],[46.4937,54.4909],[46.6314,54.5038],[46.6314,54.5038],[46.5654,54.4211],[46.5654,54.4211],[46.7131,54.3624],[46.5654,54.4211],[46.6314,54.5038],[46.4937,54.4909],[46.3049,55.0682],[46.7131,54.3624],[46.0068,54.137],[46.0068,54.137],[45.7838,53.9266],[46.0068,54.137],[46.7131,54.3624],[45.7838,53.9266],[44.8912,53.9543],[44.8912,53.9543],[44.648,53.8683],[44.648,53.8683],[44.7797,53.7147],[44.7797,53.7147],[44.5981,53.6612],[44.7797,53.7147],[44.648,53.8683],[44.8912,53.9543],[44.5981,53.6612],[44.0673,53.726],[44.0673,53.726],[43.961,53.8781],[43.961,53.8781],[43.5847,53.9933],[43.961,53.8781],[44.0673,53.726],[43.5847,53.9933],[43.268,54.0102],[43.268,54.0102],[43.2113,53.8104],[43.268,54.0102],[43.2113,53.8104],[42.3605,53.7825],[43.2113,53.8104],[43.5847,53.9933],[44.5981,53.6612],[45.7838,53.9266],[42.3605,53.7825],[42.525,53.934],[42.525,53.934],[42.3337,54.1131],[42.525,53.934],[42.3337,54.1131],[42.7357,54.1276],[42.3337,54.1131],[42.7357,54.1276],[42.1994,54.2329],[42.1994,54.2329],[42.6455,54.3363],[42.6455,54.3363],[42.552,54.4136],[42.552,54.4136],[42.7341,54.5528],[42.552,54.4136],[42.6455,54.3363],[42.7341,54.5528],[42.4039,54.8155],[42.7341,54.5528],[42.1994,54.2329],[42.7357,54.1276],[42.4039,54.8155],[43.1252,54.765],[43.1252,54.765],[43.3311,54.933],[43.3311,54.933],[43.63,54.928],[43.3311,54.933],[43.1252,54.765],[43.63,54.928],[43.6231,54.8308],[43.6231,54.8308],[43.9728,54.7886],[43.9728,54.7886],[44.2567,54.5905],[43.9728,54.7886],[43.6231,54.8308],[44.2567,54.5905],[44.6987,54.5326],[44.2567,54.5905],[44.6987,54.5326],[44.637,54.4588],[44.6987,54.5326],[44.637,54.4588],[45.152,54.4705],[44.637,54.4588],[43.63,54.928],[45.152,54.4705],[45.0328,54.5943],[45.0328,54.5943],[45.096,54.7536],[45.0328,54.5943],[45.096,54.7536],[45.4754,54.9056],[45.4754,54.9056],[45.4448,55.0439],[45.4448,55.0439],[45.6482,55.1632],[45.4448,55.0439],[45.4754,54.9056],[45.6482,55.1632],[45.6891,55.1767],[45.7388,55.1766],[45.7887,55.162],[45.7245,55.0114],[45.7887,55.162],[45.6482,55.1632],[45.096,54.7536],[45.152,54.4705],[42.4039,54.8155],[42.3605,53.7825],[45.7454,54.9931]]]}},{"type":"Feature","properties":{"name":"город федерального значения Москва"},"geometry":{"type":"MultiPolygon","coordinates":[[],[],[],[[[37.6103,55.9418],[37.9847,55.7083],[37.9847,55.7083],[37.5096,55.5095],[37.9847,55.7083],[37.5096,55.5095],[37.581,55.5704],[37.581,55.5704],[37.3611,55.6236],[37.581,55.5704],[37.3611,55.6236],[37.4501,55.6644],[37.4501,55.6644],[37.3642,55.9201],[37.4501,55.6644],[37.3611,55.6236],[37.3642,55.9201],[37.6086,55.9428],[37.3642,55.9201],[37.5096,55.5095],[37.6103,55.9418]]],[],[]]}},{"type":"Feature","properties":{"name":"Московская область"},"geometry":{"type":"Polygon","coordinates":[[[37.769,56.9419],[38.4328,56.689],[38.4328,56.689],[38.321,56.5155],[38.321,56.5155],[38.6307,55.9708],[38.321,56.5155],[38.4328,56.689],[38.6307,55.9708],[39.0796,55.9327],[39.0796,55.9327],[39.5193,55.7302],[39.0796,55.9327],[39.5193,55.7302],[39.9244,55.8161],[39.5193,55.7302],[39.9244,55.8161],[40.1148,55.6418],[40.1148,55.6418],[40.0796,55.5076],[40.1148,55.6418],[40.0796,55.5076],[40.2212,55.4795],[40.0796,55.5076],[39.9244,55.8161],[38.6307,55.9708],[40.2212,55.4795],[40.1737,55.249],[40.1737,55.249],[39.7471,55.103],[40.1737,55.249],[39.7471,55.103],[39.8803,55.0963],[39.8803,55.0963],[39.8256,54.9916],[39.8803,55.0963],[39.7471,55.103],[39.8256,54.9916],[39.4735,54.9123],[39.4735,54.9123],[39.2503,54.6192],[39.4735,54.9123],[39.2503,54.6192],[38.8484,54.5869],[39.2503,54.6192],[39.8256,54.9916],[38.8484,54.5869],[38.8157,54.4511],[38.8157,54.4511],[38.9975,54.3721],[38.8157,54.4511],[38.9975,54.3721],[38.7303,54.2408],[38.9975,54.3721],[38.8484,54.5869],[40.2212,55.4795],[38.7303,54.2408],[38.4962,54.2765],[38.4962,54.2765],[38.3871,54.5175],[38.3871,54.5175],[38.4893,54.6279],[38.3871,54.5175],[38.4962,54.2765],[38.4893,54.6279],[38.2651,54.6162],[38.2651,54.6162],[37.9646,54.8311],[38.2651,54.6162],[37.9646,54.8311],[37.7176,54.6929],[37.7176,54.6929],[37.2365,54.8279],[37.7176,54.6929],[37.9646,54.8311],[37.2365,54.8279],[37.1339,55.1317],[37.1339,55.1317],[36.9764,55.2196],[37.1339,55.1317],[37.2365,54.8279],[38.4893,54.6279],[36.9764,55.2196],[36.6091,55.3099],[36.6091,55.3099],[36.1745,55.1447],[36.6091,55.3099],[36.1745,55.1447],[35.2864,55.2866],[36.1745,55.1447],[36.9764,55.2196],[35.2864,55.2866],[35.4128,55.5611],[35.4128,55.5611],[35.151,55.9222],[35.4128,55.5611],[35.151,55.9222],[35.3464,56.0594],[35.3464,56.0594],[35.3196,56.1943],[35.3464,56.0594],[35.3196,56.1943],[35.5088,56.2265],[35.3196,56.1943],[35.5088,56.2265],[35.4319,56.4257],[35.5088,56.2265],[35.151,55.9222],[35.4319,56.4257],[36.1034,56.314],[36.1034,56.314],[36.8271,56.5746],[36.8271,56.5746],[37.1251,56.5224],[36.8271,56.5746],[36.1034,56.314],[37.1251,56.5224],[37.0958,56.7339],[37.0958,56.7339],[37.5125,56.7639],[37.5125,56.7639],[37.7554,56.9375],[37.5125,56.7639],[37.0958,56.7339],[37.1251,56.5224],[35.4319,56.4257],[35.2864,55.2866],[38.7303,54.2408],[37.769,56.9419]],[[37.2166,56.0059],[37.2965,55.9539],[37.2965,55.9539],[37.2167,56.0061],[37.2965,55.9539],[37.2166,56.0059]],[[37.6027,55.944],[37.4568,55.8613],[37.4568,55.8613],[37.3698,55.9402],[37.4568,55.8613],[37.3698,55.9402],[37.3478,55.7519],[37.3698,55.9402],[37.3478,55.7519],[37.4501,55.6644],[37.4501,55.6644],[37.3611,55.6236],[37.4501,55.6644],[37.3611,55.6236],[37.618,55.4792],[37.3611,55.6236],[37.3478,55.7519],[37.618,55.4792],[37.9847,55.7083],[37.9847,55.7083],[37.6044,55.9441],[37.9847,55.7083],[37.618,55.4792],[37.6027,55.944]]]}},{"type":"Feature","properties":{"name":"Мурманская область"},"geometry":{"type":"MultiPolygon","coordinates":[[],[],[],[],[],[],[],[],[],[],[],[],[],[],[],[],[],[],[],[],[],[],[[[36.4245,69.059],[36.3353,69.0727],[36.3353,69.0727],[36.4239,69.0618],[36.3353,69.0727],[36.4245,69.059]]],[],[],[[[34.0536,69.382],[34.3889,69.3129],[34.3889,69.3129],[34.0363,69.3781],[34.3889,69.3129],[34.0536,69.382]]],[],[],[],[],[],[[[31.9722,69.9284],[33.1157,69.7245],[33.1157,69.7245],[32.852,69.5625],[32.852,69.5625],[32.1955,69.6285],[32.1955,69.6285],[32.1372,69.7431],[32.1955,69.6285],[32.1372,69.7431],[31.9629,69.6289],[32.1372,69.7431],[32.852,69.5625],[31.9629,69.6289],[32.5165,69.5054],[32.5165,69.5054],[32.2152,69.4127],[32.5165,69.5054],[32.2152,69.4127],[33.0745,69.4499],[32.2152,69.4127],[33.0745,69.4499],[32.8299,69.29],[33.0745,69.4499],[32.8299,69.29],[33.5027,69.3915],[32.8299,69.29],[33.5027,69.3915],[33.2248,69.2506],[33.2248,69.2506],[33.5246,69.245],[33.5246,69.245],[33.2819,69.2174],[33.2819,69.2174],[33.4875,69.1502],[33.2819,69.2174],[33.5246,69.245],[33.2248,69.2506],[33.4875,69.1502],[33.045,69.0506],[33.4875,69.1502],[33.5027,69.3915],[31.9629,69.6289],[33.1157,69.7245],[33.045,69.0506],[33.5769,69.1273],[33.5769,69.1273],[33.6089,69.2979],[33.5769,69.1273],[33.6089,69.2979],[34.3946,69.292],[34.3946,69.292],[35.1495,69.1206],[34.3946,69.292],[35.1495,69.1206],[35.2758,69.1939],[35.2758,69.1939],[35.1577,69.2413],[35.2758,69.1939],[35.1577,69.2413],[35.7013,69.1909],[35.1577,69.2413],[35.1495,69.1206],[35.7013,69.1909],[35.7976,69.1559],[35.7976,69.1559],[35.7273,69.0061],[35.7976,69.1559],[35.7013,69.1909],[35.7273,69.0061],[35.8189,69.1834],[35.7273,69.0061],[33.6089,69.2979],[35.8189,69.1834],[37.7972,68.6435],[37.7972,68.6435],[38.4443,68.2905],[37.7972,68.6435],[38.4443,68.2905],[38.7799,68.2444],[38.7799,68.2444],[38.6436,68.3678],[38.7799,68.2444],[38.6436,68.3678],[39.6554,68.0101],[38.6436,68.3678],[39.6554,68.0101],[39.8446,68.0331],[39.8446,68.0331],[39.7746,68.1539],[39.8446,68.0331],[39.6554,68.0101],[38.4443,68.2905],[35.8189,69.1834],[33.045,69.0506],[39.7746,68.1539],[40.3908,67.8806],[40.3908,67.8806],[40.279,67.8371],[40.279,67.8371],[40.4714,67.7177],[40.279,67.8371],[40.3908,67.8806],[40.4714,67.7177],[40.6532,67.7976],[40.6532,67.7976],[40.9653,67.7033],[40.6532,67.7976],[40.4714,67.7177],[40.9653,67.7033],[41.0752,67.2562],[41.0752,67.2562],[41.3812,67.1127],[41.0752,67.2562],[40.9653,67.7033],[39.7746,68.1539],[41.3812,67.1127],[41.2007,66.8177],[41.2007,66.8177],[40.4686,66.4099],[41.2007,66.8177],[40.4686,66.4099],[38.6751,66.0536],[40.4686,66.4099],[38.6751,66.0536],[35.5199,66.3826],[35.5199,66.3826],[34.8294,66.598],[35.5199,66.3826],[34.8294,66.598],[34.4836,66.5372],[34.8294,66.598],[34.4836,66.5372],[34.3782,66.6851],[34.3782,66.6851],[34.1109,66.6753],[34.3782,66.6851],[34.1109,66.6753],[34.1691,66.784],[34.1109,66.6753],[34.1691,66.784],[33.9333,66.6841],[33.9333,66.6841],[33.6215,66.8447],[33.9333,66.6841],[33.6215,66.8447],[33.6435,66.7387],[33.6435,66.7387],[33.5369,66.7586],[33.6435,66.7387],[33.5369,66.7586],[33.6362,66.7058],[33.5369,66.7586],[33.6362,66.7058],[33.517,66.7131],[33.6362,66.7058],[33.6215,66.8447],[33.517,66.7131],[32.8518,66.9694],[32.8518,66.9694],[32.7906,67.055],[32.7906,67.055],[32.9632,67.0874],[32.7906,67.055],[32.8518,66.9694],[32.9632,67.0874],[32.3598,67.1539],[32.9632,67.0874],[33.517,66.7131],[34.1691,66.784],[34.4836,66.5372],[32.3598,67.1539],[31.8541,67.1291],[31.8541,67.1291],[32.2666,67.1035],[32.2666,67.1035],[32.545,67.0004],[32.545,67.0004],[32.4081,66.8762],[32.545,67.0004],[32.4081,66.8762],[32.9195,66.7541],[32.4081,66.8762],[32.9195,66.7541],[32.7175,66.7376],[32.9195,66.7541],[32.7175,66.7376],[33.3144,66.6378],[32.7175,66.7376],[32.2666,67.1035],[31.8541,67.1291],[33.3144,66.6378],[32.5742,66.6021],[32.5742,66.6021],[32.2756,66.4821],[32.2756,66.4821],[32.3323,66.4652],[32.4112,66.4434],[32.4413,66.4242],[32.2855,66.3753],[32.4413,66.4242],[32.2756,66.4821],[32.5742,66.6021],[33.3144,66.6378],[32.2855,66.3753],[31.8494,66.3812],[31.8494,66.3812],[31.5764,66.6263],[31.5764,66.6263],[31.4601,66.6378],[31.3474,66.632],[31.3568,66.6512],[31.8494,66.3812],[31.3568,66.6512],[29.4144,66.5866],[31.3568,66.6512],[32.2855,66.3753],[32.3598,67.1539],[38.6751,66.0536],[29.4144,66.5866],[29.0392,66.9608],[29.0392,66.9608],[29.9592,67.5173],[29.9592,67.5173],[30.0359,67.6741],[29.9592,67.5173],[29.0392,66.9608],[30.0359,67.6741],[29.3458,68.073],[29.3458,68.073],[28.6598,68.1951],[29.3458,68.073],[28.6598,68.1951],[28.4504,68.5477],[28.4504,68.5477],[28.8035,68.8749],[28.4504,68.5477],[28.8035,68.8749],[28.4347,68.9084],[28.8035,68.8749],[28.6598,68.1951],[30.0359,67.6741],[28.4347,68.9084],[29.1366,69.0485],[29.1366,69.0485],[29.3149,69.3028],[29.1366,69.0485],[29.3149,69.3028],[30.1099,69.4627],[29.3149,69.3028],[30.1099,69.4627],[30.1957,69.5568],[30.1957,69.5568],[30.1166,69.6646],[30.1957,69.5568],[30.1099,69.4627],[30.1166,69.6646],[30.8201,69.5417],[30.8201,69.5417],[30.9456,69.5862],[30.9456,69.5862],[30.8427,69.786],[30.9456,69.5862],[30.8201,69.5417],[30.8427,69.786],[31.4276,69.7046],[31.4276,69.7046],[31.256,69.5737],[31.4276,69.7046],[31.256,69.5737],[31.816,69.6507],[31.256,69.5737],[30.8427,69.786],[31.816,69.6507],[31.6885,69.7096],[31.6885,69.7096],[31.7349,69.8131],[31.6885,69.7096],[31.7349,69.8131],[32.0916,69.7663],[31.7349,69.8131],[32.0916,69.7663],[31.9715,69.9328],[32.0916,69.7663],[31.816,69.6507],[30.1166,69.6646],[28.4347,68.9084],[29.4144,66.5866],[41.3812,67.1127],[31.9722,69.9284]]]]}},{"type":"Feature","properties":{"name":"Ненецкий автономный округ"},"geometry":{"type":"MultiPolygon","coordinates":[[],[],[],[],[],[],[],[],[[[54.1889,68.2056],[54.1397,68.1298],[54.1397,68.1298],[54.1858,68.2065],[54.1397,68.1298],[54.1889,68.2056]]],[],[],[],[],[],[],[],[],[],[],[],[],[],[[[53.9888,68.3716],[53.9533,68.2844],[53.9533,68.2844],[53.8648,68.3433],[53.8648,68.3433],[53.9781,68.3713],[53.8648,68.3433],[53.9533,68.2844],[53.9888,68.3716]]],[],[],[],[[[51.476,68.4638],[50.9681,68.4531],[50.9681,68.4531],[51.4875,68.4679],[50.9681,68.4531],[51.476,68.4638]]],[],[],[],[],[],[],[],[],[],[],[],[],[],[],[],[],[],[],[],[],[],[],[[[55.679,68.8537],[55.3903,68.9302],[55.3903,68.9302],[55.6911,68.8643],[55.3903,68.9302],[55.679,68.8537]]],[],[[[55.0272,68.9176],[54.9179,68.9406],[54.9179,68.9406],[55.0318,68.9207],[54.9179,68.9406],[55.0272,68.9176]]],[],[],[],[],[],[[[54.6922,68.9494],[54.5827,68.9391],[54.5827,68.9391],[54.6968,68.9671],[54.5827,68.9391],[54.6922,68.9494]]],[],[],[],[],[],[],[],[[[49.7269,69.3753],[50.2647,69.1834],[50.2647,69.1834],[50.1316,68.9829],[50.2647,69.1834],[50.1316,68.9829],[50.2183,69.2038],[50.2183,69.2038],[49.6565,68.856],[49.6565,68.856],[48.6698,68.706],[48.6698,68.706],[48.2654,68.8711],[48.6698,68.706],[48.2654,68.8711],[48.4082,68.7313],[48.4082,68.7313],[48.3015,68.7544],[48.4082,68.7313],[48.2654,68.8711],[49.6565,68.856],[50.2183,69.2038],[50.1316,68.9829],[48.3015,68.7544],[48.214,69.0889],[48.214,69.0889],[48.4126,69.3477],[48.214,69.0889],[48.4126,69.3477],[48.9541,69.4996],[48.9541,69.4996],[49.6635,69.399],[48.9541,69.4996],[48.4126,69.3477],[48.3015,68.7544],[49.7269,69.3753]]],[],[],[],[],[],[[[46.5565,66.8297],[47.6031,66.8875],[47.6031,66.8875],[47.744,67.0127],[47.744,67.0127],[47.676,67.1956],[47.744,67.0127],[47.676,67.1956],[47.927,67.4421],[47.676,67.1956],[47.927,67.4421],[47.8377,67.5713],[47.927,67.4421],[47.8377,67.5713],[48.001,67.6379],[47.8377,67.5713],[47.6031,66.8875],[48.001,67.6379],[49.0591,67.6196],[48.001,67.6379],[49.0591,67.6196],[48.7356,67.7011],[48.7356,67.7011],[48.7681,67.8345],[48.7681,67.8345],[48.5962,67.916],[48.7681,67.8345],[48.7356,67.7011],[49.0591,67.6196],[48.5962,67.916],[49.1604,67.8526],[49.1604,67.8526],[49.9901,68.0211],[49.9901,68.0211],[50.7878,68.3669],[49.9901,68.0211],[50.7878,68.3669],[52.2126,68.5697],[50.7878,68.3669],[49.1604,67.8526],[52.2126,68.5697],[52.0558,68.4691],[52.0558,68.4691],[52.3235,68.4623],[52.3235,68.4623],[52.168,68.3592],[52.168,68.3592],[52.4264,68.3283],[52.168,68.3592],[52.3235,68.4623],[52.0558,68.4691],[52.2126,68.5697],[52.4264,68.3283],[52.767,68.4739],[52.767,68.4739],[52.5272,68.6212],[52.5272,68.6212],[52.2875,68.5913],[52.5272,68.6212],[52.767,68.4739],[52.2875,68.5913],[53.8758,68.9595],[52.2875,68.5913],[52.4264,68.3283],[48.5962,67.916],[53.8758,68.9595],[54.5815,68.976],[54.5815,68.976],[53.6156,68.8983],[53.6156,68.8983],[54.0117,68.8261],[54.0117,68.8261],[53.7126,68.5938],[53.7126,68.5938],[53.9547,68.3974],[53.7126,68.5938],[54.0117,68.8261],[53.9547,68.3974],[53.3241,68.3362],[53.3241,68.3362],[53.1217,68.1329],[53.3241,68.3362],[53.9547,68.3974],[53.6156,68.8983],[54.5815,68.976],[53.1217,68.1329],[54.1068,68.2326],[54.1068,68.2326],[53.9904,67.9882],[54.1068,68.2326],[53.1217,68.1329],[53.9904,67.9882],[54.494,68.2954],[54.494,68.2954],[54.8222,68.1093],[54.494,68.2954],[54.8222,68.1093],[54.965,68.2444],[54.965,68.2444],[54.8678,68.3166],[54.965,68.2444],[54.8678,68.3166],[55.3701,68.5439],[54.8678,68.3166],[54.8222,68.1093],[55.3701,68.5439],[56.0638,68.6442],[56.0638,68.6442],[57.2506,68.5214],[56.0638,68.6442],[57.2506,68.5214],[57.8494,68.746],[57.8494,68.746],[57.2021,68.7093],[57.8494,68.746],[57.2021,68.7093],[57.9293,68.7261],[57.9293,68.7261],[58.8439,68.9756],[57.9293,68.7261],[57.2021,68.7093],[57.2506,68.5214],[55.3701,68.5439],[58.8439,68.9756],[59.3069,68.9691],[59.3069,68.9691],[58.9874,68.9111],[58.9874,68.9111],[59.5119,68.7436],[58.9874,68.9111],[59.3069,68.9691],[59.5119,68.7436],[59.173,68.6586],[59.173,68.6586],[59.1137,68.4057],[59.173,68.6586],[59.5119,68.7436],[59.1137,68.4057],[59.7724,68.3596],[59.1137,68.4057],[58.8439,68.9756],[53.9904,67.9882],[53.8758,68.9595],[59.7724,68.3596],[59.9472,68.4421],[59.9472,68.4421],[59.7953,68.6241],[59.7953,68.6241],[59.9313,68.7043],[59.7953,68.6241],[59.9472,68.4421],[59.9313,68.7043],[60.4284,68.684],[60.4284,68.684],[60.8768,68.8828],[60.4284,68.684],[60.8768,68.8828],[61.2268,68.7876],[60.8768,68.8828],[59.9313,68.7043],[61.2268,68.7876],[60.1837,69.551],[60.1837,69.551],[60.3457,69.6614],[60.3457,69.6614],[60.7922,69.6187],[60.3457,69.6614],[60.7922,69.6187],[60.6854,69.6964],[60.6854,69.6964],[60.857,69.859],[60.6854,69.6964],[60.7922,69.6187],[60.1837,69.551],[61.2268,68.7876],[59.7724,68.3596],[60.857,69.859],[64.3848,69.4766],[64.3848,69.4766],[64.9437,69.2574],[64.9437,69.2574],[64.5999,69.0082],[64.5999,69.0082],[64.6264,68.9682],[64.6839,68.9304],[64.6464,68.9025],[64.9437,69.2574],[64.6464,68.9025],[65.4439,68.7847],[65.4439,68.7847],[65.7112,68.5304],[65.4439,68.7847],[64.6464,68.9025],[64.3848,69.4766],[60.857,69.859],[65.7112,68.5304],[65.3183,68.3717],[65.3183,68.3717],[64.5842,68.3352],[65.3183,68.3717],[64.5842,68.3352],[64.6112,68.1966],[64.6112,68.1966],[63.9344,68.0271],[63.9344,68.0271],[63.9898,67.9163],[63.9898,67.9163],[63.752,67.7517],[63.9898,67.9163],[63.9344,68.0271],[64.6112,68.1966],[63.752,67.7517],[63.6375,67.777],[63.5418,67.7897],[63.3821,67.7718],[62.9684,67.5388],[62.9684,67.5388],[62.9588,67.4948],[62.9785,67.4531],[62.9446,67.4036],[62.9446,67.4036],[61.7049,67.0171],[62.9446,67.4036],[63.3821,67.7718],[63.752,67.7517],[64.5842,68.3352],[61.7049,67.0171],[52.1658,67.0764],[52.1658,67.0764],[51.5323,66.9069],[51.5323,66.9069],[51.5229,66.8667],[51.5205,66.8288],[51.5544,66.7796],[51.5544,66.7796],[48.9307,66.1087],[51.5544,66.7796],[48.9307,66.1087],[48.1078,66.1346],[48.1078,66.1346],[47.6782,65.9425],[47.6782,65.9425],[47.7663,65.8839],[47.8012,65.8584],[47.75,65.8387],[47.75,65.8387],[47.1371,65.8354],[47.75,65.8387],[48.1078,66.1346],[48.9307,66.1087],[52.1658,67.0764],[61.7049,67.0171],[47.1371,65.8354],[46.4111,66.0748],[46.4111,66.0748],[45.607,66.0891],[45.607,66.0891],[44.2181,66.4007],[45.607,66.0891],[46.4111,66.0748],[44.2181,66.4007],[44.5922,66.6533],[44.5922,66.6533],[44.3586,66.78],[44.3586,66.78],[44.5266,66.9026],[44.3586,66.78],[44.5922,66.6533],[44.5266,66.9026],[44.2967,67.0345],[44.2967,67.0345],[44.3804,67.087],[44.2967,67.0345],[44.3804,67.087],[43.7719,67.2574],[44.3804,67.087],[44.5266,66.9026],[43.7719,67.2574],[44.2004,67.6671],[44.2004,67.6671],[44.1086,67.8394],[44.1086,67.8394],[44.3057,67.9143],[44.1086,67.8394],[44.3057,67.9143],[44.1752,67.9724],[44.3057,67.9143],[44.2004,67.6671],[44.1752,67.9724],[44.3627,68.0329],[44.1752,67.9724],[43.7719,67.2574],[44.3627,68.0329],[44.2146,68.0207],[44.2146,68.0207],[44.1932,68.3028],[44.2146,68.0207],[44.1932,68.3028],[43.2562,68.6719],[44.1932,68.3028],[44.3627,68.0329],[44.2181,66.4007],[47.1371,65.8354],[43.2562,68.6719],[46.0146,68.4157],[46.0146,68.4157],[45.8677,68.4167],[45.8677,68.4167],[46.0197,68.3083],[45.8677,68.4167],[46.0197,68.3083],[46.5305,68.12],[46.0197,68.3083],[46.5305,68.12],[46.675,67.8131],[46.5305,68.12],[46.675,67.8131],[45.2856,67.6985],[45.2856,67.6985],[45.3022,67.5742],[45.3022,67.5742],[44.8324,67.3142],[45.3022,67.5742],[45.2856,67.6985],[46.675,67.8131],[44.8324,67.3142],[45.5974,67.1552],[45.5974,67.1552],[45.9643,66.8113],[45.5974,67.1552],[45.9643,66.8113],[46.5572,66.8356],[45.9643,66.8113],[44.8324,67.3142],[46.0146,68.4157],[43.2562,68.6719],[65.7112,68.5304],[46.5565,66.8297]]],[],[],[],[],[],[],[[[59.0752,70.467],[60.554,69.8016],[60.554,69.8016],[59.9937,69.6571],[59.9937,69.6571],[59.5837,69.7101],[59.5837,69.7101],[59.7058,69.793],[59.7058,69.793],[59.4363,69.8901],[59.7058,69.793],[59.5837,69.7101],[59.4363,69.8901],[58.9824,69.9446],[58.9824,69.9446],[59.1768,69.8541],[59.1768,69.8541],[59.0628,69.8552],[59.1768,69.8541],[58.9824,69.9446],[59.4363,69.8901],[59.9937,69.6571],[60.554,69.8016],[59.0628,69.8552],[58.4072,70.2375],[58.4072,70.2375],[58.8237,70.2067],[58.8237,70.2067],[58.5202,70.3368],[58.5202,70.3368],[59.0701,70.4687],[58.5202,70.3368],[58.8237,70.2067],[58.4072,70.2375],[59.0628,69.8552],[59.0752,70.467]]]]}},{"type":"Feature","properties":{"name":"Нижегородская область"},"geometry":{"type":"Polygon","coordinates":[[[46.3903,58.08],[47.7784,57.9448],[47.7784,57.9448],[47.4716,57.5435],[47.4716,57.5435],[46.7808,57.5084],[47.4716,57.5435],[46.7808,57.5084],[46.7609,56.9593],[46.7808,57.5084],[46.7609,56.9593],[45.9706,56.8738],[45.9706,56.8738],[45.9093,56.6404],[45.9093,56.6404],[45.6708,56.5863],[45.9093,56.6404],[45.9706,56.8738],[46.7609,56.9593],[45.6708,56.5863],[45.6348,56.4722],[45.6348,56.4722],[45.9612,56.4047],[45.9612,56.4047],[45.8728,56.2688],[45.8728,56.2688],[46.1073,56.1622],[45.8728,56.2688],[45.9612,56.4047],[45.6348,56.4722],[46.1073,56.1622],[46.1191,55.8169],[46.1191,55.8169],[45.9782,55.6442],[46.1191,55.8169],[46.1073,56.1622],[45.9782,55.6442],[46.4217,55.4222],[45.9782,55.6442],[46.4217,55.4222],[46.0919,55.2212],[46.0919,55.2212],[46.113,55.0526],[46.113,55.0526],[46.0217,55.0146],[45.9762,54.9942],[46.0919,55.2212],[45.9762,54.9942],[45.7454,54.9931],[45.7454,54.9931],[45.7388,55.1766],[45.7454,54.9931],[45.7388,55.1766],[45.4654,55.0689],[45.7388,55.1766],[45.9762,54.9942],[45.4654,55.0689],[45.4754,54.9056],[45.4754,54.9056],[45.096,54.7536],[45.4754,54.9056],[45.096,54.7536],[45.0328,54.5943],[45.0328,54.5943],[45.152,54.4705],[45.0328,54.5943],[45.096,54.7536],[45.4654,55.0689],[46.4217,55.4222],[45.6708,56.5863],[47.7784,57.9448],[45.152,54.4705],[44.637,54.4588],[44.637,54.4588],[44.6987,54.5326],[44.6987,54.5326],[44.2567,54.5905],[44.2567,54.5905],[43.9728,54.7886],[43.9728,54.7886],[43.6231,54.8308],[43.9728,54.7886],[43.6231,54.8308],[43.63,54.928],[43.6231,54.8308],[44.2567,54.5905],[44.6987,54.5326],[44.637,54.4588],[43.63,54.928],[43.3311,54.933],[43.3311,54.933],[43.1252,54.765],[43.3311,54.933],[43.1252,54.765],[42.609,54.764],[43.1252,54.765],[42.609,54.764],[42.4595,54.8328],[42.4595,54.8328],[42.4532,55.0003],[42.4595,54.8328],[42.4532,55.0003],[42.4022,54.9758],[42.3614,54.9949],[42.2243,54.943],[41.7895,55.0777],[42.2243,54.943],[42.4532,55.0003],[42.609,54.764],[43.63,54.928],[41.7895,55.0777],[42.1365,55.4089],[42.1365,55.4089],[42.0887,55.6081],[42.1365,55.4089],[42.0887,55.6081],[42.9273,56.1596],[42.0887,55.6081],[42.9273,56.1596],[42.6205,56.405],[42.6205,56.405],[42.913,56.4727],[42.913,56.4727],[42.8018,56.769],[42.913,56.4727],[42.6205,56.405],[42.9273,56.1596],[42.8018,56.769],[43.5152,56.8827],[43.5152,56.8827],[43.6865,57.0612],[43.6865,57.0612],[43.5086,57.206],[43.6865,57.0612],[43.5086,57.206],[43.8728,57.3621],[43.5086,57.206],[43.8728,57.3621],[43.7035,57.4368],[43.8728,57.3621],[43.5152,56.8827],[42.8018,56.769],[43.7035,57.4368],[44.079,57.4408],[44.079,57.4408],[44.7562,57.6933],[44.079,57.4408],[44.7562,57.6933],[44.8873,58.0661],[44.7562,57.6933],[44.8873,58.0661],[45.699,57.9205],[45.699,57.9205],[45.8651,58.0447],[45.8651,58.0447],[46.3208,58.0655],[45.8651,58.0447],[45.699,57.9205],[44.8873,58.0661],[43.7035,57.4368],[41.7895,55.0777],[45.152,54.4705],[46.3903,58.08]]]}},{"type":"Feature","properties":{"name":"Республика Северная Осетия - Алания"},"geometry":{"type":"Polygon","coordinates":[[[44.8887,43.7267],[44.9282,43.5359],[44.9282,43.5359],[44.6123,43.5349],[44.6123,43.5349],[44.5839,43.3984],[44.6123,43.5349],[44.9282,43.5359],[44.5839,43.3984],[44.6441,43.1821],[44.6441,43.1821],[44.9295,43.0446],[44.6441,43.1821],[44.9295,43.0446],[44.914,42.8174],[44.9295,43.0446],[44.5839,43.3984],[44.914,42.8174],[43.7702,42.5877],[44.914,42.8174],[43.7702,42.5877],[43.7909,42.7501],[43.7909,42.7501],[43.416,42.8989],[43.7909,42.7501],[43.416,42.8989],[43.6566,42.9317],[43.6566,42.9317],[43.933,43.2651],[43.6566,42.9317],[43.933,43.2651],[44.1135,43.1562],[44.1135,43.1562],[44.1829,43.3405],[44.1829,43.3405],[44.5053,43.347],[44.1829,43.3405],[44.1135,43.1562],[43.933,43.2651],[44.5053,43.347],[44.4243,43.7304],[44.5053,43.347],[44.4243,43.7304],[44.8488,43.7443],[44.4243,43.7304],[43.416,42.8989],[43.7702,42.5877],[44.8887,43.7267]]]}},{"type":"Feature","properties":{"name":"Новгородская область"},"geometry":{"type":"Polygon","coordinates":[[[33.2979,59.2885],[33.6509,59.3545],[33.6509,59.3545],[34.0786,59.1148],[34.0786,59.1148],[34.9672,59.0571],[34.0786,59.1148],[33.6509,59.3545],[34.9672,59.0571],[35.2384,58.9576],[35.2384,58.9576],[35.2004,58.8153],[35.2004,58.8153],[35.3106,58.7699],[35.2004,58.8153],[35.2384,58.9576],[35.3106,58.7699],[35.7619,58.8291],[35.7619,58.8291],[36.472,58.5225],[35.7619,58.8291],[35.3106,58.7699],[34.9672,59.0571],[36.472,58.5225],[35.3704,58.3706],[35.3704,58.3706],[35.2378,58.2087],[35.2378,58.2087],[34.8509,58.229],[35.2378,58.2087],[34.8509,58.229],[34.7423,58.0562],[34.8509,58.229],[35.3704,58.3706],[34.7423,58.0562],[34.1101,58.2059],[34.1101,58.2059],[33.7639,58.128],[34.1101,58.2059],[34.7423,58.0562],[33.7639,58.128],[33.6001,58.0105],[33.6001,58.0105],[33.7579,57.9406],[33.7579,57.9406],[33.6366,57.7058],[33.7579,57.9406],[33.6001,58.0105],[33.6366,57.7058],[33.3558,57.6649],[33.6366,57.7058],[33.3558,57.6649],[33.3229,57.3798],[33.3558,57.6649],[33.3229,57.3798],[32.8563,57.4199],[32.8563,57.4199],[32.059,57.0395],[32.059,57.0395],[31.8142,57.0589],[32.059,57.0395],[31.8142,57.0589],[31.656,56.8895],[31.8142,57.0589],[32.8563,57.4199],[31.656,56.8895],[30.7852,56.9315],[31.656,56.8895],[33.3229,57.3798],[33.7639,58.128],[36.472,58.5225],[30.7852,56.9315],[30.7416,56.9546],[30.7113,56.9842],[30.7023,57.0098],[30.845,57.2082],[30.7023,57.0098],[30.845,57.2082],[30.4805,57.345],[30.845,57.2082],[30.4805,57.345],[30.714,57.5837],[30.714,57.5837],[30.5076,57.628],[30.5076,57.628],[30.5734,57.8687],[30.5076,57.628],[30.714,57.5837],[30.4805,57.345],[30.5734,57.8687],[29.6951,58.0683],[30.5734,57.8687],[29.6951,58.0683],[29.669,58.1869],[29.669,58.1869],[29.9284,58.2865],[29.9284,58.2865],[29.9283,58.4405],[29.9284,58.2865],[29.669,58.1869],[29.9283,58.4405],[30.1569,58.4641],[29.9283,58.4405],[30.1569,58.4641],[30.1293,58.7009],[30.1569,58.4641],[29.6951,58.0683],[30.1293,58.7009],[30.729,58.722],[30.729,58.722],[31.0492,59.039],[31.0492,59.039],[31.4062,59.0211],[31.0492,59.039],[30.729,58.722],[31.4062,59.0211],[31.6026,59.2027],[31.6026,59.2027],[31.5479,59.341],[31.6026,59.2027],[31.4062,59.0211],[31.5479,59.341],[31.8365,59.2689],[31.8365,59.2689],[31.9892,59.387],[31.8365,59.2689],[31.9892,59.387],[32.6683,59.0618],[31.9892,59.387],[32.6683,59.0618],[33.0676,59.4063],[33.0676,59.4063],[33.2547,59.309],[33.0676,59.4063],[32.6683,59.0618],[31.5479,59.341],[30.1293,58.7009],[30.7852,56.9315],[33.2979,59.2885]]]}},{"type":"Feature","properties":{"name":"Новосибирская область"},"geometry":{"type":"Polygon","coordinates":[[[76.2572,57.2047],[78.3619,57.1536],[78.3619,57.1536],[79.7337,56.8352],[79.7337,56.8352],[79.846,56.7506],[80.0037,56.6221],[80.2649,56.419],[80.2649,56.419],[81.1451,56.5237],[81.1451,56.5237],[81.6174,56.2482],[81.1451,56.5237],[80.2649,56.419],[78.3619,57.1536],[81.6174,56.2482],[83.11,56.5238],[81.6174,56.2482],[83.11,56.5238],[83.2312,56.3963],[83.2312,56.3963],[83.0768,56.2399],[83.2312,56.3963],[83.0768,56.2399],[83.354,55.8417],[83.0768,56.2399],[83.354,55.8417],[83.2085,55.7279],[83.2085,55.7279],[83.2347,55.7007],[83.279,55.6743],[83.354,55.8417],[83.279,55.6743],[83.6043,55.6719],[83.6043,55.6719],[83.9693,55.9902],[83.6043,55.6719],[83.9693,55.9902],[84.4592,56.0201],[83.9693,55.9902],[84.4592,56.0201],[84.5063,56.0094],[84.5507,56.0049],[84.5681,55.7353],[84.5507,56.0049],[84.5681,55.7353],[84.815,55.5681],[84.5681,55.7353],[84.4592,56.0201],[83.279,55.6743],[83.11,56.5238],[84.815,55.5681],[84.6396,55.3791],[84.6396,55.3791],[84.8819,55.3741],[84.8819,55.3741],[84.8779,54.9856],[84.8779,54.9856],[85.079,54.8001],[84.8779,54.9856],[85.079,54.8001],[84.9354,54.6917],[85.079,54.8001],[84.9354,54.6917],[85.0806,54.3825],[84.9354,54.6917],[84.8819,55.3741],[84.6396,55.3791],[85.0806,54.3825],[84.419,54.1352],[85.0806,54.3825],[84.419,54.1352],[83.4841,54.0877],[83.4841,54.0877],[83.4068,53.9422],[83.4841,54.0877],[83.4068,53.9422],[83.07,54.0148],[83.4068,53.9422],[83.07,54.0148],[82.4529,53.5141],[83.07,54.0148],[82.4529,53.5141],[81.8166,53.7067],[81.8166,53.7067],[81.7163,53.8285],[81.7163,53.8285],[81.8285,53.9211],[81.7163,53.8285],[81.8285,53.9211],[81.1111,54.1158],[81.1111,54.1158],[80.8569,54.3652],[81.1111,54.1158],[81.8285,53.9211],[81.8166,53.7067],[82.4529,53.5141],[80.8569,54.3652],[80.8191,54.2502],[80.8191,54.2502],[80.1002,54.0579],[80.1002,54.0579],[79.4619,53.7079],[80.1002,54.0579],[80.8191,54.2502],[79.4619,53.7079],[78.6933,53.6559],[78.6933,53.6559],[78.2906,53.4828],[78.6933,53.6559],[78.2906,53.4828],[78.1726,53.6106],[78.1726,53.6106],[77.9558,53.5579],[78.1726,53.6106],[78.2906,53.4828],[79.4619,53.7079],[77.9558,53.5579],[78.063,53.4501],[78.063,53.4501],[77.8717,53.3065],[78.063,53.4501],[77.9558,53.5579],[80.8569,54.3652],[84.419,54.1352],[84.815,55.5681],[77.8717,53.3065],[76.5067,54.0372],[76.5067,54.0372],[76.4267,54.1682],[76.4267,54.1682],[76.7486,54.1604],[76.7486,54.1604],[76.8715,54.3096],[76.8715,54.3096],[76.7824,54.378],[76.8715,54.3096],[76.7824,54.378],[76.9282,54.4579],[76.7824,54.378],[76.7486,54.1604],[76.4267,54.1682],[76.5067,54.0372],[76.9282,54.4579],[75.6986,54.1316],[76.9282,54.4579],[75.6986,54.1316],[75.6694,54.4595],[75.6694,54.4595],[75.7938,54.6669],[75.6694,54.4595],[75.7938,54.6669],[75.4925,54.8917],[75.4925,54.8917],[75.427,54.8901],[75.3535,54.8828],[75.3134,54.8818],[75.3134,54.8818],[75.3869,55.0275],[75.3869,55.0275],[75.0997,55.3429],[75.3869,55.0275],[75.3134,54.8818],[75.7938,54.6669],[75.6986,54.1316],[75.0997,55.3429],[75.344,55.4801],[75.344,55.4801],[75.1576,55.5388],[75.1576,55.5388],[75.095,55.7233],[75.1576,55.5388],[75.344,55.4801],[75.095,55.7233],[75.3239,55.7279],[75.3239,55.7279],[75.2904,55.8488],[75.2904,55.8488],[75.4647,56.0266],[75.2904,55.8488],[75.3239,55.7279],[75.095,55.7233],[75.4647,56.0266],[76.2985,56.1636],[75.4647,56.0266],[76.2985,56.1636],[76.1046,56.302],[76.1046,56.302],[76.1271,56.4324],[76.1046,56.302],[76.1271,56.4324],[75.8145,56.4643],[76.1271,56.4324],[75.8145,56.4643],[76.2406,56.6878],[76.2406,56.6878],[76.1852,57.2068],[76.2406,56.6878],[75.8145,56.4643],[76.2985,56.1636],[75.0997,55.3429],[77.8717,53.3065],[76.2572,57.2047]]]}},{"type":"Feature","properties":{"name":"Омская область"},"geometry":{"type":"Polygon","coordinates":[[[75.0868,58.1281],[75.5182,57.9421],[75.5182,57.9421],[75.5463,57.6376],[75.5463,57.6376],[76.0035,57.3482],[76.0035,57.3482],[76.2405,56.9125],[76.0035,57.3482],[75.5463,57.6376],[75.5182,57.9421],[76.2405,56.9125],[76.2406,56.6878],[76.2406,56.6878],[75.8145,56.4643],[76.2406,56.6878],[75.8145,56.4643],[76.1271,56.4324],[76.1271,56.4324],[76.1046,56.302],[76.1046,56.302],[76.2985,56.1636],[76.1046,56.302],[76.1271,56.4324],[75.8145,56.4643],[76.2985,56.1636],[75.4647,56.0266],[75.4647,56.0266],[75.2904,55.8488],[75.2904,55.8488],[75.3239,55.7279],[75.2904,55.8488],[75.3239,55.7279],[75.0852,55.6998],[75.3239,55.7279],[75.4647,56.0266],[76.2985,56.1636],[75.0852,55.6998],[75.344,55.4801],[75.344,55.4801],[75.0997,55.3429],[75.0997,55.3429],[75.3869,55.0275],[75.3869,55.0275],[75.3029,54.8921],[75.3869,55.0275],[75.0997,55.3429],[75.344,55.4801],[75.3029,54.8921],[75.4925,54.8917],[75.4925,54.8917],[75.8083,54.6295],[75.4925,54.8917],[75.3029,54.8921],[75.8083,54.6295],[75.6694,54.4595],[75.6694,54.4595],[75.6986,54.1316],[75.6694,54.4595],[75.6986,54.1316],[75.3972,54.0823],[75.3972,54.0823],[75.4731,53.9794],[75.3972,54.0823],[75.6986,54.1316],[75.8083,54.6295],[75.0852,55.6998],[76.2405,56.9125],[75.4731,53.9794],[74.4719,53.6837],[74.4719,53.6837],[74.4039,53.4611],[74.4719,53.6837],[74.4039,53.4611],[73.9034,53.6484],[73.9034,53.6484],[73.449,53.4448],[73.9034,53.6484],[74.4039,53.4611],[73.449,53.4448],[73.2594,53.6811],[73.2594,53.6811],[73.4651,53.8824],[73.4651,53.8824],[73.6913,53.8621],[73.4651,53.8824],[73.6913,53.8621],[73.7504,54.0543],[73.6913,53.8621],[73.2594,53.6811],[73.7504,54.0543],[73.2893,53.9533],[73.2893,53.9533],[72.6009,54.134],[73.2893,53.9533],[72.6009,54.134],[72.5206,54.0469],[72.5206,54.0469],[72.7221,53.9495],[72.5206,54.0469],[72.7221,53.9495],[72.4804,53.9097],[72.7221,53.9495],[72.6009,54.134],[72.4804,53.9097],[72.3632,54.0885],[72.3632,54.0885],[72.4924,54.1394],[72.3632,54.0885],[72.4924,54.1394],[72.1379,54.3638],[72.4924,54.1394],[72.4804,53.9097],[72.1379,54.3638],[72.0382,54.3568],[72.0382,54.3568],[72.1717,54.133],[72.0382,54.3568],[72.1717,54.133],[71.7671,54.2485],[71.7671,54.2485],[71.6556,54.1027],[71.6556,54.1027],[71.1619,54.1149],[71.6556,54.1027],[71.7671,54.2485],[72.1717,54.133],[72.1379,54.3638],[71.1619,54.1149],[71.0152,54.3404],[71.0152,54.3404],[71.2031,54.3233],[71.2031,54.3233],[71.3019,54.6573],[71.2031,54.3233],[71.0152,54.3404],[71.3019,54.6573],[71.0583,54.7736],[71.0583,54.7736],[71.015,55.0729],[71.015,55.0729],[70.8202,55.298],[71.015,55.0729],[71.0583,54.7736],[70.8202,55.298],[70.4829,55.345],[70.8202,55.298],[71.3019,54.6573],[71.1619,54.1149],[73.7504,54.0543],[73.449,53.4448],[70.4829,55.345],[70.7722,55.5626],[70.7722,55.5626],[70.585,55.7273],[70.7722,55.5626],[70.585,55.7273],[70.8428,55.8062],[70.585,55.7273],[70.8428,55.8062],[70.5431,55.8405],[70.8428,55.8062],[70.5431,55.8405],[70.8456,55.906],[70.8456,55.906],[70.8945,55.9767],[70.9216,56.0307],[70.9211,56.0635],[70.7875,56.213],[70.9211,56.0635],[70.7875,56.213],[71.0163,56.2809],[70.7875,56.213],[70.8456,55.906],[70.5431,55.8405],[71.0163,56.2809],[70.8215,56.403],[71.0163,56.2809],[70.8215,56.403],[71.137,56.5063],[71.137,56.5063],[71.0683,56.6529],[71.137,56.5063],[71.0683,56.6529],[71.3735,56.6175],[71.3735,56.6175],[71.6187,56.7838],[71.3735,56.6175],[71.0683,56.6529],[70.8215,56.403],[71.6187,56.7838],[71.0492,57.3226],[71.0492,57.3226],[70.6591,57.2041],[70.6591,57.2041],[70.4209,57.3438],[70.6591,57.2041],[71.0492,57.3226],[70.4209,57.3438],[70.7316,57.5165],[70.7316,57.5165],[70.4998,57.7965],[70.4998,57.7965],[70.8734,58.5213],[70.4998,57.7965],[70.7316,57.5165],[70.4209,57.3438],[71.6187,56.7838],[70.8734,58.5213],[71.2908,58.3658],[71.2908,58.3658],[71.3031,58.0235],[71.2908,58.3658],[71.3031,58.0235],[71.9977,58.0851],[71.9977,58.0851],[72.825,57.9591],[71.9977,58.0851],[72.825,57.9591],[73.1472,58.1344],[73.1472,58.1344],[74.15,58.1139],[73.1472,58.1344],[72.825,57.9591],[74.15,58.1139],[75.1606,58.5716],[74.15,58.1139],[75.1606,58.5716],[75.2141,58.5276],[75.2776,58.4876],[75.3401,58.4386],[75.0364,58.3067],[75.0364,58.3067],[75.0669,58.2884],[75.1188,58.2462],[75.2337,58.2069],[75.1937,58.1802],[75.1377,58.1551],[75.0364,58.3067],[75.3401,58.4386],[75.1606,58.5716],[71.3031,58.0235],[70.8734,58.5213],[70.4829,55.345],[75.4731,53.9794],[75.0868,58.1281]]]}},{"type":"Feature","properties":{"name":"Орловская область"},"geometry":{"type":"Polygon","coordinates":[[[36.0197,53.6351],[36.7503,53.3053],[36.7503,53.3053],[37.5796,53.2781],[36.7503,53.3053],[37.5796,53.2781],[37.5723,53.19],[37.5809,53.1424],[37.8579,53.0175],[37.5809,53.1424],[37.5796,53.2781],[37.8579,53.0175],[37.8872,52.7706],[37.8872,52.7706],[37.7021,52.606],[37.8872,52.7706],[37.7021,52.606],[38.0911,52.3218],[37.7021,52.606],[38.0911,52.3218],[37.7715,52.171],[37.7715,52.171],[37.6872,51.9859],[37.7715,52.171],[37.6872,51.9859],[37.4027,51.9547],[37.6872,51.9859],[38.0911,52.3218],[37.8579,53.0175],[37.4027,51.9547],[36.2845,52.3983],[36.2845,52.3983],[35.6324,52.2864],[35.6324,52.2864],[35.4606,52.4799],[35.4606,52.4799],[34.8348,52.4094],[35.4606,52.4799],[35.6324,52.2864],[36.2845,52.3983],[34.8348,52.4094],[35.0503,52.6984],[35.0503,52.6984],[34.7709,52.8888],[35.0503,52.6984],[34.7709,52.8888],[35.2829,53.0667],[34.7709,52.8888],[35.2829,53.0667],[35.0905,53.1508],[35.0905,53.1508],[35.1397,53.1716],[35.1234,53.199],[35.1262,53.2849],[35.2829,53.0667],[35.1262,53.2849],[35.9977,53.6383],[35.1262,53.2849],[34.8348,52.4094],[37.4027,51.9547],[36.0197,53.6351]]]}},{"type":"Feature","properties":{"name":"Оренбургская область"},"geometry":{"type":"Polygon","coordinates":[[[52.5808,54.3717],[53.0876,54.3351],[53.0876,54.3351],[53.1233,54.3057],[53.1533,54.2826],[53.1399,54.2578],[52.9576,54.1885],[53.1399,54.2578],[52.9576,54.1885],[53.0467,54.0846],[52.9576,54.1885],[53.0467,54.0846],[53.4432,54.0326],[53.4432,54.0326],[54.2129,53.4017],[53.4432,54.0326],[54.2129,53.4017],[54.8974,53.2462],[54.2129,53.4017],[53.0467,54.0846],[53.0876,54.3351],[54.8974,53.2462],[55.0861,52.8689],[55.0861,52.8689],[55.3339,52.8694],[55.0861,52.8689],[55.3339,52.8694],[55.3594,52.7664],[55.3982,52.7475],[55.2307,52.6787],[55.3982,52.7475],[55.2307,52.6787],[55.4554,52.6077],[55.4554,52.6077],[55.5268,52.4271],[55.4554,52.6077],[55.2307,52.6787],[55.3339,52.8694],[54.8974,53.2462],[55.5268,52.4271],[55.807,52.3756],[55.807,52.3756],[56.0766,52.6715],[55.807,52.3756],[56.0766,52.6715],[56.4109,52.5875],[56.0766,52.6715],[55.5268,52.4271],[56.4109,52.5875],[56.4562,52.3529],[56.4562,52.3529],[56.2519,52.1842],[56.4562,52.3529],[56.2519,52.1842],[56.6533,52.0839],[56.6533,52.0839],[56.8084,51.5839],[56.6533,52.0839],[56.2519,52.1842],[56.4109,52.5875],[56.8084,51.5839],[56.9539,51.6189],[56.9539,51.6189],[56.9575,51.7423],[56.9539,51.6189],[56.9575,51.7423],[57.2528,51.5611],[56.9575,51.7423],[57.2528,51.5611],[57.7791,51.8515],[57.2528,51.5611],[57.7791,51.8515],[58.2855,51.7049],[58.2855,51.7049],[58.58,51.7707],[58.2855,51.7049],[57.7791,51.8515],[58.58,51.7707],[58.772,52.077],[58.772,52.077],[58.7223,52.2643],[58.772,52.077],[58.7223,52.2643],[58.9281,52.3292],[58.7223,52.2643],[58.9281,52.3292],[58.8939,52.378],[58.8539,52.4379],[58.8705,52.4675],[58.58,51.7707],[58.8705,52.4675],[59.2894,52.3013],[59.2894,52.3013],[59.2874,52.4488],[59.2874,52.4488],[59.4824,52.4984],[59.2874,52.4488],[59.4824,52.4984],[60.1815,52.4284],[59.4824,52.4984],[59.2894,52.3013],[58.8705,52.4675],[60.1815,52.4284],[60.2343,52.2769],[60.2343,52.2769],[59.9841,52.0539],[60.2343,52.2769],[59.9841,52.0539],[60.1019,51.8822],[59.9841,52.0539],[60.1019,51.8822],[60.5194,51.7986],[60.5194,51.7986],[60.3906,51.6983],[60.3906,51.6983],[60.4913,51.6387],[60.3906,51.6983],[60.5194,51.7986],[60.4913,51.6387],[60.9196,51.6108],[60.9196,51.6108],[61.0027,51.4651],[61.0027,51.4651],[61.4833,51.4276],[61.4833,51.4276],[61.6763,51.2648],[61.4833,51.4276],[61.0027,51.4651],[60.9196,51.6108],[60.4913,51.6387],[60.1019,51.8822],[61.6763,51.2648],[61.4623,50.823],[61.6763,51.2648],[60.1815,52.4284],[56.8084,51.5839],[61.4623,50.823],[60.5846,50.6644],[60.5846,50.6644],[60.069,50.8656],[60.5846,50.6644],[60.069,50.8656],[59.8327,50.5843],[59.8327,50.5843],[59.5236,50.5149],[59.8327,50.5843],[60.069,50.8656],[59.5236,50.5149],[59.4779,50.6595],[59.4779,50.6595],[58.5988,50.8267],[59.4779,50.6595],[58.5988,50.8267],[58.5996,51.0224],[58.5996,51.0224],[58.3137,51.158],[58.5996,51.0224],[58.5988,50.8267],[58.3137,51.158],[58.1808,51.0682],[58.1808,51.0682],[57.7543,51.1297],[58.1808,51.0682],[57.7543,51.1297],[57.7237,50.9227],[57.7237,50.9227],[57.5101,50.8778],[57.7237,50.9227],[57.7543,51.1297],[57.5101,50.8778],[57.1835,51.0953],[57.1835,51.0953],[56.7287,51.0784],[56.7287,51.0784],[56.7315,50.9718],[56.7287,51.0784],[56.7315,50.9718],[56.5023,51.089],[56.7315,50.9718],[57.1835,51.0953],[57.5101,50.8778],[58.3137,51.158],[59.5236,50.5149],[56.5023,51.089],[55.6927,50.5679],[55.6927,50.5679],[55.0971,50.8038],[55.0971,50.8038],[55.0516,50.9321],[55.0971,50.8038],[55.0516,50.9321],[54.7063,50.8942],[55.0516,50.9321],[55.6927,50.5679],[54.7063,50.8942],[54.7262,50.6288],[54.7262,50.6288],[54.5203,50.5387],[54.7262,50.6288],[54.7063,50.8942],[56.5023,51.089],[54.5203,50.5387],[54.4226,50.6329],[54.4226,50.6329],[54.5128,50.8484],[54.4226,50.6329],[54.5128,50.8484],[54.2974,50.8848],[54.2974,50.8848],[54.0335,51.1629],[54.2974,50.8848],[54.0335,51.1629],[53.6773,51.2271],[54.0335,51.1629],[53.6773,51.2271],[53.6346,51.389],[53.6346,51.389],[53.3788,51.514],[53.6346,51.389],[53.6773,51.2271],[54.5128,50.8484],[53.3788,51.514],[52.5706,51.4597],[52.5706,51.4597],[52.3281,51.7661],[52.5706,51.4597],[52.3281,51.7661],[51.8573,51.6833],[51.8573,51.6833],[51.6491,51.4687],[51.8573,51.6833],[51.6491,51.4687],[51.5659,51.5611],[51.5659,51.5611],[51.2756,51.5003],[51.5659,51.5611],[51.2756,51.5003],[51.3658,51.6139],[51.3658,51.6139],[51.2668,51.6897],[51.3658,51.6139],[51.2756,51.5003],[51.2668,51.6897],[50.8846,51.6825],[51.2668,51.6897],[51.6491,51.4687],[52.3281,51.7661],[53.3788,51.514],[54.5203,50.5387],[61.4623,50.823],[50.8846,51.6825],[50.8628,51.7952],[50.8628,51.7952],[51.451,52.1307],[50.8628,51.7952],[51.451,52.1307],[51.3797,52.2868],[51.3797,52.2868],[51.5705,52.4446],[51.5705,52.4446],[51.5438,52.6527],[51.5705,52.4446],[51.3797,52.2868],[51.451,52.1307],[51.5438,52.6527],[52.1038,53.0357],[51.5438,52.6527],[52.1038,53.0357],[52.1575,53.3577],[52.1575,53.3577],[52.2203,53.3805],[52.2619,53.3734],[52.3033,53.3946],[52.3033,53.3946],[52.0988,53.5122],[52.3033,53.3946],[52.0988,53.5122],[52.4462,54.0126],[52.0988,53.5122],[52.4462,54.0126],[52.3233,54.1837],[52.4462,54.0126],[52.3233,54.1837],[52.5595,54.3868],[52.3233,54.1837],[52.1038,53.0357],[50.8846,51.6825],[52.5808,54.3717]]]}},{"type":"Feature","properties":{"name":"Пензенская область"},"geometry":{"type":"Polygon","coordinates":[[[43.3008,54.0085],[44.5981,53.6612],[44.5981,53.6612],[44.7797,53.7147],[44.7797,53.7147],[44.648,53.8683],[44.7797,53.7147],[44.648,53.8683],[44.8912,53.9543],[44.648,53.8683],[44.8912,53.9543],[45.3399,53.8779],[45.3399,53.8779],[46.0454,53.9951],[45.3399,53.8779],[44.8912,53.9543],[44.5981,53.6612],[46.0454,53.9951],[46.4986,53.6246],[46.4986,53.6246],[46.4911,53.4962],[46.4986,53.6246],[46.4911,53.4962],[46.954,53.3116],[46.4911,53.4962],[46.0454,53.9951],[46.954,53.3116],[46.9845,52.8136],[46.9845,52.8136],[46.8025,52.6419],[46.9845,52.8136],[46.8025,52.6419],[46.3945,52.6953],[46.3945,52.6953],[46.0017,52.524],[46.0017,52.524],[46.0201,52.4062],[46.0017,52.524],[46.0201,52.4062],[45.6795,52.5187],[45.6795,52.5187],[45.0752,52.3368],[45.6795,52.5187],[46.0201,52.4062],[46.3945,52.6953],[45.0752,52.3368],[44.5881,52.5098],[45.0752,52.3368],[44.5881,52.5098],[44.3077,52.2936],[44.5881,52.5098],[46.8025,52.6419],[46.954,53.3116],[44.3077,52.2936],[43.815,52.4451],[43.815,52.4451],[43.1152,52.397],[43.815,52.4451],[43.1152,52.397],[43.2767,52.675],[43.2767,52.675],[42.1214,53.5068],[43.2767,52.675],[43.1152,52.397],[42.1214,53.5068],[42.1144,53.7812],[42.1144,53.7812],[43.2113,53.8104],[43.2113,53.8104],[43.268,54.0102],[43.2113,53.8104],[42.1144,53.7812],[42.1214,53.5068],[44.3077,52.2936],[43.3008,54.0085]]]}},{"type":"Feature","properties":{"name":"Приморский край"},"geometry":{"type":"MultiPolygon","coordinates":[[],[],[],[],[],[],[],[],[],[],[],[],[],[],[],[],[],[],[],[],[],[],[],[],[],[],[],[],[],[],[],[],[],[],[],[[[132.4185,42.9049],[132.4615,42.7938],[132.4615,42.7938],[132.4179,42.9049],[132.4615,42.7938],[132.4185,42.9049]]],[],[],[],[],[],[],[],[],[],[],[],[],[],[],[],[],[[[131.8282,43.0687],[131.9365,43.0199],[131.9365,43.0199],[131.8704,42.9449],[131.9365,43.0199],[131.8704,42.9449],[131.7499,42.9824],[131.7499,42.9824],[131.901,42.9832],[131.901,42.9832],[131.8262,43.0687],[131.901,42.9832],[131.7499,42.9824],[131.8704,42.9449],[131.8282,43.0687]]],[],[],[],[],[],[[[138.4856,48.3457],[138.7072,48.186],[138.7072,48.186],[138.5806,48.0396],[138.5806,48.0396],[138.787,47.8458],[138.5806,48.0396],[138.7072,48.186],[138.787,47.8458],[138.5432,47.7091],[138.5432,47.7091],[138.5241,47.4938],[138.5432,47.7091],[138.787,47.8458],[138.5241,47.4938],[138.8632,47.4871],[138.8632,47.4871],[139.0524,47.4074],[139.0524,47.4074],[138.9906,47.3158],[139.0524,47.4074],[138.8632,47.4871],[138.5241,47.4938],[138.9906,47.3158],[138.5794,47.0508],[138.5794,47.0508],[138.3436,46.5392],[138.3436,46.5392],[137.687,45.809],[138.3436,46.5392],[138.5794,47.0508],[137.687,45.809],[136.8016,45.1982],[136.8016,45.1982],[136.1501,44.496],[136.8016,45.1982],[136.1501,44.496],[135.8793,44.4119],[136.1501,44.496],[135.8793,44.4119],[135.4529,43.9482],[135.4529,43.9482],[135.4365,43.7649],[135.4529,43.9482],[135.4365,43.7649],[135.2004,43.7115],[135.4365,43.7649],[135.2004,43.7115],[135.1421,43.5051],[135.2004,43.7115],[135.8793,44.4119],[137.687,45.809],[138.9906,47.3158],[135.1421,43.5051],[133.9232,42.8662],[133.9232,42.8662],[133.1493,42.6843],[133.9232,42.8662],[133.1493,42.6843],[132.9985,42.7124],[132.9985,42.7124],[133.0896,42.7412],[133.0896,42.7412],[132.986,42.8093],[132.986,42.8093],[133.0499,42.8988],[132.986,42.8093],[133.0896,42.7412],[132.9985,42.7124],[133.0499,42.8988],[132.8604,42.7335],[132.8604,42.7335],[132.7762,42.9087],[132.7762,42.9087],[132.5701,42.8374],[132.5701,42.8374],[132.4032,42.9482],[132.5701,42.8374],[132.4032,42.9482],[132.3174,42.8429],[132.4032,42.9482],[132.7762,42.9087],[132.8604,42.7335],[133.0499,42.8988],[132.3174,42.8429],[132.2835,43.0713],[132.2835,43.0713],[132.4065,43.1824],[132.2835,43.0713],[132.4065,43.1824],[132.2988,43.3393],[132.4065,43.1824],[132.3174,42.8429],[132.2988,43.3393],[131.8412,43.079],[132.2988,43.3393],[131.8412,43.079],[132.0718,43.3132],[132.0718,43.3132],[131.8085,43.366],[132.0718,43.3132],[131.8412,43.079],[131.8085,43.366],[131.6949,43.2043],[131.6949,43.2043],[131.7779,43.1787],[131.6949,43.2043],[131.7779,43.1787],[131.3704,42.941],[131.7779,43.1787],[131.3704,42.941],[131.471,42.8821],[131.471,42.8821],[131.2571,42.7701],[131.2571,42.7701],[131.2185,42.554],[131.2571,42.7701],[131.471,42.8821],[131.3704,42.941],[131.2185,42.554],[131.109,42.6724],[131.109,42.6724],[130.6512,42.6565],[131.109,42.6724],[131.2185,42.554],[130.6512,42.6565],[130.8712,42.5282],[130.8712,42.5282],[130.6946,42.2879],[130.8712,42.5282],[130.6512,42.6565],[130.6946,42.2879],[130.623,42.6227],[130.623,42.6227],[130.4043,42.7159],[130.623,42.6227],[130.6946,42.2879],[131.8085,43.366],[133.1493,42.6843],[135.1421,43.5051],[130.4043,42.7159],[131.1066,42.9148],[131.1066,42.9148],[131.3084,43.3998],[131.1066,42.9148],[131.3084,43.3998],[131.1841,43.5571],[131.1841,43.5571],[131.2931,44.0797],[131.1841,43.5571],[131.2931,44.0797],[130.9542,44.8542],[131.2931,44.0797],[131.3084,43.3998],[130.9542,44.8542],[131.4914,44.9679],[131.4914,44.9679],[131.8915,45.336],[131.4914,44.9679],[131.8915,45.336],[132.1836,44.9569],[132.1836,44.9569],[132.1632,44.8957],[132.1208,44.7683],[132.1116,44.7407],[132.1116,44.7407],[132.5606,44.555],[132.1116,44.7407],[131.8915,45.336],[132.5606,44.555],[132.852,45.0557],[132.852,45.0557],[133.1356,45.1271],[132.852,45.0557],[133.1356,45.1271],[133.1559,45.4652],[133.1559,45.4652],[133.4671,45.6126],[133.4671,45.6126],[133.4639,45.829],[133.4639,45.829],[133.6683,45.9439],[133.6683,45.9439],[133.6881,46.1465],[133.6683,45.9439],[133.4639,45.829],[133.4671,45.6126],[133.1559,45.4652],[133.1356,45.1271],[133.6881,46.1465],[133.9099,46.2653],[133.6881,46.1465],[133.9099,46.2653],[133.913,46.5815],[133.9099,46.2653],[133.913,46.5815],[134.5023,46.7627],[133.913,46.5815],[134.5023,46.7627],[134.4707,47.0161],[134.5023,46.7627],[134.4707,47.0161],[134.517,47.0098],[134.5642,46.9744],[134.6069,46.9725],[134.6904,47.1427],[134.6904,47.1427],[135.1333,47.2253],[134.6904,47.1427],[134.6069,46.9725],[135.1333,47.2253],[135.3544,47.1794],[135.3544,47.1794],[135.3971,46.9393],[135.3544,47.1794],[135.3971,46.9393],[136.6004,46.8157],[135.3971,46.9393],[135.1333,47.2253],[136.6004,46.8157],[136.9919,47.0223],[136.9919,47.0223],[137.0439,47.3072],[136.9919,47.0223],[137.0439,47.3072],[137.4158,47.2109],[137.4158,47.2109],[138.0833,47.5037],[137.4158,47.2109],[137.0439,47.3072],[138.0833,47.5037],[138.0551,47.699],[138.0551,47.699],[137.4339,47.8065],[138.0551,47.699],[137.4339,47.8065],[137.594,47.9238],[137.594,47.9238],[137.3676,48.1395],[137.594,47.9238],[137.4339,47.8065],[138.0833,47.5037],[137.3676,48.1395],[138.1644,48.3249],[138.1644,48.3249],[138.2877,48.4529],[138.1644,48.3249],[138.2877,48.4529],[138.4776,48.3816],[138.2877,48.4529],[137.3676,48.1395],[136.6004,46.8157],[134.4707,47.0161],[132.5606,44.555],[130.9542,44.8542],[130.4043,42.7159],[138.4856,48.3457]]]]}},{"type":"Feature","properties":{"name":"Псковская область"},"geometry":{"type":"Polygon","coordinates":[[[28.1854,58.9573],[28.3186,58.8406],[28.3186,58.8406],[29.0101,58.7817],[28.3186,58.8406],[29.0101,58.7817],[29.7032,58.4156],[29.0101,58.7817],[29.7032,58.4156],[29.9283,58.4405],[29.7032,58.4156],[29.9283,58.4405],[29.9284,58.2865],[29.9284,58.2865],[29.669,58.1869],[29.9284,58.2865],[29.669,58.1869],[29.6951,58.0683],[29.669,58.1869],[29.6951,58.0683],[30.5734,57.8687],[30.5734,57.8687],[30.5076,57.628],[30.5076,57.628],[30.714,57.5837],[30.5076,57.628],[30.714,57.5837],[30.4805,57.345],[30.714,57.5837],[30.4805,57.345],[30.845,57.2082],[30.845,57.2082],[30.7416,56.9546],[30.845,57.2082],[30.7416,56.9546],[31.0133,56.9415],[30.7416,56.9546],[30.4805,57.345],[31.0133,56.9415],[30.8311,56.7134],[31.0133,56.9415],[30.8311,56.7134],[30.8944,56.6651],[30.931,56.6642],[31.0712,56.6149],[31.0418,56.4648],[31.0712,56.6149],[31.0418,56.4648],[31.5607,56.2905],[31.0418,56.4648],[30.8311,56.7134],[30.5734,57.8687],[29.6951,58.0683],[29.9283,58.4405],[31.5607,56.2905],[31.5392,56.0597],[31.5392,56.0597],[31.5157,56.0233],[31.3964,55.9791],[31.3964,55.9791],[31.4574,55.7513],[31.3964,55.9791],[31.4574,55.7513],[30.8076,55.5978],[30.8076,55.5978],[30.4889,55.8074],[30.4889,55.8074],[29.9696,55.8897],[30.4889,55.8074],[30.8076,55.5978],[29.9696,55.8897],[29.4803,55.7045],[29.9696,55.8897],[31.4574,55.7513],[31.5607,56.2905],[29.4803,55.7045],[29.371,55.7652],[29.371,55.7652],[29.4262,55.9717],[29.371,55.7652],[29.4262,55.9717],[28.7292,55.9669],[28.7292,55.9669],[28.6781,56.0907],[28.6781,56.0907],[28.1512,56.1599],[28.6781,56.0907],[28.7292,55.9669],[29.4262,55.9717],[28.1512,56.1599],[28.2405,56.2904],[28.2405,56.2904],[28.1387,56.5733],[28.1387,56.5733],[27.9046,56.7471],[28.1387,56.5733],[27.9046,56.7471],[27.9779,56.8192],[27.9046,56.7471],[28.2405,56.2904],[27.9779,56.8192],[27.668,56.8392],[27.9779,56.8192],[27.668,56.8392],[27.8577,57.3017],[27.668,56.8392],[27.8577,57.3017],[27.3175,57.58],[27.8577,57.3017],[28.1512,56.1599],[27.3175,57.58],[27.5496,57.8336],[27.5496,57.8336],[27.8264,57.8593],[27.5496,57.8336],[27.8264,57.8593],[27.4907,58.2185],[27.4907,58.2185],[27.4551,58.7906],[27.4907,58.2185],[27.8264,57.8593],[27.4551,58.7906],[27.7266,58.9912],[27.7266,58.9912],[28.1266,58.9752],[27.7266,58.9912],[27.4551,58.7906],[27.3175,57.58],[29.4803,55.7045],[28.1854,58.9573]]]}},{"type":"Feature","properties":{"name":"Ростовская область"},"geometry":{"type":"MultiPolygon","coordinates":[[],[[[41.782,49.91],[42.2269,49.6949],[42.2269,49.6949],[42.0975,49.1604],[42.2269,49.6949],[42.0975,49.1604],[42.3762,49.1611],[42.3762,49.1611],[42.8053,48.8559],[42.3762,49.1611],[42.0975,49.1604],[42.8053,48.8559],[42.6633,48.5887],[42.6633,48.5887],[42.0851,48.4187],[42.6633,48.5887],[42.0851,48.4187],[42.143,48.2832],[42.143,48.2832],[42.0329,48.2485],[42.0329,48.2485],[42.0195,48.0454],[42.0329,48.2485],[42.143,48.2832],[42.0851,48.4187],[42.8053,48.8559],[42.0195,48.0454],[42.5137,47.9848],[42.5137,47.9848],[43.0115,47.4841],[43.0115,47.4841],[43.2348,47.5301],[43.2348,47.5301],[43.2702,47.4097],[43.2348,47.5301],[43.0115,47.4841],[42.5137,47.9848],[43.2702,47.4097],[43.7313,47.4698],[43.7313,47.4698],[43.9581,47.2801],[43.7313,47.4698],[43.9581,47.2801],[44.2054,47.5387],[44.2054,47.5387],[44.3732,47.4434],[44.2054,47.5387],[43.9581,47.2801],[43.2702,47.4097],[42.0195,48.0454],[44.3732,47.4434],[44.2837,46.8957],[44.2837,46.8957],[43.8437,46.5782],[44.2837,46.8957],[43.8437,46.5782],[43.9023,46.5539],[43.9347,46.5553],[43.96,46.5493],[43.9688,46.3215],[43.96,46.5493],[43.8437,46.5782],[44.3732,47.4434],[43.9688,46.3215],[43.7863,46.3957],[43.7863,46.3957],[43.6448,46.1568],[43.6448,46.1568],[43.5757,46.1425],[43.5103,46.1431],[43.4249,46.1538],[43.7863,46.3957],[43.4249,46.1538],[42.9901,46.3959],[42.9901,46.3959],[42.7215,46.3448],[42.7215,46.3448],[42.0985,46.5754],[42.7215,46.3448],[42.9901,46.3959],[43.4249,46.1538],[42.0985,46.5754],[42.221,46.3427],[42.221,46.3427],[41.7002,46.1905],[41.7002,46.1905],[41.7227,46.0101],[41.7002,46.1905],[41.7227,46.0101],[41.3659,45.9526],[41.7227,46.0101],[42.221,46.3427],[42.0985,46.5754],[41.3659,45.9526],[41.2938,45.9664],[41.2336,45.9699],[41.1828,45.9848],[40.9504,46.2923],[41.1828,45.9848],[40.9504,46.2923],[40.2829,46.2982],[40.9504,46.2923],[40.2829,46.2982],[40.1663,46.5233],[40.1663,46.5233],[39.9572,46.5875],[40.1663,46.5233],[39.9572,46.5875],[40.0262,46.754],[40.0262,46.754],[39.9742,46.7785],[39.927,46.8053],[39.9572,46.5875],[40.2829,46.2982],[39.927,46.8053],[39.3837,46.8782],[39.3837,46.8782],[38.8004,46.6285],[39.3837,46.8782],[39.927,46.8053],[41.3659,45.9526],[43.9688,46.3215],[38.8004,46.6285],[38.8893,46.8347],[38.8893,46.8347],[38.6613,46.8724],[38.8893,46.8347],[38.6613,46.8724],[39.2935,47.0199],[39.2935,47.0199],[39.2835,47.2504],[39.2935,47.0199],[38.6613,46.8724],[39.2835,47.2504],[38.5649,47.1149],[38.5649,47.1149],[38.4826,47.1443],[38.4826,47.1443],[38.5589,47.2397],[38.4826,47.1443],[38.5589,47.2397],[38.7961,47.2814],[38.5589,47.2397],[38.7961,47.2814],[38.6137,47.2914],[38.7961,47.2814],[38.5649,47.1149],[38.6137,47.2914],[38.2411,47.1748],[38.6137,47.2914],[38.2411,47.1748],[38.3107,47.5617],[38.2411,47.1748],[39.2835,47.2504],[38.3107,47.5617],[38.7648,47.6841],[38.7648,47.6841],[38.88,47.8757],[38.7648,47.6841],[38.88,47.8757],[39.763,47.825],[38.88,47.8757],[39.763,47.825],[40.018,48.2511],[40.018,48.2511],[39.8501,48.3224],[39.8501,48.3224],[39.946,48.3701],[39.946,48.3701],[39.8501,48.5708],[39.946,48.3701],[39.8501,48.3224],[39.8501,48.5708],[39.6576,48.6242],[39.8501,48.5708],[40.018,48.2511],[39.6576,48.6242],[39.797,48.85],[39.797,48.85],[40.0972,48.8837],[39.797,48.85],[39.6576,48.6242],[40.0972,48.8837],[39.8298,48.8886],[39.8298,48.8886],[39.6699,49.048],[39.8298,48.8886],[40.0972,48.8837],[39.6699,49.048],[40.1996,49.2431],[40.1996,49.2431],[40.1633,49.4581],[40.1633,49.4581],[40.2822,49.6242],[40.1633,49.4581],[40.1996,49.2431],[40.2822,49.6242],[40.9813,49.6805],[40.2822,49.6242],[40.9813,49.6805],[41.4417,50.1869],[40.9813,49.6805],[41.4417,50.1869],[41.7531,49.9231],[41.4417,50.1869],[39.6699,49.048],[39.763,47.825],[38.3107,47.5617],[38.8004,46.6285],[41.782,49.91]]]]}},{"type":"Feature","properties":{"name":"Рязанская область"},"geometry":{"type":"MultiPolygon","coordinates":[[[[38.6701,54.2301],[38.6729,54.2293],[38.6724,54.2293],[38.6701,54.2301]]],[],[[[40.3282,55.2894],[42.0207,55.0771],[42.0207,55.0771],[41.9797,54.9847],[41.9797,54.9847],[42.2243,54.943],[41.9797,54.9847],[42.0207,55.0771],[42.2243,54.943],[42.3614,54.9949],[42.4022,54.9758],[42.4532,55.0003],[42.4532,55.0003],[42.4685,54.8097],[42.4685,54.8097],[42.4039,54.8155],[42.3481,54.7823],[42.3481,54.7823],[42.7341,54.5528],[42.3481,54.7823],[42.4532,55.0003],[42.7341,54.5528],[42.552,54.4136],[42.552,54.4136],[42.6455,54.3363],[42.552,54.4136],[42.6455,54.3363],[42.1994,54.2329],[42.6455,54.3363],[42.1994,54.2329],[42.7218,54.1633],[42.7218,54.1633],[42.2835,54.0652],[42.2835,54.0652],[42.525,53.934],[42.2835,54.0652],[42.7218,54.1633],[42.1994,54.2329],[42.525,53.934],[42.272,53.786],[42.272,53.786],[41.4313,53.7373],[42.272,53.786],[41.4313,53.7373],[41.2075,53.3956],[41.4313,53.7373],[42.525,53.934],[42.7341,54.5528],[41.2075,53.3956],[40.7264,53.5402],[40.7264,53.5402],[40.1957,53.3167],[40.7264,53.5402],[40.1957,53.3167],[39.7669,53.5724],[40.1957,53.3167],[39.7669,53.5724],[39.5866,53.5065],[39.5615,53.4241],[39.5585,53.4143],[39.2026,53.3821],[39.5585,53.4143],[39.7669,53.5724],[39.2026,53.3821],[38.9138,53.5614],[38.9138,53.5614],[38.9209,53.638],[38.9427,53.7046],[39.0071,53.7499],[38.8116,53.8211],[39.0071,53.7499],[38.8116,53.8211],[38.8603,53.8421],[38.8426,53.8948],[38.9317,53.9327],[38.9138,53.5614],[38.9317,53.9327],[38.6962,54.0407],[38.9317,53.9327],[39.2026,53.3821],[38.6962,54.0407],[38.6975,54.0948],[38.7782,54.0942],[38.8137,54.1434],[38.6837,54.2278],[38.6837,54.2278],[38.7412,54.3247],[38.6837,54.2278],[38.8137,54.1434],[38.7412,54.3247],[38.9975,54.3721],[38.7412,54.3247],[38.9975,54.3721],[38.8157,54.4511],[38.8157,54.4511],[38.8484,54.5869],[38.8157,54.4511],[38.9975,54.3721],[38.8484,54.5869],[39.2503,54.6192],[39.2503,54.6192],[39.4735,54.9123],[39.4735,54.9123],[39.8256,54.9916],[39.4735,54.9123],[39.8256,54.9916],[39.817,55.1753],[39.8256,54.9916],[39.817,55.1753],[40.3961,55.3017],[39.817,55.1753],[39.2503,54.6192],[38.8484,54.5869],[38.6962,54.0407],[41.2075,53.3956],[40.3282,55.2894]]]]}},{"type":"Feature","properties":{"name":"Республика Саха (Якутия)"},"geometry":{"type":"MultiPolygon","coordinates":[[],[],[],[],[],[],[],[],[],[],[],[[[161.6367,69.5365],[161.3707,69.3898],[161.3707,69.3898],[161.4301,69.5396],[161.3707,69.3898],[161.4301,69.5396],[161.6531,69.5536],[161.4301,69.5396],[161.6367,69.5365]]],[],[],[],[],[],[],[],[],[],[[[161.7937,69.6206],[161.6925,69.575],[161.6925,69.575],[161.7872,69.6264],[161.6925,69.575],[161.7937,69.6206]]],[],[],[],[],[],[],[],[],[],[],[[[160.5006,70.9044],[160.7928,70.8013],[160.7928,70.8013],[160.5395,70.8001],[160.7928,70.8013],[160.5395,70.8001],[160.4865,70.908],[160.5395,70.8001],[160.5006,70.9044]]],[],[[[152.3085,70.8863],[152.1081,70.933],[152.1081,70.933],[152.3102,70.8919],[152.1081,70.933],[152.3085,70.8863]]],[],[],[],[],[[[151.8002,71.2334],[151.686,71.2689],[151.686,71.2689],[151.8019,71.2404],[151.686,71.2689],[151.8002,71.2334]]],[],[],[],[],[],[],[],[],[[[151.4678,71.3521],[151.1572,71.3866],[151.1572,71.3866],[151.4626,71.3553],[151.1572,71.3866],[151.4678,71.3521]]],[],[],[],[],[],[],[],[],[],[],[],[],[],[],[],[],[[[137.1618,71.4816],[137.0206,71.4928],[137.0206,71.4928],[137.1608,71.4869],[137.0206,71.4928],[137.1618,71.4816]]],[],[],[],[],[],[],[],[],[],[],[],[[[137.517,71.5897],[138.0079,71.5501],[138.0079,71.5501],[137.7808,71.4037],[138.0079,71.5501],[137.7808,71.4037],[137.0051,71.5324],[137.0051,71.5324],[137.5021,71.5896],[137.0051,71.5324],[137.7808,71.4037],[137.517,71.5897]]],[],[],[],[[[130.0428,71.5473],[129.9489,71.6062],[129.9489,71.6062],[130.0454,71.5587],[129.9489,71.6062],[130.0428,71.5473]]],[],[],[],[],[],[],[],[],[],[],[],[],[[[129.0018,71.9863],[128.7634,72.0277],[128.7634,72.0277],[129.0121,71.9898],[128.7634,72.0277],[129.0018,71.9863]]],[],[],[],[],[],[],[],[],[],[[[129.5318,72.5021],[129.3038,72.5271],[129.3038,72.5271],[129.5523,72.509],[129.3038,72.5271],[129.5318,72.5021]]],[[[129.0048,72.5301],[128.8895,72.5479],[128.8895,72.5479],[129.0067,72.5325],[128.8895,72.5479],[129.0048,72.5301]]],[[[128.9102,72.5585],[129.1399,72.5425],[129.1399,72.5425],[128.9074,72.5565],[129.1399,72.5425],[128.9102,72.5585]]],[],[],[],[],[],[],[],[],[],[],[[[122.6589,72.9339],[122.5425,72.9726],[122.5425,72.9726],[122.6575,72.9382],[122.5425,72.9726],[122.6589,72.9339]]],[[[122.4129,72.9739],[122.3139,72.982],[122.3139,72.982],[122.4156,72.9798],[122.3139,72.982],[122.4129,72.9739]]],[],[],[],[],[],[],[],[],[],[],[],[],[],[],[],[],[],[[[122.3939,73.0913],[122.5671,73.0338],[122.5671,73.0338],[122.282,72.9993],[122.5671,73.0338],[122.282,72.9993],[122.3895,73.0926],[122.282,72.9993],[122.3939,73.0913]]],[],[],[],[[[122.5596,73.0779],[122.4297,73.0698],[122.4297,73.0698],[122.5594,73.0826],[122.4297,73.0698],[122.5596,73.0779]]],[[[119.7836,73.0685],[119.6161,73.1059],[119.6161,73.1059],[119.7845,73.0715],[119.6161,73.1059],[119.7836,73.0685]]],[],[],[],[],[],[],[[[120.3279,73.0637],[119.9821,73.0787],[119.9821,73.0787],[120.3365,73.0687],[119.9821,73.0787],[120.3279,73.0637]]],[],[],[],[],[],[],[],[],[],[],[],[],[],[],[],[],[],[],[],[],[],[],[],[[[118.8316,73.3573],[118.6702,73.3306],[118.6702,73.3306],[118.8316,73.3631],[118.6702,73.3306],[118.8316,73.3573]]],[],[],[],[],[],[],[],[],[],[],[[[118.7729,73.3834],[118.6973,73.4229],[118.6973,73.4229],[118.7852,73.3987],[118.6973,73.4229],[118.7729,73.3834]]],[],[],[],[],[],[],[],[],[],[],[],[],[],[],[],[],[],[],[],[],[],[],[],[[[125.9105,73.6521],[125.7705,73.531],[125.7705,73.531],[125.8735,73.4982],[125.7705,73.531],[125.8735,73.4982],[125.6897,73.5564],[125.8735,73.4982],[125.6897,73.5564],[125.9067,73.6552],[125.6897,73.5564],[125.9105,73.6521]]],[],[],[],[],[],[],[],[],[],[],[],[],[],[],[],[],[],[[[124.1137,73.7826],[124.0176,73.7557],[124.0176,73.7557],[124.1116,73.785],[124.0176,73.7557],[124.1137,73.7826]]],[],[],[],[],[],[],[[[123.2956,73.9078],[123.1822,73.8372],[123.1822,73.8372],[123.282,73.9106],[123.1822,73.8372],[123.2956,73.9078]]],[],[[[142.2973,73.8627],[143.4635,73.5466],[143.4635,73.5466],[143.5984,73.4553],[143.5984,73.4553],[143.4991,73.3485],[143.4991,73.3485],[143.6094,73.2141],[143.4991,73.3485],[143.5984,73.4553],[143.4635,73.5466],[143.6094,73.2141],[140.7272,73.4293],[140.7272,73.4293],[139.8968,73.3466],[140.7272,73.4293],[143.6094,73.2141],[139.8968,73.3466],[139.8594,73.4342],[139.8594,73.4342],[140.6745,73.5349],[139.8594,73.4342],[140.6745,73.5349],[141.1651,73.8659],[140.6745,73.5349],[141.1651,73.8659],[142.2816,73.8683],[141.1651,73.8659],[139.8968,73.3466],[142.2973,73.8627]]],[],[[[124.8063,73.9081],[124.339,73.8813],[124.339,73.8813],[124.8157,73.9113],[124.339,73.8813],[124.8063,73.9081]]],[],[],[],[[[113.3451,73.7137],[113.4537,73.5914],[113.4537,73.5914],[113.2003,73.4445],[113.4537,73.5914],[113.2003,73.4445],[113.5363,73.3393],[113.5363,73.3393],[113.5003,73.2369],[113.5363,73.3393],[113.2003,73.4445],[113.5003,73.2369],[114.0948,73.3561],[114.0948,73.3561],[113.5005,73.5094],[114.0948,73.3561],[113.5005,73.5094],[115.9097,73.6971],[113.5005,73.5094],[115.9097,73.6971],[118.7214,73.5555],[118.7214,73.5555],[118.9708,73.4574],[118.9708,73.4574],[118.4137,73.4118],[118.4137,73.4118],[118.4822,73.3483],[118.4822,73.3483],[118.3747,73.2934],[118.4822,73.3483],[118.3747,73.2934],[118.5285,73.1794],[118.3747,73.2934],[118.4137,73.4118],[118.9708,73.4574],[118.5285,73.1794],[121.0835,72.9304],[118.5285,73.1794],[118.7214,73.5555],[115.9097,73.6971],[113.5003,73.2369],[121.0835,72.9304],[122.6935,72.9189],[122.6935,72.9189],[122.8073,72.9512],[122.8073,72.9512],[122.6475,73.0303],[122.8073,72.9512],[122.6935,72.9189],[122.6475,73.0303],[123.3166,72.919],[122.6475,73.0303],[123.3166,72.919],[123.5082,73.1171],[123.5082,73.1171],[123.7384,73.1051],[123.5082,73.1171],[123.7384,73.1051],[123.4712,73.1568],[123.4712,73.1568],[123.7515,73.2072],[123.7515,73.2072],[123.4242,73.2868],[123.4242,73.2868],[123.5389,73.3853],[123.4242,73.2868],[123.7515,73.2072],[123.4712,73.1568],[123.5389,73.3853],[123.28,73.4022],[123.5389,73.3853],[123.28,73.4022],[123.5281,73.397],[123.5281,73.397],[123.3472,73.4787],[123.3472,73.4787],[123.5289,73.5641],[123.5289,73.5641],[123.4497,73.6549],[123.5289,73.5641],[123.3472,73.4787],[123.5281,73.397],[123.28,73.4022],[123.7384,73.1051],[123.4497,73.6549],[124.0174,73.6008],[124.0174,73.6008],[124.3955,73.8008],[124.0174,73.6008],[123.4497,73.6549],[123.3166,72.919],[124.3955,73.8008],[124.7633,73.7446],[124.7633,73.7446],[124.756,73.6492],[124.7633,73.7446],[124.756,73.6492],[125.0477,73.7032],[124.756,73.6492],[125.0477,73.7032],[125.0427,73.6009],[125.0477,73.7032],[125.0427,73.6009],[125.1612,73.684],[125.0427,73.6009],[125.1612,73.684],[125.2427,73.6391],[125.2427,73.6391],[125.1477,73.5563],[125.2427,73.6391],[125.1477,73.5563],[125.2752,73.6181],[125.1477,73.5563],[125.2752,73.6181],[125.2048,73.5144],[125.2752,73.6181],[125.2048,73.5144],[125.4777,73.5876],[125.4777,73.5876],[125.8276,73.4165],[125.4777,73.5876],[125.2048,73.5144],[125.1612,73.684],[125.8276,73.4165],[126.3352,73.5521],[125.8276,73.4165],[126.3352,73.5521],[126.4603,73.5139],[126.4603,73.5139],[126.3394,73.3741],[126.3394,73.3741],[126.4518,73.3511],[126.3394,73.3741],[126.4603,73.5139],[126.3352,73.5521],[126.4518,73.3511],[126.8465,73.4538],[126.8465,73.4538],[126.9642,73.3763],[126.8465,73.4538],[126.9642,73.3763],[127.0544,73.5272],[126.9642,73.3763],[127.0544,73.5272],[127.9202,73.4649],[127.0544,73.5272],[126.4518,73.3511],[124.3955,73.8008],[121.0835,72.9304],[127.9202,73.4649],[127.82,73.4035],[127.82,73.4035],[128.1657,73.4027],[127.82,73.4035],[128.1657,73.4027],[128.0579,73.3329],[128.1657,73.4027],[128.0579,73.3329],[128.5038,73.3381],[128.0579,73.3329],[128.5038,73.3381],[128.328,73.2514],[128.5038,73.3381],[128.328,73.2514],[128.8877,73.2216],[128.328,73.2514],[128.8877,73.2216],[128.7565,73.1191],[128.8877,73.2216],[128.7565,73.1191],[129.59,72.9613],[128.7565,73.1191],[129.59,72.9613],[129.1243,72.9709],[129.1243,72.9709],[129.4959,72.7833],[129.4959,72.7833],[129.1619,72.736],[129.4959,72.7833],[129.1619,72.736],[129.5061,72.6292],[129.1619,72.736],[129.1243,72.9709],[129.5061,72.6292],[128.8208,72.5216],[129.5061,72.6292],[128.8208,72.5216],[129.4512,72.4347],[129.4512,72.4347],[129.5534,72.3059],[129.5534,72.3059],[129.3842,72.264],[129.5534,72.3059],[129.3842,72.264],[129.5975,72.2125],[129.3842,72.264],[129.5975,72.2125],[129.3865,72.1584],[129.5975,72.2125],[129.3865,72.1584],[129.5787,72.1383],[129.3865,72.1584],[129.4512,72.4347],[128.8208,72.5216],[129.5787,72.1383],[128.6898,72.0576],[128.6898,72.0576],[128.6293,72.0],[128.6293,72.0],[128.8597,71.9247],[128.6293,72.0],[128.6898,72.0576],[128.8597,71.9247],[128.5044,71.9589],[128.8597,71.9247],[129.5787,72.1383],[128.5044,71.9589],[128.9815,71.7098],[128.9815,71.7098],[129.2763,71.8044],[129.2763,71.8044],[129.1129,72.0109],[129.2763,71.8044],[128.9815,71.7098],[129.1129,72.0109],[129.6087,71.7003],[129.1129,72.0109],[128.5044,71.9589],[129.6087,71.7003],[128.9308,71.6812],[128.9308,71.6812],[128.9147,71.5781],[128.9308,71.6812],[129.6087,71.7003],[129.59,72.9613],[128.9147,71.5781],[129.2364,71.5963],[129.2364,71.5963],[129.4786,71.2951],[129.4786,71.2951],[130.3671,70.8989],[129.4786,71.2951],[129.2364,71.5963],[130.3671,70.8989],[130.7895,70.8532],[130.7895,70.8532],[130.8608,70.9617],[130.7895,70.8532],[130.3671,70.8989],[130.8608,70.9617],[131.0625,70.7041],[130.8608,70.9617],[128.9147,71.5781],[127.9202,73.4649],[131.0625,70.7041],[131.6902,70.9217],[131.6902,70.9217],[132.2542,71.6448],[132.2542,71.6448],[132.7775,71.9468],[132.2542,71.6448],[131.6902,70.9217],[132.7775,71.9468],[133.3351,71.8825],[133.3351,71.8825],[132.9983,71.948],[132.9983,71.948],[132.7866,71.9122],[132.7866,71.9122],[132.7601,71.7955],[132.7866,71.9122],[132.9983,71.948],[132.7601,71.7955],[133.3022,71.5409],[132.7601,71.7955],[133.3351,71.8825],[133.3022,71.5409],[134.2735,71.3628],[133.3022,71.5409],[134.2735,71.3628],[135.9141,71.6304],[135.9141,71.6304],[136.8549,71.5261],[136.8549,71.5261],[138.0186,71.2096],[136.8549,71.5261],[138.0186,71.2096],[138.1826,71.2726],[138.1826,71.2726],[137.8488,71.3718],[138.1826,71.2726],[137.8488,71.3718],[138.1638,71.575],[137.8488,71.3718],[138.1638,71.575],[138.8568,71.629],[138.8568,71.629],[139.1388,71.5766],[139.1388,71.5766],[139.2426,71.3983],[139.1388,71.5766],[139.2426,71.3983],[139.8666,71.4398],[139.2426,71.3983],[138.8568,71.629],[138.1638,71.575],[138.0186,71.2096],[135.9141,71.6304],[134.2735,71.3628],[132.7775,71.9468],[139.8666,71.4398],[140.0983,71.5095],[140.0983,71.5095],[139.7735,71.6871],[139.7735,71.6871],[139.8388,71.8543],[139.7735,71.6871],[140.0983,71.5095],[139.8388,71.8543],[139.3816,71.9495],[139.8388,71.8543],[139.3816,71.9495],[140.2933,72.172],[139.3816,71.9495],[140.2933,72.172],[140.074,72.2619],[140.074,72.2619],[139.4234,72.1436],[140.074,72.2619],[139.4234,72.1436],[139.1754,72.2769],[139.4234,72.1436],[140.2933,72.172],[139.1754,72.2769],[139.6177,72.4866],[139.6177,72.4866],[141.3139,72.5797],[139.6177,72.4866],[141.3139,72.5797],[140.7783,72.8026],[140.7783,72.8026],[140.7365,72.8775],[140.7365,72.8775],[140.7597,72.8819],[140.7885,72.8816],[140.884,72.8804],[140.7783,72.8026],[141.3139,72.5797],[139.1754,72.2769],[139.8666,71.4398],[140.884,72.8804],[141.9703,72.7219],[141.9703,72.7219],[145.6118,72.544],[141.9703,72.7219],[145.6118,72.544],[147.0135,72.297],[145.6118,72.544],[147.0135,72.297],[148.4666,72.318],[148.4666,72.318],[149.3517,72.1996],[148.4666,72.318],[147.0135,72.297],[149.3517,72.1996],[150.1067,71.8591],[150.1067,71.8591],[149.6272,71.7431],[149.6272,71.7431],[149.3367,71.8804],[149.6272,71.7431],[149.3367,71.8804],[149.0834,71.6731],[149.3367,71.8804],[150.1067,71.8591],[149.0834,71.6731],[149.9313,71.6704],[149.9313,71.6704],[150.6365,71.5188],[150.6365,71.5188],[150.7784,71.3579],[150.6365,71.5188],[150.7784,71.3579],[151.5745,71.3166],[150.7784,71.3579],[149.9313,71.6704],[151.5745,71.3166],[152.1391,70.9951],[152.1391,70.9951],[151.7218,70.9719],[152.1391,70.9951],[151.7218,70.9719],[152.5646,70.8189],[151.7218,70.9719],[151.5745,71.3166],[149.0834,71.6731],[149.3517,72.1996],[152.5646,70.8189],[156.0465,71.0823],[156.0465,71.0823],[158.7075,70.9234],[156.0465,71.0823],[152.5646,70.8189],[158.7075,70.9234],[159.8886,70.5427],[159.8886,70.5427],[160.1172,70.2578],[160.1172,70.2578],[159.6934,69.8714],[160.1172,70.2578],[159.6934,69.8714],[160.1979,69.6855],[160.1979,69.6855],[160.9725,69.6224],[160.1979,69.6855],[160.9725,69.6224],[161.0264,69.2377],[160.9725,69.6224],[159.6934,69.8714],[159.8886,70.5427],[161.0264,69.2377],[161.2215,69.249],[161.2215,69.249],[161.132,69.4625],[161.2215,69.249],[161.132,69.4625],[161.3955,69.5305],[161.3955,69.5305],[161.3313,69.3914],[161.3313,69.3914],[161.3664,69.3618],[161.4355,69.3613],[161.4905,69.3629],[161.3955,69.5305],[161.4905,69.3629],[162.3555,69.6288],[161.4905,69.3629],[161.132,69.4625],[161.0264,69.2377],[158.7075,70.9234],[140.884,72.8804],[131.0625,70.7041],[162.3555,69.6288],[162.1947,69.4963],[162.1947,69.4963],[162.2991,69.4422],[162.2619,69.3917],[162.2619,69.3917],[162.7056,69.1291],[162.2619,69.3917],[162.7056,69.1291],[162.5053,69.1128],[162.4635,69.0724],[162.439,68.9634],[162.439,68.9634],[162.773,68.8195],[162.439,68.9634],[162.773,68.8195],[162.6756,68.7571],[162.5514,68.7277],[162.564,68.6707],[162.6772,68.6386],[162.4006,68.2514],[162.6772,68.6386],[162.5514,68.7277],[162.773,68.8195],[162.4006,68.2514],[162.0237,68.3163],[161.6004,68.3633],[161.4075,68.3858],[160.7359,68.2356],[160.7359,68.2356],[159.3466,68.2117],[160.7359,68.2356],[161.4075,68.3858],[159.3466,68.2117],[158.4063,68.0456],[158.4063,68.0456],[158.1702,67.8416],[158.1702,67.8416],[158.2256,67.7897],[158.352,67.7644],[158.3614,67.7449],[158.3614,67.7449],[157.882,67.6797],[158.3614,67.7449],[158.4063,68.0456],[159.3466,68.2117],[162.4006,68.2514],[157.882,67.6797],[157.9698,67.2269],[157.9698,67.2269],[158.8251,67.0324],[158.8251,67.0324],[158.8595,66.9705],[158.8314,66.9161],[158.8171,66.878],[158.9762,66.7984],[158.9966,66.7639],[158.8251,67.0324],[157.9698,67.2269],[158.9966,66.7639],[158.456,66.426],[158.456,66.426],[158.4982,66.3842],[158.496,66.3599],[158.5754,66.3175],[158.487,66.26],[158.4587,66.2243],[158.6169,66.0996],[158.5577,66.0731],[158.5754,66.3175],[158.456,66.426],[158.9966,66.7639],[157.882,67.6797],[158.5577,66.0731],[157.7247,66.0887],[157.7247,66.0887],[157.2522,65.8959],[157.7247,66.0887],[157.2522,65.8959],[156.6868,66.1904],[156.6868,66.1904],[156.4229,66.0412],[156.4229,66.0412],[155.9059,66.1692],[155.9059,66.1692],[154.9197,66.1084],[154.9197,66.1084],[154.6178,66.2035],[154.9197,66.1084],[155.9059,66.1692],[156.4229,66.0412],[156.6868,66.1904],[157.2522,65.8959],[154.6178,66.2035],[154.2838,66.0728],[154.2838,66.0728],[154.3116,66.0282],[154.3952,66.0118],[154.4414,65.9803],[154.2506,65.794],[154.4414,65.9803],[154.2838,66.0728],[154.2506,65.794],[153.5508,65.8159],[154.2506,65.794],[153.5508,65.8159],[153.5866,65.6025],[153.5866,65.6025],[153.5292,65.5584],[153.4341,65.5238],[153.4062,65.4688],[153.5208,65.426],[153.5018,65.3777],[153.4182,65.3292],[153.4341,65.5238],[153.5866,65.6025],[153.5508,65.8159],[153.4182,65.3292],[152.716,65.2147],[153.4182,65.3292],[152.716,65.2147],[152.4938,64.9973],[152.4938,64.9973],[152.7966,64.7148],[152.4938,64.9973],[152.7966,64.7148],[152.319,64.5273],[152.319,64.5273],[152.356,64.3765],[152.319,64.5273],[152.7966,64.7148],[152.716,65.2147],[152.356,64.3765],[151.9092,64.4664],[151.9092,64.4664],[151.4099,64.3057],[151.4099,64.3057],[150.6642,64.335],[151.4099,64.3057],[151.9092,64.4664],[150.6642,64.335],[150.6064,64.2947],[150.6104,64.228],[150.6194,64.1569],[150.5101,64.159],[150.6642,64.335],[150.5101,64.159],[150.0224,64.2995],[150.0224,64.2995],[150.1034,64.4666],[150.1034,64.4666],[149.9437,64.505],[149.9454,64.544],[150.0224,64.2995],[149.9454,64.544],[149.3149,64.3762],[149.3149,64.3762],[148.3689,64.5286],[149.3149,64.3762],[149.9454,64.544],[150.5101,64.159],[148.3689,64.5286],[148.2377,64.4646],[148.1633,64.4287],[148.0489,64.403],[148.3009,64.2037],[148.3009,64.2037],[147.9417,63.9212],[148.3009,64.2037],[148.0489,64.403],[148.3689,64.5286],[147.9417,63.9212],[147.6348,64.0294],[147.6348,64.0294],[147.6746,64.0573],[147.7049,64.1139],[147.6449,64.1411],[147.6449,64.1411],[147.469,64.0909],[147.3661,64.104],[147.3364,64.0439],[146.4153,64.174],[147.3364,64.0439],[147.6449,64.1411],[147.9417,63.9212],[152.356,64.3765],[154.6178,66.2035],[146.4153,64.174],[146.1374,63.925],[146.1374,63.925],[145.654,63.8357],[146.1374,63.925],[145.654,63.8357],[145.6264,63.7934],[145.6425,63.7034],[145.6727,63.6731],[145.2307,63.1603],[145.6727,63.6731],[145.2307,63.1603],[145.3214,63.1042],[145.3225,63.0591],[145.2546,63.0224],[145.3679,62.9856],[145.4492,62.9508],[145.4492,62.9508],[145.4582,62.8833],[145.4667,62.8285],[145.3807,62.7665],[145.4856,62.5531],[145.3807,62.7665],[145.4492,62.9508],[145.2307,63.1603],[145.4856,62.5531],[145.1889,62.4803],[145.1889,62.4803],[145.1544,62.2262],[145.1544,62.2262],[144.7769,62.1019],[144.7769,62.1019],[144.5953,61.8396],[144.5953,61.8396],[144.3298,61.7448],[144.5953,61.8396],[144.7769,62.1019],[145.1544,62.2262],[145.1889,62.4803],[145.4856,62.5531],[145.654,63.8357],[146.4153,64.174],[144.3298,61.7448],[144.0053,61.7478],[144.0053,61.7478],[144.0598,61.945],[144.0598,61.945],[143.7694,61.842],[143.7694,61.842],[143.6403,62.019],[143.6403,62.019],[143.5489,62.028],[143.4817,61.9982],[143.4288,61.9938],[143.4347,62.0188],[143.3401,62.0501],[143.3351,62.1025],[143.6403,62.019],[143.7694,61.842],[144.0598,61.945],[144.0053,61.7478],[143.3351,62.1025],[143.0916,61.8788],[143.0916,61.8788],[142.4818,61.8721],[143.0916,61.8788],[143.3351,62.1025],[142.4818,61.8721],[142.264,62.0469],[142.264,62.0469],[141.7703,62.0676],[142.264,62.0469],[141.7703,62.0676],[141.3515,62.3983],[141.7703,62.0676],[141.3515,62.3983],[140.9641,62.4935],[140.9641,62.4935],[140.5222,62.4021],[140.9641,62.4935],[141.3515,62.3983],[142.4818,61.8721],[144.3298,61.7448],[140.5222,62.4021],[140.4308,62.3692],[140.3967,62.3165],[140.3941,62.0337],[140.3967,62.3165],[140.3941,62.0337],[140.0047,61.9323],[140.0047,61.9323],[139.8834,61.616],[140.0047,61.9323],[140.3941,62.0337],[139.8834,61.616],[139.0817,61.3112],[139.0817,61.3112],[138.7732,61.3231],[139.0817,61.3112],[138.7732,61.3231],[138.7135,61.2723],[138.7588,61.214],[138.7153,61.1766],[138.3533,61.0647],[138.7153,61.1766],[138.7732,61.3231],[139.8834,61.616],[138.3533,61.0647],[138.3893,61.0148],[138.2827,60.9203],[138.2423,60.8518],[138.358,60.7724],[138.4964,60.7074],[138.5481,60.6748],[138.5481,60.6748],[138.227,60.1091],[138.227,60.1091],[138.3283,59.9041],[138.3283,59.9041],[138.246,59.6468],[138.3283,59.9041],[138.227,60.1091],[138.5481,60.6748],[138.3533,61.0647],[138.246,59.6468],[138.1322,59.6446],[138.153,59.7011],[138.1125,59.7473],[138.0451,59.7184],[137.8796,59.7293],[137.6804,59.7209],[137.6804,59.7209],[137.4962,59.5396],[137.4962,59.5396],[136.8228,59.304],[137.4962,59.5396],[137.6804,59.7209],[136.8228,59.304],[135.6639,59.4812],[136.8228,59.304],[135.6639,59.4812],[135.1615,59.0914],[135.6639,59.4812],[135.1615,59.0914],[134.0106,59.2536],[134.0106,59.2536],[133.1446,59.2051],[134.0106,59.2536],[135.1615,59.0914],[133.1446,59.2051],[132.861,59.0995],[132.861,59.0995],[132.8498,58.9102],[132.861,59.0995],[132.8498,58.9102],[132.7375,58.8956],[132.6796,58.8959],[132.6249,58.8861],[132.6249,58.8861],[132.444,58.512],[132.6249,58.8861],[132.444,58.512],[132.1911,58.5285],[132.1911,58.5285],[132.1932,58.0768],[132.1911,58.5285],[132.1932,58.0768],[131.5422,58.1956],[132.1932,58.0768],[133.1446,59.2051],[138.246,59.6468],[131.5422,58.1956],[132.1302,57.7271],[132.1302,57.7271],[131.5902,57.2908],[131.5902,57.2908],[131.2283,57.2571],[131.5902,57.2908],[131.2283,57.2571],[131.8768,56.7967],[131.8768,56.7967],[131.8568,56.7549],[131.776,56.7227],[131.7185,56.7016],[131.7448,56.4768],[131.7185,56.7016],[131.7448,56.4768],[131.1819,56.429],[131.7448,56.4768],[131.1819,56.429],[130.8928,55.9219],[130.8928,55.9219],[130.9861,55.7012],[130.8928,55.9219],[131.1819,56.429],[131.8768,56.7967],[131.2283,57.2571],[132.1302,57.7271],[131.5422,58.1956],[130.9861,55.7012],[129.4638,55.7613],[129.4638,55.7613],[129.0354,55.6793],[129.0354,55.6793],[129.0677,55.6548],[129.1158,55.6332],[129.1428,55.5807],[129.0645,55.5251],[128.9864,55.5009],[129.0354,55.6793],[129.4638,55.7613],[128.9864,55.5009],[127.7671,55.7201],[127.7671,55.7201],[127.4168,55.5995],[127.4168,55.5995],[127.0743,55.7048],[127.0743,55.7048],[126.165,55.6105],[127.0743,55.7048],[127.4168,55.5995],[127.7671,55.7201],[128.9864,55.5009],[130.9861,55.7012],[140.5222,62.4021],[158.5577,66.0731],[126.165,55.6105],[125.3945,55.8778],[125.3945,55.8778],[124.5444,55.9212],[125.3945,55.8778],[124.5444,55.9212],[123.8654,56.4234],[124.5444,55.9212],[123.8654,56.4234],[123.2899,56.441],[123.2899,56.441],[122.9063,56.6049],[123.2899,56.441],[122.9063,56.6049],[122.6767,56.5056],[122.9063,56.6049],[122.6767,56.5056],[122.1776,56.7637],[122.1776,56.7637],[121.645,56.7713],[122.1776,56.7637],[122.6767,56.5056],[123.8654,56.4234],[121.645,56.7713],[121.487,56.9943],[121.645,56.7713],[121.487,56.9943],[120.6743,57.0561],[120.6743,57.0561],[119.7815,56.9058],[120.6743,57.0561],[121.487,56.9943],[119.7815,56.9058],[119.3915,57.4182],[119.3915,57.4182],[119.3971,57.4993],[119.4297,57.5367],[119.4462,57.5795],[119.4462,57.5795],[119.1834,57.5132],[119.1834,57.5132],[119.0072,57.7272],[119.1834,57.5132],[119.4462,57.5795],[119.0072,57.7272],[119.1223,58.2755],[119.1223,58.2755],[119.0755,58.4875],[119.0755,58.4875],[118.7645,58.5946],[119.0755,58.4875],[118.7645,58.5946],[118.81,58.9832],[118.81,58.9832],[118.6895,59.198],[118.81,58.9832],[118.6895,59.198],[118.7621,59.2365],[118.792,59.2567],[118.8268,59.2949],[118.8268,59.2949],[118.7877,59.3285],[118.7614,59.365],[118.7392,59.413],[118.7645,58.5946],[119.1223,58.2755],[119.0072,57.7272],[118.7392,59.413],[118.0701,59.623],[118.0701,59.623],[117.8151,59.415],[117.8151,59.415],[117.7617,59.4388],[117.7462,59.4838],[117.7097,59.5342],[117.2703,59.4846],[117.7097,59.5342],[117.8151,59.415],[118.0701,59.623],[117.2703,59.4846],[117.1483,59.5317],[117.1114,59.58],[117.0392,59.8634],[117.1114,59.58],[117.0392,59.8634],[117.2755,60.0385],[117.0392,59.8634],[117.2755,60.0385],[117.1605,60.0306],[117.0599,60.0124],[116.7184,60.275],[116.7184,60.275],[115.7515,60.5248],[116.7184,60.275],[117.0599,60.0124],[117.2755,60.0385],[117.2703,59.4846],[118.7392,59.413],[119.7815,56.9058],[115.7515,60.5248],[115.224,60.4752],[115.224,60.4752],[114.9691,60.2002],[114.9691,60.2002],[114.5192,60.0564],[114.9691,60.2002],[114.5192,60.0564],[114.5261,60.0178],[114.5667,60.0016],[114.5459,59.9512],[114.5459,59.9512],[113.601,59.5364],[114.5459,59.9512],[113.601,59.5364],[113.5613,59.4566],[113.4823,59.4258],[113.4203,59.4007],[113.4224,59.3508],[113.4738,59.2986],[113.453,59.2464],[113.601,59.5364],[113.453,59.2464],[112.72,58.9911],[112.72,58.9911],[112.5397,59.0577],[112.72,58.9911],[112.5397,59.0577],[112.471,58.8443],[112.5397,59.0577],[113.453,59.2464],[115.224,60.4752],[112.471,58.8443],[112.3798,59.1323],[112.3798,59.1323],[112.6092,59.3059],[112.3798,59.1323],[112.6092,59.3059],[112.2713,59.2746],[112.2713,59.2746],[112.2317,59.4801],[112.2713,59.2746],[112.6092,59.3059],[112.2317,59.4801],[111.5839,59.1994],[111.5839,59.1994],[110.664,59.2353],[111.5839,59.1994],[110.664,59.2353],[110.4453,59.0253],[110.4453,59.0253],[110.1349,58.9711],[110.4453,59.0253],[110.664,59.2353],[110.1349,58.9711],[109.7233,58.9684],[109.7233,58.9684],[109.1965,59.3173],[109.7233,58.9684],[110.1349,58.9711],[112.2317,59.4801],[112.471,58.8443],[115.7515,60.5248],[109.1965,59.3173],[109.7303,60.0191],[109.7303,60.0191],[109.6578,60.096],[109.6851,60.1633],[109.7189,60.2274],[109.7189,60.2274],[110.1317,60.5724],[110.1317,60.5724],[110.1372,60.602],[110.0592,60.6312],[110.0718,60.6594],[110.0718,60.6594],[110.2581,60.6752],[110.2581,60.6752],[110.5443,61.0962],[110.2581,60.6752],[109.7189,60.2274],[110.5443,61.0962],[109.8097,61.3029],[109.8097,61.3029],[109.8515,61.5249],[109.8515,61.5249],[109.5705,61.8061],[109.8515,61.5249],[109.5705,61.8061],[109.9277,62.0108],[109.9277,62.0108],[109.9848,62.2625],[109.9277,62.0108],[109.5705,61.8061],[109.9848,62.2625],[109.8862,62.3849],[109.8862,62.3849],[109.4732,62.3454],[109.4732,62.3454],[109.4462,62.3733],[109.3742,62.4013],[109.3224,62.4471],[109.8862,62.3849],[109.3224,62.4471],[109.6929,62.8066],[109.6929,62.8066],[109.6491,62.8402],[109.5461,62.8829],[109.5034,62.9335],[109.4319,63.3356],[109.5034,62.9335],[109.6929,62.8066],[109.3224,62.4471],[109.9848,62.2625],[109.8097,61.3029],[110.5443,61.0962],[109.4319,63.3356],[109.1,63.5018],[109.1,63.5018],[108.2383,63.5088],[109.1,63.5018],[108.2383,63.5088],[108.3602,63.7499],[108.3602,63.7499],[108.8529,63.8009],[108.3602,63.7499],[108.8529,63.8009],[108.8488,63.8369],[108.7934,63.8539],[108.839,63.9427],[108.7718,63.9851],[108.6064,63.9974],[108.5644,64.0363],[108.5644,64.0363],[108.4911,64.2768],[108.5644,64.0363],[108.8529,63.8009],[108.2383,63.5088],[108.4911,64.2768],[107.9335,64.1941],[107.9335,64.1941],[107.306,64.2654],[107.306,64.2654],[106.6818,64.531],[107.306,64.2654],[106.6818,64.531],[106.1611,64.4071],[106.1611,64.4071],[106.0985,64.4415],[106.1417,64.4745],[106.1261,64.5207],[105.7255,64.5704],[106.1261,64.5207],[106.1611,64.4071],[106.6818,64.531],[107.9335,64.1941],[108.4911,64.2768],[109.4319,63.3356],[105.7255,64.5704],[105.969,64.9131],[105.969,64.9131],[106.0222,64.9176],[106.0829,64.8769],[106.1915,64.8928],[106.1915,64.8928],[106.0447,65.0787],[106.1915,64.8928],[106.0447,65.0787],[107.0436,65.5211],[106.0447,65.0787],[107.0436,65.5211],[106.4958,65.6887],[106.4958,65.6887],[106.5028,66.0542],[106.5028,66.0542],[106.4496,66.1133],[106.2885,66.1635],[106.186,66.181],[106.186,66.181],[106.19,66.2396],[106.1998,66.4259],[106.291,66.4704],[106.3093,66.4952],[106.3284,66.5196],[106.3284,66.5196],[106.3203,66.5916],[106.271,66.6467],[106.3121,66.7197],[106.0652,66.8167],[106.3121,66.7197],[106.0652,66.8167],[106.1423,66.8673],[106.1456,66.9196],[106.3284,66.5196],[106.186,66.181],[106.4958,65.6887],[106.1456,66.9196],[105.5235,67.0146],[106.1456,66.9196],[105.5235,67.0146],[106.0116,67.0648],[106.0116,67.0648],[106.0539,67.1148],[106.0799,67.1956],[106.6538,67.2524],[106.6538,67.2524],[106.7516,67.2911],[106.7973,67.3757],[106.0799,67.1956],[106.0116,67.0648],[106.7973,67.3757],[106.9039,68.877],[106.9039,68.877],[106.5408,69.1507],[106.1558,69.3913],[106.7973,67.3757],[105.5235,67.0146],[107.0436,65.5211],[105.7255,64.5704],[106.1558,69.3913],[106.5109,69.5755],[106.5109,69.5755],[106.6868,69.5363],[106.9312,69.5367],[107.0457,69.5484],[108.3366,69.8434],[107.0457,69.5484],[106.5109,69.5755],[108.3366,69.8434],[109.3551,69.7836],[108.3366,69.8434],[109.3551,69.7836],[109.5833,70.0395],[109.5833,70.0395],[109.5241,70.0468],[109.4477,70.0641],[109.4213,70.2293],[109.4477,70.0641],[109.5833,70.0395],[109.4213,70.2293],[109.6712,70.384],[109.6712,70.384],[110.3455,70.4207],[109.6712,70.384],[110.3455,70.4207],[110.2982,70.4635],[110.2251,70.4809],[110.1171,70.5101],[110.2112,70.6602],[110.1171,70.5101],[110.3455,70.4207],[109.4213,70.2293],[110.2112,70.6602],[112.5717,71.0727],[110.2112,70.6602],[109.3551,69.7836],[112.5717,71.0727],[112.7564,71.2618],[112.7564,71.2618],[112.0925,71.4313],[112.7564,71.2618],[112.0925,71.4313],[112.0149,72.1213],[112.0925,71.4313],[112.0149,72.1213],[111.0625,72.4073],[111.0625,72.4073],[111.1123,72.4471],[111.2132,72.4796],[111.2161,72.5387],[110.7803,72.651],[110.7803,72.651],[110.7422,72.7298],[110.719,72.808],[111.2161,72.5387],[110.719,72.808],[110.881,72.9856],[110.881,72.9856],[110.7123,72.9954],[110.7123,72.9954],[110.7848,73.0353],[110.9162,73.0432],[110.9269,73.0851],[110.8408,73.1286],[110.9051,73.1652],[110.7123,72.9954],[110.719,72.808],[110.9051,73.1652],[110.8645,73.1897],[110.6819,73.2047],[110.4673,73.1806],[110.3623,73.2285],[110.4441,73.254],[110.5693,73.2926],[110.549,73.3481],[110.549,73.3481],[110.3304,73.3766],[110.1348,73.4076],[110.4673,73.1806],[110.9051,73.1652],[111.0625,72.4073],[112.0149,72.1213],[110.1348,73.4076],[111.166,73.6124],[111.166,73.6124],[111.1528,73.6375],[111.0736,73.6855],[110.8994,73.6963],[110.915,73.7144],[110.9238,73.7487],[110.9353,73.783],[110.9353,73.783],[111.2767,73.8712],[110.9353,73.783],[111.166,73.6124],[111.2767,73.8712],[111.8736,73.726],[111.8736,73.726],[112.7946,73.7149],[111.8736,73.726],[112.7946,73.7149],[112.9922,73.7962],[112.9922,73.7962],[112.8309,73.9916],[112.9922,73.7962],[112.7946,73.7149],[112.8309,73.9916],[113.2862,73.7494],[112.8309,73.9916],[111.2767,73.8712],[110.1348,73.4076],[112.5717,71.0727],[106.1558,69.3913],[109.1965,59.3173],[126.165,55.6105],[162.3555,69.6288],[113.3451,73.7137]]],[],[[[135.4874,74.2361],[136.3109,73.983],[136.3109,73.983],[136.1975,73.8818],[136.3109,73.983],[136.1975,73.8818],[135.469,74.2409],[136.1975,73.8818],[135.4874,74.2361]]],[[[140.8866,74.2726],[141.1249,74.2031],[141.1249,74.2031],[141.0707,74.0183],[141.1249,74.2031],[141.0707,74.0183],[140.5907,73.9004],[141.0707,74.0183],[140.5907,73.9004],[140.245,74.0289],[140.245,74.0289],[140.2263,74.2039],[140.245,74.0289],[140.2263,74.2039],[140.8542,74.2744],[140.2263,74.2039],[140.5907,73.9004],[140.8866,74.2726]]],[],[],[[[116.112,74.3668],[115.9991,74.2742],[115.9991,74.2742],[116.0938,74.3686],[115.9991,74.2742],[116.112,74.3668]]],[],[],[],[[[147.026,75.3215],[147.6312,75.4428],[147.6312,75.4428],[148.5786,75.373],[148.5786,75.373],[148.5119,75.3018],[148.5119,75.3018],[148.6226,75.1993],[148.5119,75.3018],[148.5786,75.373],[148.6226,75.1993],[149.3648,75.2654],[149.3648,75.2654],[150.9831,75.1317],[149.3648,75.2654],[148.6226,75.1993],[147.6312,75.4428],[150.9831,75.1317],[150.6962,74.9973],[150.6962,74.9973],[150.6666,74.8666],[150.6962,74.9973],[150.6666,74.8666],[148.2744,74.7705],[150.6666,74.8666],[150.9831,75.1317],[148.2744,74.7705],[146.1782,75.2142],[146.1782,75.2142],[146.4881,75.5915],[146.4881,75.5915],[146.9324,75.3304],[146.4881,75.5915],[146.1782,75.2142],[148.2744,74.7705],[147.026,75.3215]]],[],[],[],[[[136.0139,75.4511],[135.5423,75.3729],[135.5423,75.3729],[135.7519,75.8715],[135.5423,75.3729],[135.7519,75.8715],[136.2386,75.623],[136.2386,75.623],[136.0035,75.4546],[136.2386,75.623],[135.7519,75.8715],[136.0139,75.4511]]],[],[],[],[],[],[],[],[[[141.0931,76.081],[140.955,76.0907],[140.955,76.0907],[141.0983,76.0869],[140.955,76.0907],[141.0931,76.081]]],[],[[[152.8447,76.1889],[152.7669,76.0949],[152.7669,76.0949],[152.575,76.1525],[152.575,76.1525],[152.8332,76.1901],[152.575,76.1525],[152.7669,76.0949],[152.8447,76.1889]]],[[[139.0962,76.1276],[140.0199,75.9467],[140.0199,75.9467],[139.8424,75.8752],[139.8424,75.8752],[140.4852,75.7898],[140.4852,75.7898],[140.5578,75.6624],[140.4852,75.7898],[139.8424,75.8752],[140.0199,75.9467],[140.5578,75.6624],[141.0737,75.6361],[141.0737,75.6361],[140.9017,75.7712],[140.9017,75.7712],[141.0612,76.0584],[140.9017,75.7712],[141.0737,75.6361],[141.0612,76.0584],[141.7269,75.9987],[141.0612,76.0584],[141.7269,75.9987],[141.4122,76.175],[141.7269,75.9987],[141.4122,76.175],[142.6392,75.8556],[142.6392,75.8556],[143.8589,75.8328],[143.8589,75.8328],[145.4137,75.4965],[143.8589,75.8328],[142.6392,75.8556],[141.4122,76.175],[140.5578,75.6624],[145.4137,75.4965],[144.872,75.4297],[144.872,75.4297],[144.7918,75.3743],[144.7918,75.3743],[144.988,75.2742],[144.7918,75.3743],[144.988,75.2742],[144.4229,75.0552],[144.988,75.2742],[144.872,75.4297],[144.4229,75.0552],[143.5228,75.0594],[144.4229,75.0552],[143.5228,75.0594],[143.7186,74.9597],[143.7186,74.9597],[143.5572,74.9016],[143.7186,74.9597],[143.5228,75.0594],[143.5572,74.9016],[142.4319,74.8075],[142.4319,74.8075],[141.97,74.924],[141.97,74.924],[142.3792,74.9192],[142.3792,74.9192],[142.2506,75.0188],[142.3792,74.9192],[141.97,74.924],[142.4319,74.8075],[142.2506,75.0188],[139.9866,74.7978],[142.2506,75.0188],[139.9866,74.7978],[140.1277,74.8116],[140.1277,74.8116],[140.0615,74.8855],[140.1277,74.8116],[140.0615,74.8855],[139.691,74.9733],[140.0615,74.8855],[139.9866,74.7978],[139.691,74.9733],[139.5103,74.9219],[139.5103,74.9219],[139.7243,74.8643],[139.7243,74.8643],[139.5288,74.7361],[139.7243,74.8643],[139.5103,74.9219],[139.5288,74.7361],[139.1402,74.6364],[139.5288,74.7361],[139.691,74.9733],[143.5572,74.9016],[145.4137,75.4965],[139.1402,74.6364],[138.2006,74.7593],[138.2006,74.7593],[136.9463,75.3362],[138.2006,74.7593],[136.9463,75.3362],[137.3041,75.464],[137.3041,75.464],[137.2012,75.5494],[137.2012,75.5494],[137.2766,75.6183],[137.2012,75.5494],[137.2766,75.6183],[137.007,75.586],[137.2766,75.6183],[137.007,75.586],[137.237,75.6508],[137.237,75.6508],[137.1752,75.7301],[137.237,75.6508],[137.007,75.586],[137.3041,75.464],[137.1752,75.7301],[137.6245,75.7929],[137.1752,75.7301],[137.6245,75.7929],[137.4847,75.9388],[137.6245,75.7929],[137.4847,75.9388],[138.8447,76.2005],[138.8447,76.2005],[139.1607,76.2009],[139.1607,76.2009],[139.0954,76.1276],[139.1607,76.2009],[138.8447,76.2005],[137.4847,75.9388],[136.9463,75.3362],[139.1402,74.6364],[139.0962,76.1276]]],[],[],[[[149.4049,76.7435],[149.1817,76.6321],[149.1817,76.6321],[148.4758,76.64],[148.4758,76.64],[148.8409,76.722],[148.4758,76.64],[149.1817,76.6321],[148.8409,76.722],[149.4725,76.756],[148.8409,76.722],[149.4049,76.7435]]],[]]}},{"type":"Feature","properties":{"name":"Сахалинская область"},"geometry":{"type":"MultiPolygon","coordinates":[[],[],[],[],[],[],[],[[[146.1408,43.5494],[146.1844,43.4814],[146.1844,43.4814],[146.0597,43.5236],[146.0597,43.5236],[146.1405,43.5492],[146.0597,43.5236],[146.1844,43.4814],[146.1408,43.5494]]],[],[],[],[],[],[],[],[],[],[],[[[146.8291,43.8872],[146.9058,43.811],[146.9058,43.811],[146.6425,43.7008],[146.9058,43.811],[146.6425,43.7008],[146.5856,43.8061],[146.5856,43.8061],[146.8285,43.8876],[146.5856,43.8061],[146.6425,43.7008],[146.8291,43.8872]]],[[[146.17,44.5169],[146.4469,44.3908],[146.4469,44.3908],[146.5708,44.4533],[146.4469,44.3908],[146.5708,44.4533],[146.533,44.3792],[146.5708,44.4533],[146.533,44.3792],[145.9215,44.136],[145.9215,44.136],[145.5908,43.8685],[145.5908,43.8685],[145.5456,43.6531],[145.5908,43.8685],[145.9215,44.136],[146.533,44.3792],[145.5456,43.6531],[145.4045,43.8402],[145.4045,43.8402],[146.1706,44.5172],[145.4045,43.8402],[145.5456,43.6531],[146.17,44.5169]]],[],[[[148.7892,45.555],[148.8931,45.5106],[148.8931,45.5106],[148.8428,45.3378],[148.8931,45.5106],[148.8428,45.3378],[148.3069,45.2172],[148.3069,45.2172],[147.9044,44.9612],[148.3069,45.2172],[147.9044,44.9612],[147.652,44.9939],[147.9044,44.9612],[147.652,44.9939],[147.5612,44.8217],[147.5612,44.8217],[146.9094,44.4281],[147.5612,44.8217],[147.652,44.9939],[148.8428,45.3378],[146.9094,44.4281],[146.9464,44.6289],[146.9464,44.6289],[147.189,44.7008],[146.9464,44.6289],[147.189,44.7008],[147.0997,44.8156],[147.189,44.7008],[147.0997,44.8156],[147.8547,45.2117],[147.8547,45.2117],[147.9014,45.429],[147.8547,45.2117],[147.0997,44.8156],[147.9014,45.429],[148.0544,45.2578],[148.0544,45.2578],[148.2303,45.265],[148.0544,45.2578],[148.2303,45.265],[148.7867,45.5553],[148.2303,45.265],[147.9014,45.429],[146.9094,44.4281],[148.7892,45.555]]],[],[],[],[],[],[],[[[150.5489,46.2147],[149.6619,45.6211],[149.6619,45.6211],[149.4064,45.5725],[149.4064,45.5725],[149.4728,45.668],[149.4064,45.5725],[149.6619,45.6211],[149.4728,45.668],[150.2178,46.1879],[150.2178,46.1879],[150.5492,46.215],[150.2178,46.1879],[149.4728,45.668],[150.5489,46.2147]]],[],[],[],[],[],[],[],[],[],[],[],[],[],[],[[[152.229,47.1666],[152.1532,46.9965],[152.1532,46.9965],[151.7589,46.7758],[152.1532,46.9965],[151.7589,46.7758],[151.716,46.8524],[151.716,46.8524],[152.2272,47.1672],[151.716,46.8524],[151.7589,46.7758],[152.229,47.1666]]],[[[152.4503,47.3779],[152.5434,47.3281],[152.5434,47.3281],[152.4354,47.2957],[152.5434,47.3281],[152.4354,47.2957],[152.4492,47.3783],[152.4354,47.2957],[152.4503,47.3779]]],[],[],[],[],[],[],[[[153.0472,47.8021],[152.966,47.6772],[152.966,47.6772],[153.047,47.8022],[152.966,47.6772],[153.0472,47.8021]]],[],[],[],[],[[[154.1851,48.904],[154.016,48.7201],[154.016,48.7201],[154.1831,48.9035],[154.016,48.7201],[154.1851,48.904]]],[],[],[],[[[154.4794,49.1697],[154.6036,49.1207],[154.6036,49.1207],[154.5178,49.0701],[154.6036,49.1207],[154.5178,49.0701],[154.4792,49.1697],[154.5178,49.0701],[154.4794,49.1697]]],[],[],[],[],[],[],[],[[[143.6217,49.3242],[143.4267,49.3094],[143.4267,49.3094],[143.6214,49.3239],[143.4267,49.3094],[143.6217,49.3242]]],[],[],[[[154.8461,49.6353],[154.8445,49.3239],[154.8445,49.3239],[154.7123,49.2582],[154.8445,49.3239],[154.7123,49.2582],[154.6114,49.3604],[154.6114,49.3604],[154.8454,49.6354],[154.6114,49.3604],[154.7123,49.2582],[154.8461,49.6353]]],[[[154.4436,49.8181],[154.4425,49.7269],[154.4425,49.7269],[154.4433,49.8181],[154.4425,49.7269],[154.4436,49.8181]]],[],[],[],[],[[[156.0383,50.7692],[156.1565,50.7423],[156.1565,50.7423],[156.17,50.5072],[156.1565,50.7423],[156.17,50.5072],[155.3908,49.9992],[156.17,50.5072],[155.3908,49.9992],[155.2217,50.0525],[155.2217,50.0525],[155.2069,50.2883],[155.2217,50.0525],[155.2069,50.2883],[155.6485,50.3776],[155.6485,50.3776],[156.0378,50.7692],[155.6485,50.3776],[155.2069,50.2883],[155.3908,49.9992],[156.0383,50.7692]]],[[[156.485,50.8636],[156.4139,50.6367],[156.4139,50.6367],[156.1733,50.7077],[156.1733,50.7077],[156.4855,50.8639],[156.1733,50.7077],[156.4139,50.6367],[156.485,50.8636]]],[[[155.5429,50.9189],[155.6805,50.8476],[155.6805,50.8476],[155.5351,50.8064],[155.6805,50.8476],[155.5351,50.8064],[155.4568,50.8824],[155.4568,50.8824],[155.5417,50.9192],[155.4568,50.8824],[155.5351,50.8064],[155.5429,50.9189]]],[],[],[],[],[],[],[],[],[],[],[],[],[],[],[],[],[],[],[],[],[],[],[],[],[],[],[],[],[],[],[],[],[],[[[142.4208,53.5977],[142.2943,53.5199],[142.2943,53.5199],[142.4198,53.5978],[142.2943,53.5199],[142.4208,53.5977]]],[],[[[142.7082,54.4245],[142.9875,54.1157],[142.9875,54.1157],[142.8078,53.8817],[142.8078,53.8817],[143.2505,53.2083],[143.2505,53.2083],[143.3272,52.8461],[143.3272,52.8461],[143.1745,53.3521],[143.1745,53.3521],[143.0315,53.2619],[143.0315,53.2619],[143.099,53.0371],[143.0315,53.2619],[143.1745,53.3521],[143.3272,52.8461],[143.2505,53.2083],[143.099,53.0371],[143.2333,52.8483],[143.2333,52.8483],[143.2933,52.9503],[143.2333,52.8483],[143.2933,52.9503],[143.3133,52.7125],[143.2933,52.9503],[143.3133,52.7125],[143.3356,52.8331],[143.3133,52.7125],[143.099,53.0371],[142.8078,53.8817],[142.9875,54.1157],[143.3356,52.8331],[143.2828,52.4514],[143.2828,52.4514],[143.182,52.3668],[143.182,52.3668],[143.2841,52.6424],[143.182,52.3668],[143.2841,52.6424],[143.1083,52.3461],[143.2841,52.6424],[143.2828,52.4514],[143.1083,52.3461],[143.1466,52.0918],[143.1083,52.3461],[143.1466,52.0918],[143.1474,52.2579],[143.1474,52.2579],[143.0759,52.1706],[143.1474,52.2579],[143.1466,52.0918],[143.0759,52.1706],[143.105,51.9286],[143.105,51.9286],[143.2133,51.85],[143.2133,51.85],[143.1844,51.9653],[143.2133,51.85],[143.1844,51.9653],[143.3289,51.6931],[143.1844,51.9653],[143.105,51.9286],[143.3289,51.6931],[143.2039,51.5086],[143.3289,51.6931],[143.0759,52.1706],[143.3356,52.8331],[143.2039,51.5086],[143.3422,51.5042],[143.3422,51.5042],[143.3572,51.6333],[143.3422,51.5042],[143.3572,51.6333],[143.4372,51.4408],[143.3572,51.6333],[143.4372,51.4408],[143.4128,51.55],[143.4372,51.4408],[143.4128,51.55],[143.482,51.3202],[143.482,51.3202],[143.3728,51.3325],[143.482,51.3202],[143.3728,51.3325],[143.5228,51.2339],[143.5228,51.2339],[143.7589,50.3805],[143.7589,50.3805],[144.2375,49.5068],[143.7589,50.3805],[144.2375,49.5068],[144.2225,49.3078],[144.2375,49.5068],[143.5228,51.2339],[143.3728,51.3325],[144.2225,49.3078],[144.3819,49.0261],[144.3819,49.0261],[144.6919,48.8608],[144.3819,49.0261],[144.6919,48.8608],[144.749,48.6445],[144.6919,48.8608],[144.2225,49.3078],[143.4128,51.55],[143.2039,51.5086],[144.749,48.6445],[144.1383,49.2192],[144.1383,49.2192],[143.3169,49.4281],[143.3169,49.4281],[143.2381,49.3669],[143.2381,49.3669],[143.438,49.315],[143.2381,49.3669],[143.438,49.315],[143.13,49.2864],[143.438,49.315],[143.3169,49.4281],[144.1383,49.2192],[143.13,49.2864],[142.5783,48.1681],[142.5783,48.1681],[142.5215,47.8016],[142.5783,48.1681],[142.5215,47.8016],[143.0189,47.2514],[143.0189,47.2514],[143.1619,46.855],[143.1619,46.855],[143.0678,46.8144],[143.1619,46.855],[143.0189,47.2514],[143.0678,46.8144],[143.343,46.6828],[143.343,46.6828],[143.1624,46.8588],[143.1624,46.8588],[143.4648,46.8371],[143.1624,46.8588],[143.343,46.6828],[143.4648,46.8371],[143.6169,46.3722],[143.4648,46.8371],[143.0678,46.8144],[142.5215,47.8016],[143.6169,46.3722],[143.4144,46.02],[143.4144,46.02],[143.3636,46.5567],[143.3636,46.5567],[142.7763,46.606],[142.7763,46.606],[142.6694,46.7626],[142.7763,46.606],[143.3636,46.5567],[143.4144,46.02],[142.6694,46.7626],[142.4168,46.6036],[142.4168,46.6036],[142.0802,45.8935],[142.4168,46.6036],[142.6694,46.7626],[143.6169,46.3722],[143.13,49.2864],[144.749,48.6445],[142.0802,45.8935],[141.9158,46.0462],[141.9158,46.0462],[141.8101,46.5995],[141.9158,46.0462],[141.8101,46.5995],[142.0619,47.1066],[142.0619,47.1066],[141.9613,47.619],[142.0619,47.1066],[141.9613,47.619],[142.2036,47.9833],[141.9613,47.619],[141.8101,46.5995],[142.2036,47.9833],[142.1439,48.3231],[142.1439,48.3231],[141.8469,48.7664],[142.1439,48.3231],[142.2036,47.9833],[141.8469,48.7664],[142.0856,49.135],[142.0856,49.135],[142.1748,50.0494],[142.1748,50.0494],[142.0441,50.552],[142.1748,50.0494],[142.0441,50.552],[142.2539,51.1417],[142.0441,50.552],[142.0856,49.135],[141.8469,48.7664],[142.2539,51.1417],[141.9344,51.6342],[141.9344,51.6342],[141.6729,51.7427],[141.9344,51.6342],[141.6729,51.7427],[141.8505,51.7189],[141.8505,51.7189],[141.6266,51.8849],[141.6266,51.8849],[141.6293,52.3218],[141.6266,51.8849],[141.8505,51.7189],[141.6729,51.7427],[142.2539,51.1417],[141.6293,52.3218],[141.8289,52.5547],[141.8289,52.5547],[141.92,53.0281],[141.8289,52.5547],[141.92,53.0281],[141.7646,53.3775],[141.92,53.0281],[141.7646,53.3775],[142.2543,53.5389],[142.2543,53.5389],[142.2416,53.3847],[142.2416,53.3847],[142.4421,53.3802],[142.2416,53.3847],[142.2543,53.5389],[142.4421,53.3802],[142.6719,53.509],[142.6719,53.509],[142.4786,53.6611],[142.6719,53.509],[142.4786,53.6611],[142.7896,53.7073],[142.4786,53.6611],[142.4421,53.3802],[141.7646,53.3775],[142.7896,53.7073],[142.6988,53.8484],[142.6988,53.8484],[142.59,53.6908],[142.6988,53.8484],[142.59,53.6908],[142.6956,53.9425],[142.6956,53.9425],[142.2588,54.3029],[142.6956,53.9425],[142.59,53.6908],[142.2588,54.3029],[142.603,54.3235],[142.603,54.3235],[142.4784,54.2866],[142.4784,54.2866],[142.6022,54.2346],[142.4784,54.2866],[142.603,54.3235],[142.6022,54.2346],[142.7074,54.4247],[142.6022,54.2346],[142.2588,54.3029],[142.7896,53.7073],[141.6293,52.3218],[142.0802,45.8935],[142.7082,54.4245]]]]}},{"type":"Feature","properties":{"name":"Самарская область"},"geometry":{"type":"Polygon","coordinates":[[[51.4129,54.6739],[51.3579,54.6276],[51.3656,54.6126],[51.3755,54.5933],[51.5309,54.6608],[51.5309,54.6608],[51.9591,54.5016],[51.5309,54.6608],[51.3755,54.5933],[51.9591,54.5016],[52.0753,54.3417],[51.9591,54.5016],[52.0753,54.3417],[52.3129,54.4528],[52.3129,54.4528],[52.5595,54.3868],[52.3129,54.4528],[52.0753,54.3417],[52.5595,54.3868],[52.507,54.3611],[52.4429,54.3437],[52.4018,54.3328],[52.3233,54.1837],[52.3233,54.1837],[52.4462,54.0126],[52.3233,54.1837],[52.4462,54.0126],[52.0988,53.5122],[52.4462,54.0126],[52.4018,54.3328],[52.0988,53.5122],[52.3033,53.3946],[52.0988,53.5122],[52.3033,53.3946],[52.2619,53.3734],[52.2203,53.3805],[52.1575,53.3577],[52.0881,53.0132],[52.1575,53.3577],[52.0881,53.0132],[51.7406,52.8637],[51.7406,52.8637],[51.4797,52.5649],[51.7406,52.8637],[52.0881,53.0132],[51.4797,52.5649],[51.4813,52.5415],[51.5706,52.4834],[51.5705,52.4446],[51.3867,52.315],[51.3867,52.315],[51.451,52.1307],[51.451,52.1307],[51.405,52.0807],[51.3209,52.0192],[51.3867,52.315],[51.5705,52.4446],[51.4797,52.5649],[52.3033,53.3946],[52.5595,54.3868],[51.3209,52.0192],[50.8628,51.7952],[50.8628,51.7952],[50.6551,51.9848],[50.6551,51.9848],[49.6853,52.2664],[50.6551,51.9848],[49.6853,52.2664],[49.6109,52.408],[49.6853,52.2664],[49.6109,52.408],[48.9631,52.4798],[48.9631,52.4798],[48.5658,52.6855],[48.9631,52.4798],[48.5658,52.6855],[48.3282,52.6326],[48.5658,52.6855],[49.6109,52.408],[50.8628,51.7952],[51.3209,52.0192],[48.3282,52.6326],[48.556,52.9404],[48.556,52.9404],[48.204,53.0329],[48.204,53.0329],[48.1703,53.2697],[48.1703,53.2697],[48.0942,53.2912],[48.0275,53.3382],[47.9864,53.39],[48.204,53.0329],[48.556,52.9404],[47.9864,53.39],[48.3796,53.475],[48.3796,53.475],[48.336,53.6656],[48.336,53.6656],[48.6256,53.6793],[48.336,53.6656],[48.6256,53.6793],[48.4741,53.7638],[48.6256,53.6793],[48.3796,53.475],[47.9864,53.39],[48.4741,53.7638],[49.9686,53.8602],[49.9686,53.8602],[49.9287,53.9512],[49.9287,53.9512],[50.2655,54.2524],[49.9287,53.9512],[50.2655,54.2524],[50.0798,54.5337],[50.2655,54.2524],[50.0798,54.5337],[50.5407,54.3347],[50.5407,54.3347],[50.761,54.4521],[50.761,54.4521],[50.9559,54.3491],[50.761,54.4521],[50.5407,54.3347],[50.9559,54.3491],[51.1677,54.6667],[51.1677,54.6667],[51.3918,54.6826],[51.1677,54.6667],[50.9559,54.3491],[50.0798,54.5337],[49.9686,53.8602],[48.4741,53.7638],[48.3282,52.6326],[51.4129,54.6739]]]}},{"type":"Feature","properties":{"name":"Саратовская область"},"geometry":{"type":"Polygon","coordinates":[[[48.4019,52.7962],[48.3282,52.6326],[48.3282,52.6326],[48.5658,52.6855],[48.5658,52.6855],[48.9631,52.4798],[48.9631,52.4798],[49.6109,52.408],[48.9631,52.4798],[48.5658,52.6855],[49.6109,52.408],[49.6853,52.2664],[49.6853,52.2664],[50.6551,51.9848],[50.6551,51.9848],[50.8628,51.7952],[50.6551,51.9848],[49.6853,52.2664],[49.6109,52.408],[48.3282,52.6326],[50.8628,51.7952],[50.7354,51.7513],[50.7354,51.7513],[50.7546,51.5779],[50.7354,51.7513],[50.7546,51.5779],[50.5142,51.6013],[50.7546,51.5779],[50.5142,51.6013],[50.3676,51.3403],[50.5142,51.6013],[50.3676,51.3403],[49.736,51.1147],[49.736,51.1147],[49.4205,51.1296],[49.736,51.1147],[50.3676,51.3403],[49.4205,51.1296],[49.3233,50.9979],[49.3233,50.9979],[49.4109,50.8584],[49.3233,50.9979],[49.4205,51.1296],[49.4109,50.8584],[48.8247,50.6003],[48.8247,50.6003],[48.5583,50.6484],[48.8247,50.6003],[49.4109,50.8584],[48.5583,50.6484],[48.8775,50.0234],[48.8775,50.0234],[48.4245,49.8071],[48.8775,50.0234],[48.5583,50.6484],[50.8628,51.7952],[48.4245,49.8071],[48.2179,49.873],[48.2179,49.873],[47.7442,50.3789],[48.2179,49.873],[47.7442,50.3789],[47.2932,50.3884],[47.2932,50.3884],[46.6737,50.6921],[47.2932,50.3884],[47.7442,50.3789],[46.6737,50.6921],[46.4943,50.54],[46.4943,50.54],[46.1694,50.5106],[46.4943,50.54],[46.1694,50.5106],[46.1407,50.6507],[46.1407,50.6507],[45.8113,50.7698],[46.1407,50.6507],[46.1694,50.5106],[45.8113,50.7698],[45.7563,50.576],[45.7563,50.576],[45.294,50.5538],[45.7563,50.576],[45.8113,50.7698],[46.6737,50.6921],[45.294,50.5538],[45.2285,50.6847],[45.2285,50.6847],[45.3599,50.8915],[45.2285,50.6847],[45.3599,50.8915],[44.8953,51.1839],[45.3599,50.8915],[45.294,50.5538],[44.8953,51.1839],[44.0799,51.0865],[44.0799,51.0865],[44.0513,51.1828],[44.0799,51.0865],[44.0513,51.1828],[43.507,51.0174],[44.0513,51.1828],[43.507,51.0174],[42.9525,51.2534],[43.507,51.0174],[44.8953,51.1839],[48.4245,49.8071],[42.9525,51.2534],[42.9199,51.418],[42.9199,51.418],[42.545,51.6285],[42.9199,51.418],[42.545,51.6285],[43.0134,52.3489],[43.0134,52.3489],[43.217,52.4502],[43.0134,52.3489],[42.545,51.6285],[43.217,52.4502],[44.3077,52.2936],[44.3077,52.2936],[44.6298,52.5107],[44.3077,52.2936],[44.6298,52.5107],[45.0752,52.3368],[44.6298,52.5107],[45.0752,52.3368],[45.6795,52.5187],[45.6795,52.5187],[46.0201,52.4062],[45.6795,52.5187],[46.0201,52.4062],[46.0017,52.524],[46.0017,52.524],[46.588,52.7265],[46.0017,52.524],[46.0201,52.4062],[46.588,52.7265],[47.4274,52.56],[47.4274,52.56],[47.7763,52.5802],[47.7763,52.5802],[47.8481,52.7543],[47.7763,52.5802],[47.8481,52.7543],[48.3855,52.8067],[47.8481,52.7543],[47.4274,52.56],[46.588,52.7265],[45.0752,52.3368],[43.217,52.4502],[42.9525,51.2534],[48.4019,52.7962]]]}},{"type":"Feature","properties":{"name":"Смоленская область"},"geometry":{"type":"Polygon","coordinates":[[[34.0174,56.0396],[34.7412,55.8828],[34.7412,55.8828],[35.1572,55.9296],[34.7412,55.8828],[35.1572,55.9296],[35.4059,55.5889],[35.4059,55.5889],[35.2863,55.2872],[35.2863,55.2872],[35.3808,55.1614],[35.2863,55.2872],[35.4059,55.5889],[35.1572,55.9296],[35.3808,55.1614],[34.8891,54.8607],[34.8891,54.8607],[34.9519,54.7498],[34.8891,54.8607],[34.9519,54.7498],[34.4607,54.691],[34.9519,54.7498],[34.4607,54.691],[34.5591,54.6124],[34.5591,54.6124],[34.492,54.496],[34.5591,54.6124],[34.4607,54.691],[34.492,54.496],[33.7021,54.4997],[34.492,54.496],[33.7021,54.4997],[33.7493,54.3103],[33.7493,54.3103],[33.4835,54.0643],[33.4835,54.0643],[33.5439,54.0076],[33.7493,54.3103],[33.5439,54.0076],[33.358,53.9685],[33.358,53.9685],[33.3401,53.9174],[33.2838,53.871],[33.3566,53.8158],[32.9468,53.5724],[32.9468,53.5724],[32.9678,53.5337],[32.9194,53.4947],[32.9152,53.4229],[33.3566,53.8158],[33.358,53.9685],[32.9152,53.4229],[32.8583,53.4453],[32.7828,53.419],[32.7608,53.4123],[33.5439,54.0076],[33.7021,54.4997],[35.3808,55.1614],[32.7608,53.4123],[32.4494,53.5863],[32.4494,53.5863],[32.465,53.7379],[32.4494,53.5863],[32.465,53.7379],[31.766,53.7973],[32.465,53.7379],[31.766,53.7973],[31.8843,54.0501],[31.8843,54.0501],[31.3301,54.2609],[31.3301,54.2609],[31.0851,54.5112],[31.0851,54.5112],[31.2096,54.656],[31.0851,54.5112],[31.2096,54.656],[30.76,54.8033],[31.2096,54.656],[31.3301,54.2609],[31.8843,54.0501],[31.766,53.7973],[30.76,54.8033],[31.0254,55.0493],[31.0254,55.0493],[30.8295,55.302],[30.8295,55.302],[30.9157,55.6325],[30.8295,55.302],[31.0254,55.0493],[30.76,54.8033],[30.9157,55.6325],[31.4574,55.7513],[31.4574,55.7513],[33.2314,55.6],[31.4574,55.7513],[33.2314,55.6],[33.7268,55.8039],[33.7268,55.8039],[33.7528,55.9372],[33.7268,55.8039],[33.7528,55.9372],[33.8984,55.8739],[33.7528,55.9372],[33.8984,55.8739],[33.9808,56.0398],[33.8984,55.8739],[33.2314,55.6],[30.9157,55.6325],[32.7608,53.4123],[34.0174,56.0396]]]}},{"type":"Feature","properties":{"name":"Ставропольский край"},"geometry":{"type":"Polygon","coordinates":[[[43.4937,45.979],[44.0474,45.8767],[44.0474,45.8767],[44.3761,45.5278],[44.3761,45.5278],[45.459,45.187],[45.459,45.187],[45.7095,44.9896],[45.459,45.187],[44.3761,45.5278],[44.0474,45.8767],[45.7095,44.9896],[45.5984,44.7008],[45.5984,44.7008],[45.3094,44.5253],[45.5984,44.7008],[45.3094,44.5253],[45.4828,44.3031],[45.3094,44.5253],[45.4828,44.3031],[45.1989,44.1684],[45.4828,44.3031],[45.1989,44.1684],[45.5654,44.1319],[45.5654,44.1319],[45.5206,43.8481],[45.5654,44.1319],[45.1989,44.1684],[45.7095,44.9896],[45.5206,43.8481],[45.1581,43.8835],[45.1581,43.8835],[44.9877,43.6258],[45.1581,43.8835],[44.9877,43.6258],[44.8488,43.7443],[44.8488,43.7443],[44.444,43.7139],[44.8488,43.7443],[44.444,43.7139],[44.5212,43.9494],[44.444,43.7139],[44.5212,43.9494],[44.3953,43.8356],[44.3953,43.8356],[44.0732,43.9241],[44.3953,43.8356],[44.0732,43.9241],[43.8842,43.7399],[44.0732,43.9241],[43.8842,43.7399],[43.4764,43.7418],[43.4764,43.7418],[43.3741,43.8801],[43.4764,43.7418],[43.3741,43.8801],[42.8797,43.7499],[43.3741,43.8801],[43.8842,43.7399],[42.8797,43.7499],[42.7333,43.97],[42.7333,43.97],[42.4573,43.9788],[42.7333,43.97],[42.8797,43.7499],[44.5212,43.9494],[44.9877,43.6258],[45.5206,43.8481],[42.4573,43.9788],[42.8081,44.2477],[42.8081,44.2477],[42.7243,44.3312],[42.7243,44.3312],[42.567,44.218],[42.7243,44.3312],[42.567,44.218],[41.5849,44.5846],[42.567,44.218],[41.5849,44.5846],[41.5424,44.6206],[41.5103,44.6782],[41.7365,44.9204],[41.5103,44.6782],[41.7365,44.9204],[41.42,45.204],[41.42,45.204],[41.0773,45.2333],[41.42,45.204],[41.0773,45.2333],[40.8475,45.6618],[41.0773,45.2333],[41.7365,44.9204],[41.5849,44.5846],[42.8081,44.2477],[40.8475,45.6618],[41.2833,45.7662],[41.2833,45.7662],[41.1828,45.9848],[41.2833,45.7662],[41.1828,45.9848],[42.1456,45.9354],[42.1456,45.9354],[42.1975,46.1338],[42.1456,45.9354],[41.1828,45.9848],[42.1975,46.1338],[42.3476,46.1179],[42.3476,46.1179],[42.3284,45.9724],[42.3476,46.1179],[42.3284,45.9724],[42.4114,45.9769],[42.4816,45.9817],[42.4816,45.9817],[42.9452,46.2259],[42.4816,45.9817],[42.9452,46.2259],[43.4457,46.0066],[42.9452,46.2259],[42.1975,46.1338],[40.8475,45.6618],[42.4573,43.9788],[43.4937,45.979]]]}},{"type":"Feature","properties":{"name":"Свердловская область"},"geometry":{"type":"Polygon","coordinates":[[[59.9873,61.7576],[61.178,61.6847],[61.178,61.6847],[62.7187,61.2032],[61.178,61.6847],[62.7187,61.2032],[62.7808,61.1622],[62.8417,61.1081],[62.8955,61.0732],[62.8343,60.8865],[62.8343,60.8865],[62.8739,60.8349],[62.8863,60.7837],[62.94,60.7067],[62.8955,61.0732],[62.94,60.7067],[63.2914,60.3974],[62.94,60.7067],[63.2914,60.3974],[63.2598,60.241],[63.2914,60.3974],[63.2598,60.241],[63.7729,60.0857],[63.2598,60.241],[63.7729,60.0857],[63.8783,59.5397],[63.7729,60.0857],[63.8783,59.5397],[65.2485,59.257],[65.2485,59.257],[65.5396,58.8078],[65.5396,58.8078],[65.9785,58.62],[65.5396,58.8078],[65.9785,58.62],[66.2034,58.0634],[65.9785,58.62],[65.2485,59.257],[63.8783,59.5397],[62.7187,61.2032],[66.2034,58.0634],[64.8924,57.6867],[64.8924,57.6867],[64.9355,57.6457],[64.9976,57.6312],[65.0114,57.6105],[64.8897,57.4991],[64.8759,57.4865],[65.0927,56.9711],[64.8759,57.4865],[65.0114,57.6105],[65.0927,56.9711],[65.1219,56.9426],[65.2555,56.9542],[65.278,56.9321],[65.278,56.9321],[65.2292,56.8674],[65.2089,56.8198],[65.2089,56.8198],[64.5847,56.866],[64.5847,56.866],[64.3123,56.7527],[64.3123,56.7527],[64.1605,56.5097],[64.3123,56.7527],[64.5847,56.866],[65.2089,56.8198],[64.8924,57.6867],[64.1605,56.5097],[63.496,56.6496],[63.496,56.6496],[62.9458,56.6478],[62.9458,56.6478],[62.6496,56.5171],[62.9458,56.6478],[62.6496,56.5171],[62.5111,56.6018],[62.6496,56.5171],[63.496,56.6496],[62.5111,56.6018],[62.0419,56.3014],[62.0419,56.3014],[62.0309,56.1793],[62.0419,56.3014],[62.5111,56.6018],[62.0309,56.1793],[61.2048,56.4087],[61.2048,56.4087],[61.1556,56.4043],[61.0979,56.38],[61.071,56.3493],[61.1402,56.2544],[61.071,56.3493],[61.1402,56.2544],[60.7775,56.2335],[61.1402,56.2544],[60.7775,56.2335],[59.1954,56.3763],[60.7775,56.2335],[59.1954,56.3763],[58.9248,56.0806],[59.1954,56.3763],[58.9248,56.0806],[58.5612,56.1851],[58.5612,56.1851],[57.4976,56.1727],[58.5612,56.1851],[58.9248,56.0806],[61.2048,56.4087],[62.0309,56.1793],[64.1605,56.5097],[57.4976,56.1727],[57.3828,56.4543],[57.3828,56.4543],[57.4415,56.6764],[57.3828,56.4543],[57.4415,56.6764],[57.2855,56.9246],[57.4415,56.6764],[57.2855,56.9246],[58.0927,57.0717],[58.0927,57.0717],[57.8973,57.4024],[57.8973,57.4024],[58.0677,57.7062],[57.8973,57.4024],[58.0677,57.7062],[58.4718,57.7345],[58.4718,57.7345],[58.4925,57.6807],[58.5072,57.6379],[58.5398,57.6193],[58.5398,57.6193],[58.8758,57.7876],[58.5398,57.6193],[58.8758,57.7876],[58.5986,58.0942],[58.5986,58.0942],[59.476,58.5464],[58.5986,58.0942],[58.8758,57.7876],[58.0677,57.7062],[58.0927,57.0717],[57.2855,56.9246],[59.476,58.5464],[59.4557,58.7359],[59.4557,58.7359],[59.1084,58.837],[59.4557,58.7359],[59.1084,58.837],[59.212,58.9832],[59.212,58.9832],[59.1575,59.1706],[59.212,58.9832],[59.1084,58.837],[59.1575,59.1706],[58.4892,59.4919],[59.1575,59.1706],[58.4892,59.4919],[58.5276,59.5586],[58.5678,59.6304],[58.6306,59.7365],[59.0697,59.9849],[58.6306,59.7365],[59.0697,59.9849],[59.5014,60.7655],[59.0697,59.9849],[59.5014,60.7655],[59.3187,61.1922],[59.3187,61.1922],[59.4971,61.5776],[59.4971,61.5776],[59.3685,61.8561],[59.4971,61.5776],[59.3187,61.1922],[59.5014,60.7655],[59.3685,61.8561],[59.5222,61.9744],[59.5222,61.9744],[59.9779,61.8156],[59.5222,61.9744],[59.3685,61.8561],[58.4892,59.4919],[59.476,58.5464],[57.4976,56.1727],[66.2034,58.0634],[59.9873,61.7576]]]}},{"type":"Feature","properties":{"name":"Тамбовская область"},"geometry":{"type":"Polygon","coordinates":[[[41.6241,53.7552],[42.1496,53.7619],[42.1496,53.7619],[42.1214,53.5068],[42.1214,53.5068],[42.3091,53.4354],[42.3091,53.4354],[42.2863,53.3399],[42.3091,53.4354],[42.1214,53.5068],[42.2863,53.3399],[43.2895,52.6516],[42.2863,53.3399],[42.1496,53.7619],[43.2895,52.6516],[42.5801,51.5736],[43.2895,52.6516],[42.5801,51.5736],[41.4128,51.7701],[41.4128,51.7701],[41.0317,51.7032],[41.4128,51.7701],[41.0317,51.7032],[40.9986,51.867],[40.9986,51.867],[40.6067,51.9359],[40.9986,51.867],[40.6067,51.9359],[40.8038,52.2197],[40.6067,51.9359],[40.8038,52.2197],[40.0648,52.5852],[40.8038,52.2197],[41.0317,51.7032],[42.5801,51.5736],[40.0648,52.5852],[40.0111,52.746],[40.0111,52.746],[40.1816,52.8007],[40.1816,52.8007],[40.1957,53.3167],[40.1816,52.8007],[40.0111,52.746],[40.1957,53.3167],[40.7264,53.5402],[40.7264,53.5402],[41.2075,53.3956],[40.7264,53.5402],[41.2075,53.3956],[41.4313,53.7373],[41.4313,53.7373],[41.5152,53.7388],[41.5692,53.7398],[41.6038,53.7914],[41.2075,53.3956],[40.1957,53.3167],[40.0648,52.5852],[41.6241,53.7552]]]}},{"type":"Feature","properties":{"name":"Республика Татарстан (Татарстан)"},"geometry":{"type":"Polygon","coordinates":[[[50.4236,56.6711],[50.6552,56.3979],[50.6552,56.3979],[50.9275,56.4203],[50.6552,56.3979],[50.9275,56.4203],[50.925,56.2656],[50.925,56.2656],[51.1125,56.1401],[50.925,56.2656],[50.9275,56.4203],[51.1125,56.1401],[51.6898,56.1649],[51.1125,56.1401],[51.6898,56.1649],[51.4767,55.9524],[51.6898,56.1649],[51.4767,55.9524],[52.1572,55.8958],[51.4767,55.9524],[52.1572,55.8958],[52.2949,56.1033],[52.2949,56.1033],[52.7717,56.0519],[52.2949,56.1033],[52.7717,56.0519],[52.7411,56.0893],[52.7046,56.1476],[52.8757,56.1747],[52.7046,56.1476],[52.8757,56.1747],[52.571,56.2927],[52.8757,56.1747],[52.571,56.2927],[53.0653,56.5705],[52.571,56.2927],[52.7717,56.0519],[52.1572,55.8958],[53.0653,56.5705],[53.0295,56.2408],[53.0295,56.2408],[53.3231,56.1376],[53.3231,56.1376],[53.3397,56.305],[53.3397,56.305],[53.5689,56.257],[53.3397,56.305],[53.3231,56.1376],[53.0295,56.2408],[53.5689,56.257],[53.3194,55.8919],[53.5689,56.257],[53.3194,55.8919],[53.7979,55.9803],[53.7979,55.9803],[54.1949,55.7684],[53.7979,55.9803],[53.3194,55.8919],[53.0653,56.5705],[54.1949,55.7684],[53.9035,55.3918],[53.9035,55.3918],[53.1443,55.1078],[53.9035,55.3918],[53.1443,55.1078],[53.6838,54.8951],[53.6838,54.8951],[53.4266,54.4536],[53.4266,54.4536],[53.3816,54.0458],[53.4266,54.4536],[53.6838,54.8951],[53.1443,55.1078],[54.1949,55.7684],[53.3816,54.0458],[53.0467,54.0846],[53.0467,54.0846],[52.9576,54.1885],[52.9576,54.1885],[53.1399,54.2578],[53.1399,54.2578],[53.1533,54.2826],[53.1233,54.3057],[53.0876,54.3351],[52.9576,54.1885],[53.0467,54.0846],[53.0876,54.3351],[52.4726,54.4597],[52.4726,54.4597],[52.0753,54.3417],[52.4726,54.4597],[52.0753,54.3417],[51.9591,54.5016],[51.9591,54.5016],[51.5309,54.6608],[51.5309,54.6608],[51.3755,54.5933],[51.5309,54.6608],[51.3755,54.5933],[51.3918,54.6826],[51.3755,54.5933],[51.9591,54.5016],[52.0753,54.3417],[53.0876,54.3351],[51.3918,54.6826],[51.1677,54.6667],[51.1677,54.6667],[50.9559,54.3491],[51.1677,54.6667],[50.9559,54.3491],[50.761,54.4521],[50.761,54.4521],[50.5407,54.3347],[50.761,54.4521],[50.9559,54.3491],[51.3918,54.6826],[50.5407,54.3347],[50.3926,54.4764],[50.3926,54.4764],[49.5797,54.5959],[50.3926,54.4764],[49.5797,54.5959],[49.2721,54.9031],[49.5797,54.5959],[50.5407,54.3347],[49.2721,54.9031],[48.8191,54.646],[48.8191,54.646],[48.1114,54.7793],[48.1114,54.7793],[47.9107,54.628],[48.1114,54.7793],[47.9107,54.628],[47.7759,54.7612],[47.9107,54.628],[47.7759,54.7612],[47.6022,54.5525],[47.6022,54.5525],[47.402,54.5264],[47.6022,54.5525],[47.7759,54.7612],[48.8191,54.646],[49.2721,54.9031],[53.3816,54.0458],[47.402,54.5264],[47.2797,54.7233],[47.2797,54.7233],[47.3557,54.7354],[47.4094,54.7451],[47.4543,54.7652],[47.4344,54.8973],[47.4543,54.7652],[47.2797,54.7233],[47.4344,54.8973],[47.7326,54.8236],[47.7326,54.8236],[47.8547,54.876],[47.8547,54.876],[47.8054,54.98],[47.8547,54.876],[47.8054,54.98],[48.119,55.0109],[47.8054,54.98],[47.7326,54.8236],[47.4344,54.8973],[48.119,55.0109],[47.9311,55.0551],[47.9311,55.0551],[47.9507,55.1115],[48.0148,55.1466],[48.0828,55.1532],[47.974,55.3122],[48.0828,55.1532],[47.9311,55.0551],[47.974,55.3122],[47.7724,55.2224],[47.7724,55.2224],[47.7453,55.3468],[47.7724,55.2224],[47.974,55.3122],[48.119,55.0109],[47.7453,55.3468],[48.1711,55.5739],[48.1711,55.5739],[48.0551,55.6589],[48.1711,55.5739],[48.0551,55.6589],[48.4389,55.7784],[48.0551,55.6589],[48.4389,55.7784],[48.4509,55.8009],[48.4338,55.8356],[48.4177,55.9003],[48.6514,56.0737],[48.4177,55.9003],[48.4389,55.7784],[48.6514,56.0737],[49.0727,56.2267],[48.6514,56.0737],[49.0727,56.2267],[48.9485,56.3539],[49.0727,56.2267],[47.7453,55.3468],[48.9485,56.3539],[49.7608,56.5565],[49.7608,56.5565],[50.0211,56.4668],[49.7608,56.5565],[50.0211,56.4668],[50.213,56.5835],[50.213,56.5835],[50.0731,56.6693],[50.213,56.5835],[50.0731,56.6693],[50.4134,56.6875],[50.0731,56.6693],[50.0211,56.4668],[48.9485,56.3539],[47.402,54.5264],[50.4236,56.6711]]]}},{"type":"Feature","properties":{"name":"Томская область"},"geometry":{"type":"Polygon","coordinates":[[[83.946,60.8346],[84.0536,60.8256],[84.1663,60.834],[84.253,60.844],[84.826,60.3349],[84.253,60.844],[84.826,60.3349],[84.655,60.2013],[84.655,60.2013],[84.6444,59.8734],[84.655,60.2013],[84.826,60.3349],[84.6444,59.8734],[86.9641,59.8842],[86.9641,59.8842],[87.1446,59.6706],[87.1446,59.6706],[87.4824,59.665],[87.1446,59.6706],[87.4824,59.665],[87.8655,59.243],[87.4824,59.665],[87.8655,59.243],[88.5754,59.2638],[87.8655,59.243],[86.9641,59.8842],[84.6444,59.8734],[88.5754,59.2638],[88.801,59.0136],[88.801,59.0136],[87.9187,58.5325],[87.9187,58.5325],[87.9538,58.2707],[87.9187,58.5325],[88.801,59.0136],[87.9538,58.2707],[88.0751,58.109],[88.0751,58.109],[89.2502,57.9288],[88.0751,58.109],[89.2502,57.9288],[89.385,57.6542],[89.2502,57.9288],[87.9538,58.2707],[89.385,57.6542],[89.0488,57.5564],[89.0488,57.5564],[89.0525,57.5282],[89.0688,57.4991],[89.0906,57.4742],[88.5347,57.1048],[89.0906,57.4742],[89.0488,57.5564],[88.5347,57.1048],[88.7275,57.0192],[88.7275,57.0192],[88.5444,56.7841],[88.7275,57.0192],[88.5347,57.1048],[89.385,57.6542],[88.5754,59.2638],[88.5444,56.7841],[87.6256,56.5294],[87.6256,56.5294],[87.578,56.6448],[87.578,56.6448],[86.8117,56.5305],[86.8117,56.5305],[86.782,56.5505],[86.8211,56.5964],[86.8131,56.6132],[86.2328,56.6333],[86.8131,56.6132],[86.8117,56.5305],[87.578,56.6448],[87.6256,56.5294],[86.2328,56.6333],[85.5423,56.2816],[85.5423,56.2816],[85.534,56.2602],[85.574,56.2287],[85.6298,56.2168],[85.6298,56.2168],[83.9693,55.9902],[83.9693,55.9902],[83.6043,55.6719],[83.6043,55.6719],[83.4077,55.6661],[83.6043,55.6719],[83.9693,55.9902],[85.6298,56.2168],[86.2328,56.6333],[83.4077,55.6661],[83.2085,55.7279],[83.2085,55.7279],[83.354,55.8417],[83.354,55.8417],[83.0768,56.2399],[83.0768,56.2399],[83.2312,56.3963],[83.2312,56.3963],[83.11,56.5238],[83.2312,56.3963],[83.0768,56.2399],[83.354,55.8417],[83.2085,55.7279],[83.11,56.5238],[81.6174,56.2482],[81.6174,56.2482],[81.1451,56.5237],[81.1451,56.5237],[80.2649,56.419],[81.1451,56.5237],[80.2649,56.419],[80.0037,56.6221],[79.846,56.7506],[79.7337,56.8352],[78.3619,57.1536],[79.7337,56.8352],[80.2649,56.419],[78.3619,57.1536],[76.1044,57.2295],[78.3619,57.1536],[81.6174,56.2482],[83.11,56.5238],[83.4077,55.6661],[88.5444,56.7841],[76.1044,57.2295],[75.5463,57.6376],[75.5463,57.6376],[75.5182,57.9421],[75.5463,57.6376],[75.5182,57.9421],[75.0928,58.0872],[75.5182,57.9421],[75.0928,58.0872],[75.2337,58.2069],[75.2337,58.2069],[75.1188,58.2462],[75.0669,58.2884],[75.0364,58.3067],[75.0928,58.0872],[75.0364,58.3067],[75.3401,58.4386],[75.3401,58.4386],[75.2776,58.4876],[75.2141,58.5276],[75.1606,58.5716],[75.1793,58.6987],[75.1606,58.5716],[75.3401,58.4386],[75.1793,58.6987],[75.6774,58.9457],[75.1793,58.6987],[75.6774,58.9457],[75.6155,59.1825],[75.6774,58.9457],[75.6155,59.1825],[76.172,59.5205],[76.172,59.5205],[76.6702,59.5643],[76.172,59.5205],[75.6155,59.1825],[76.6702,59.5643],[76.7212,60.0759],[76.7212,60.0759],[76.7796,60.1115],[76.8337,60.1617],[76.8665,60.2225],[76.8592,60.4518],[76.8665,60.2225],[76.8592,60.4518],[77.073,60.5393],[76.8592,60.4518],[77.073,60.5393],[77.0912,60.8265],[77.073,60.5393],[76.7212,60.0759],[76.6702,59.5643],[75.0364,58.3067],[77.0912,60.8265],[79.0996,60.8072],[79.0996,60.8072],[79.4517,60.6406],[79.0996,60.8072],[79.4517,60.6406],[80.8198,60.7853],[79.4517,60.6406],[80.8198,60.7853],[81.0819,60.6235],[81.0819,60.6235],[81.8638,60.6252],[81.8638,60.6252],[82.153,60.5071],[81.8638,60.6252],[81.0819,60.6235],[80.8198,60.7853],[82.153,60.5071],[83.1962,61.0016],[83.1962,61.0016],[83.8627,60.8688],[83.1962,61.0016],[82.153,60.5071],[77.0912,60.8265],[76.1044,57.2295],[83.946,60.8346]]]}},{"type":"Feature","properties":{"name":"Тульская область"},"geometry":{"type":"Polygon","coordinates":[[[38.0756,54.7137],[38.49,54.6273],[38.49,54.6273],[38.3871,54.5175],[38.3871,54.5175],[38.4962,54.2765],[38.3871,54.5175],[38.4962,54.2765],[38.8137,54.1434],[38.8137,54.1434],[38.7782,54.0942],[38.6975,54.0948],[38.6962,54.0407],[38.9317,53.9327],[38.9317,53.9327],[38.8426,53.8948],[38.8603,53.8421],[38.8116,53.8211],[38.8893,53.7476],[38.8116,53.8211],[38.9317,53.9327],[38.8893,53.7476],[39.0071,53.7499],[38.6962,54.0407],[38.8137,54.1434],[38.4962,54.2765],[38.49,54.6273],[39.0071,53.7499],[38.9084,53.5233],[38.9084,53.5233],[38.8485,53.5473],[38.7656,53.5258],[38.7274,53.4927],[38.7274,53.4927],[38.7954,53.4697],[38.7578,53.459],[38.8227,53.3696],[38.8227,53.3696],[38.5372,53.3202],[38.8227,53.3696],[38.5372,53.3202],[38.712,53.1109],[38.712,53.1109],[38.6334,53.0199],[38.712,53.1109],[38.5372,53.3202],[39.0071,53.7499],[38.6334,53.0199],[37.8579,53.0175],[37.8579,53.0175],[37.5809,53.1424],[37.5809,53.1424],[37.5723,53.19],[37.5796,53.2781],[37.5796,53.2781],[36.7503,53.3053],[36.7503,53.3053],[36.0396,53.5726],[36.7503,53.3053],[37.5796,53.2781],[37.8579,53.0175],[36.0396,53.5726],[35.9261,53.8359],[35.9261,53.8359],[36.2441,54.0798],[35.9261,53.8359],[36.2441,54.0798],[36.0426,54.1615],[36.2441,54.0798],[36.0396,53.5726],[38.6334,53.0199],[36.0426,54.1615],[36.9801,54.2809],[36.9801,54.2809],[36.8438,54.4886],[36.8438,54.4886],[37.1112,54.534],[37.1112,54.534],[37.2379,54.8275],[37.1112,54.534],[36.8438,54.4886],[36.9801,54.2809],[37.2379,54.8275],[37.7176,54.6929],[37.7176,54.6929],[37.9646,54.8311],[37.7176,54.6929],[37.9646,54.8311],[38.0759,54.7145],[37.9646,54.8311],[37.2379,54.8275],[36.0426,54.1615],[38.0756,54.7137]]]}},{"type":"Feature","properties":{"name":"Республика Тыва"},"geometry":{"type":"Polygon","coordinates":[[[97.0006,53.6522],[97.5128,53.3821],[97.5128,53.3821],[97.9231,53.3603],[97.5128,53.3821],[97.9231,53.3603],[98.2077,53.1053],[97.9231,53.3603],[98.2077,53.1053],[98.8644,53.1493],[98.8644,53.1493],[99.2206,52.8967],[98.8644,53.1493],[98.2077,53.1053],[99.2206,52.8967],[98.9289,52.9268],[98.9289,52.9268],[98.9331,52.6855],[98.9331,52.6855],[98.6475,52.4354],[98.9331,52.6855],[98.9289,52.9268],[98.6475,52.4354],[98.6479,52.2785],[98.6479,52.2785],[98.6788,52.2843],[98.7471,52.2958],[98.8177,52.2934],[98.9892,52.1234],[98.8177,52.2934],[98.6479,52.2785],[98.6475,52.4354],[98.9892,52.1234],[98.8803,52.1401],[98.8803,52.1401],[98.6963,51.8204],[98.8803,52.1401],[98.6963,51.8204],[98.3153,51.7179],[98.6963,51.8204],[98.3153,51.7179],[98.2343,51.4623],[98.2343,51.4623],[97.9449,51.3229],[98.2343,51.4623],[98.3153,51.7179],[98.9892,52.1234],[97.9449,51.3229],[97.8284,51.0036],[97.8284,51.0036],[98.0196,50.867],[98.0196,50.867],[98.0488,50.6529],[98.0196,50.867],[98.0488,50.6529],[98.3245,50.539],[98.0488,50.6529],[97.8284,51.0036],[98.3245,50.539],[98.2544,50.2555],[98.2544,50.2555],[97.8745,49.9518],[98.2544,50.2555],[98.3245,50.539],[97.9449,51.3229],[99.2206,52.8967],[97.8745,49.9518],[97.5835,49.9482],[97.5835,49.9482],[97.3035,49.7567],[97.5835,49.9482],[97.3035,49.7567],[96.6341,49.9819],[96.6341,49.9819],[96.4271,49.8984],[96.4271,49.8984],[95.8628,50.0413],[95.8628,50.0413],[95.4971,49.9206],[95.4971,49.9206],[94.6421,50.0292],[95.4971,49.9206],[95.8628,50.0413],[96.4271,49.8984],[96.6341,49.9819],[97.3035,49.7567],[94.6421,50.0292],[94.4071,50.2137],[94.4071,50.2137],[94.2763,50.5753],[94.4071,50.2137],[94.2763,50.5753],[93.1041,50.5669],[93.1041,50.5669],[92.9831,50.6305],[92.9831,50.6305],[93.0092,50.784],[92.9831,50.6305],[93.0092,50.784],[92.6161,50.7052],[92.6161,50.7052],[92.3718,50.8946],[92.6161,50.7052],[93.0092,50.784],[93.1041,50.5669],[94.2763,50.5753],[94.6421,50.0292],[92.3718,50.8946],[92.2758,50.7162],[92.2758,50.7162],[91.7566,50.7204],[91.7566,50.7204],[91.4292,50.4577],[91.7566,50.7204],[92.2758,50.7162],[91.4292,50.4577],[90.7377,50.4879],[91.4292,50.4577],[90.7377,50.4879],[90.668,50.3368],[90.668,50.3368],[90.7632,50.2472],[90.668,50.3368],[90.7632,50.2472],[90.2741,50.0181],[90.7632,50.2472],[90.7377,50.4879],[90.2741,50.0181],[89.6053,49.9466],[90.2741,50.0181],[92.3718,50.8946],[97.8745,49.9518],[89.6053,49.9466],[89.5835,50.0954],[89.5835,50.0954],[89.3271,50.2361],[89.5835,50.0954],[89.3271,50.2361],[89.5274,50.3578],[89.5274,50.3578],[89.4847,50.4154],[89.4855,50.4594],[89.4855,50.4594],[89.7104,50.3502],[89.7104,50.3502],[89.7967,50.3743],[89.8508,50.4196],[89.8659,50.4593],[89.4855,50.4594],[89.3271,50.2361],[89.8659,50.4593],[89.037,51.0579],[89.037,51.0579],[88.9939,51.3917],[88.9939,51.3917],[88.8078,51.5518],[88.9939,51.3917],[89.037,51.0579],[89.8659,50.4593],[88.8078,51.5518],[89.7257,51.5604],[89.7257,51.5604],[90.061,51.743],[90.061,51.743],[90.0209,51.8169],[89.9578,51.8921],[90.0485,52.1254],[89.9578,51.8921],[90.061,51.743],[90.0485,52.1254],[90.293,52.1717],[90.0485,52.1254],[89.7257,51.5604],[90.293,52.1717],[90.6506,52.0597],[90.6506,52.0597],[90.7135,51.9803],[90.7942,51.8794],[90.7942,51.8794],[91.9503,51.7595],[91.9503,51.7595],[92.8262,51.852],[91.9503,51.7595],[90.7942,51.8794],[90.293,52.1717],[92.8262,51.852],[93.5953,52.2057],[93.5953,52.2057],[94.1347,52.8835],[94.1347,52.8835],[94.2494,52.9202],[94.3894,52.9223],[94.4669,52.9365],[94.4669,52.9365],[94.6667,53.3872],[94.4669,52.9365],[93.5953,52.2057],[94.6667,53.3872],[96.4772,53.555],[96.4772,53.555],[96.6714,53.7471],[96.4772,53.555],[96.6714,53.7471],[96.8147,53.7534],[96.9223,53.6646],[94.6667,53.3872],[92.8262,51.852],[88.8078,51.5518],[89.6053,49.9466],[97.0006,53.6522]]]}},{"type":"Feature","properties":{"name":"Тверская область"},"geometry":{"type":"Polygon","coordinates":[[[37.0916,58.8428],[37.6663,58.4294],[37.6663,58.4294],[37.3615,58.2272],[37.3615,58.2272],[37.7293,58.0611],[37.7293,58.0611],[37.385,57.9498],[37.385,57.9498],[37.3748,57.9134],[37.5083,57.9198],[37.569,57.8907],[37.4095,57.7994],[37.569,57.8907],[37.385,57.9498],[37.7293,58.0611],[37.3615,58.2272],[37.6663,58.4294],[37.4095,57.7994],[37.6811,57.7152],[37.6811,57.7152],[38.0727,57.3264],[37.6811,57.7152],[38.0727,57.3264],[38.3346,57.3609],[38.0727,57.3264],[37.4095,57.7994],[38.3346,57.3609],[38.2234,57.1734],[38.2234,57.1734],[38.3266,57.0174],[38.2234,57.1734],[38.3266,57.0174],[38.1511,56.9633],[38.3266,57.0174],[38.1511,56.9633],[38.3226,56.7594],[38.1511,56.9633],[38.3346,57.3609],[38.3226,56.7594],[38.0936,56.7441],[38.0936,56.7441],[37.7419,56.9391],[38.0936,56.7441],[37.7419,56.9391],[37.5125,56.7639],[37.5125,56.7639],[37.0958,56.7339],[37.5125,56.7639],[37.0958,56.7339],[37.1251,56.5224],[37.0958,56.7339],[37.1251,56.5224],[36.8271,56.5746],[36.8271,56.5746],[36.1034,56.314],[36.8271,56.5746],[36.1034,56.314],[35.4329,56.4262],[36.1034,56.314],[37.1251,56.5224],[35.4329,56.4262],[35.5088,56.2265],[35.5088,56.2265],[35.3196,56.1943],[35.3196,56.1943],[35.3464,56.0594],[35.3464,56.0594],[35.1572,55.9296],[35.3464,56.0594],[35.3196,56.1943],[35.5088,56.2265],[35.4329,56.4262],[35.1572,55.9296],[34.7412,55.8828],[34.7412,55.8828],[33.9808,56.0398],[34.7412,55.8828],[33.9808,56.0398],[33.8984,55.8739],[33.8984,55.8739],[33.7528,55.9372],[33.7528,55.9372],[33.7268,55.8039],[33.7268,55.8039],[33.2314,55.6],[33.7268,55.8039],[33.7528,55.9372],[33.8984,55.8739],[33.2314,55.6],[32.6509,55.5864],[33.2314,55.6],[33.9808,56.0398],[35.1572,55.9296],[37.7419,56.9391],[32.6509,55.5864],[32.5897,55.6757],[32.5897,55.6757],[32.1957,55.6111],[32.1957,55.6111],[32.0957,55.7228],[32.0957,55.7228],[31.9083,55.6441],[31.9083,55.6441],[31.4574,55.7513],[31.9083,55.6441],[32.0957,55.7228],[32.1957,55.6111],[32.5897,55.6757],[31.4574,55.7513],[31.3964,55.9791],[31.3964,55.9791],[31.5157,56.0233],[31.5392,56.0597],[31.5607,56.2905],[31.5392,56.0597],[31.3964,55.9791],[31.5607,56.2905],[31.0418,56.4648],[31.0418,56.4648],[31.0712,56.6149],[31.0712,56.6149],[30.8178,56.7511],[31.0712,56.6149],[30.8178,56.7511],[30.9748,56.9349],[30.8178,56.7511],[31.0418,56.4648],[31.5607,56.2905],[31.4574,55.7513],[32.6509,55.5864],[38.3226,56.7594],[30.9748,56.9349],[31.656,56.8895],[31.656,56.8895],[31.8142,57.0589],[31.8142,57.0589],[32.059,57.0395],[32.059,57.0395],[32.8563,57.4199],[32.059,57.0395],[31.8142,57.0589],[32.8563,57.4199],[33.3229,57.3798],[32.8563,57.4199],[31.656,56.8895],[33.3229,57.3798],[33.3558,57.6649],[33.3558,57.6649],[33.6366,57.7058],[33.6366,57.7058],[33.7579,57.9406],[33.7579,57.9406],[33.6001,58.0105],[33.7579,57.9406],[33.6001,58.0105],[33.7639,58.128],[33.6001,58.0105],[33.6366,57.7058],[33.3558,57.6649],[33.3229,57.3798],[33.7639,58.128],[34.1101,58.2059],[34.1101,58.2059],[34.7423,58.0562],[34.1101,58.2059],[34.7423,58.0562],[34.8509,58.229],[34.8509,58.229],[35.2378,58.2087],[35.2378,58.2087],[35.6119,58.4343],[35.2378,58.2087],[34.8509,58.229],[35.6119,58.4343],[36.5535,58.5158],[35.6119,58.4343],[36.5535,58.5158],[36.9152,58.7297],[36.9152,58.7297],[36.8749,58.7622],[36.8418,58.7982],[36.8418,58.7982],[37.0724,58.8241],[36.8418,58.7982],[36.5535,58.5158],[34.7423,58.0562],[33.7639,58.128],[30.9748,56.9349],[37.0916,58.8428]]]}},{"type":"Feature","properties":{"name":"Тюменская область"},"geometry":{"type":"Polygon","coordinates":[[[69.6884,59.8964],[71.1913,59.8424],[71.1913,59.8424],[72.0805,59.5209],[72.0805,59.5209],[72.6543,59.099],[72.0805,59.5209],[72.6543,59.099],[72.9619,59.1308],[72.6543,59.099],[72.9619,59.1308],[72.899,59.0309],[72.899,59.0309],[73.0995,58.935],[72.899,59.0309],[73.0995,58.935],[72.9646,58.855],[73.0995,58.935],[72.9619,59.1308],[72.9646,58.855],[75.2059,58.6072],[72.9646,58.855],[71.1913,59.8424],[75.2059,58.6072],[74.15,58.1139],[74.15,58.1139],[73.1472,58.1344],[73.1472,58.1344],[72.825,57.9591],[73.1472,58.1344],[74.15,58.1139],[72.825,57.9591],[71.9977,58.0851],[71.9977,58.0851],[71.3031,58.0235],[71.9977,58.0851],[71.3031,58.0235],[71.2908,58.3658],[71.2908,58.3658],[70.8734,58.5213],[71.2908,58.3658],[71.3031,58.0235],[72.825,57.9591],[70.8734,58.5213],[70.4998,57.7965],[70.4998,57.7965],[70.7316,57.5165],[70.4998,57.7965],[70.7316,57.5165],[70.4209,57.3438],[70.7316,57.5165],[70.4209,57.3438],[70.6591,57.2041],[70.6591,57.2041],[71.0492,57.3226],[70.6591,57.2041],[71.0492,57.3226],[71.5462,56.9284],[71.5462,56.9284],[71.6081,56.7413],[71.5462,56.9284],[71.0492,57.3226],[70.4209,57.3438],[71.6081,56.7413],[71.3735,56.6175],[71.3735,56.6175],[71.0683,56.6529],[71.3735,56.6175],[71.0683,56.6529],[71.137,56.5063],[71.137,56.5063],[70.8215,56.403],[71.137,56.5063],[71.0683,56.6529],[70.8215,56.403],[71.0163,56.2809],[71.0163,56.2809],[70.7875,56.213],[70.7875,56.213],[70.9216,56.0307],[70.7875,56.213],[71.0163,56.2809],[70.9216,56.0307],[70.8945,55.9767],[70.8456,55.906],[70.8182,55.8848],[70.5431,55.8405],[70.8182,55.8848],[70.9216,56.0307],[70.5431,55.8405],[70.8428,55.8062],[70.8428,55.8062],[70.5735,55.6962],[70.5735,55.6962],[70.7722,55.5626],[70.5735,55.6962],[70.8428,55.8062],[70.5431,55.8405],[70.7722,55.5626],[70.3964,55.1987],[70.7722,55.5626],[70.8215,56.403],[70.3964,55.1987],[70.1503,55.1344],[70.1503,55.1344],[69.8315,55.3024],[69.8315,55.3024],[68.9866,55.4313],[69.8315,55.3024],[70.1503,55.1344],[68.9866,55.4313],[69.0063,55.2942],[69.0063,55.2942],[68.7659,55.3589],[68.7659,55.3589],[68.6567,55.2598],[68.7659,55.3589],[69.0063,55.2942],[68.9866,55.4313],[70.3964,55.1987],[71.6081,56.7413],[70.8734,58.5213],[68.6567,55.2598],[68.1578,55.7337],[68.1578,55.7337],[67.3938,55.7578],[67.3938,55.7578],[67.2528,55.9725],[67.2528,55.9725],[66.0001,56.0482],[66.0001,56.0482],[65.6342,56.3168],[65.6342,56.3168],[65.1447,56.3499],[65.6342,56.3168],[66.0001,56.0482],[67.2528,55.9725],[67.3938,55.7578],[68.1578,55.7337],[65.1447,56.3499],[64.9515,56.7752],[64.9515,56.7752],[65.278,56.9321],[64.9515,56.7752],[65.278,56.9321],[65.2555,56.9542],[65.1219,56.9426],[65.0927,56.9711],[64.8759,57.4865],[64.8759,57.4865],[64.8897,57.4991],[65.0114,57.6105],[65.0114,57.6105],[64.9976,57.6312],[64.9355,57.6457],[64.8924,57.6867],[65.0927,56.9711],[65.278,56.9321],[65.1447,56.3499],[64.8924,57.6867],[66.2034,58.0634],[66.2034,58.0634],[65.9971,58.5933],[66.2034,58.0634],[65.9971,58.5933],[66.0415,58.5987],[66.3071,58.5727],[66.8295,58.6585],[66.8321,58.7647],[66.8328,58.832],[66.8222,58.8848],[68.424,59.2474],[68.424,59.2474],[68.6119,59.5442],[68.6119,59.5442],[69.4026,59.7621],[68.6119,59.5442],[69.4026,59.7621],[69.289,59.9285],[69.4026,59.7621],[69.289,59.9285],[69.6974,59.9228],[69.289,59.9285],[68.424,59.2474],[66.8222,58.8848],[66.8295,58.6585],[65.9971,58.5933],[64.8924,57.6867],[68.6567,55.2598],[75.2059,58.6072],[69.6884,59.8964]]]}},{"type":"Feature","properties":{"name":"Удмуртская Республика"},"geometry":{"type":"Polygon","coordinates":[[[53.2319,58.4244],[53.7748,58.4901],[53.7748,58.4901],[53.8882,58.3364],[53.8882,58.3364],[53.8801,58.2956],[53.835,58.2672],[53.8169,58.2502],[53.8169,58.2502],[54.1182,57.9897],[53.8169,58.2502],[53.7748,58.4901],[54.1182,57.9897],[54.1927,57.8303],[54.1927,57.8303],[54.0627,57.5982],[54.1927,57.8303],[54.0627,57.5982],[54.2556,57.5038],[54.2556,57.5038],[54.17,57.3466],[54.17,57.3466],[54.4348,57.0852],[54.17,57.3466],[54.2556,57.5038],[54.0627,57.5982],[54.4348,57.0852],[53.8483,56.7658],[54.4348,57.0852],[53.8483,56.7658],[53.9447,56.6134],[53.9447,56.6134],[54.1188,56.6852],[53.9447,56.6134],[54.1188,56.6852],[54.4192,56.3425],[54.1188,56.6852],[53.8483,56.7658],[54.1182,57.9897],[54.4192,56.3425],[53.3853,55.8749],[53.3853,55.8749],[53.3194,55.8919],[53.259,55.9396],[53.5689,56.257],[53.259,55.9396],[53.5689,56.257],[53.3397,56.305],[53.3397,56.305],[53.3231,56.1376],[53.3397,56.305],[53.3231,56.1376],[53.0295,56.2408],[53.3231,56.1376],[53.0295,56.2408],[53.0653,56.5705],[53.0295,56.2408],[53.5689,56.257],[53.3853,55.8749],[53.0653,56.5705],[52.571,56.2927],[52.571,56.2927],[52.8757,56.1747],[52.8757,56.1747],[52.7046,56.1476],[52.7046,56.1476],[52.7411,56.0893],[52.7717,56.0519],[52.7384,56.0324],[52.8757,56.1747],[52.571,56.2927],[52.7384,56.0324],[52.2949,56.1033],[52.2949,56.1033],[52.1572,55.8958],[52.2949,56.1033],[52.1572,55.8958],[51.4296,55.983],[52.1572,55.8958],[52.7384,56.0324],[53.0653,56.5705],[54.4192,56.3425],[51.4296,55.983],[51.6898,56.1649],[51.6898,56.1649],[51.4268,56.1461],[51.4268,56.1461],[51.497,56.3087],[51.497,56.3087],[51.1533,56.5107],[51.1533,56.5107],[51.159,56.6238],[51.1533,56.5107],[51.497,56.3087],[51.4268,56.1461],[51.6898,56.1649],[51.159,56.6238],[51.5315,56.8643],[51.159,56.6238],[51.5315,56.8643],[51.1127,57.2952],[51.5315,56.8643],[51.1127,57.2952],[51.2967,57.4611],[51.2967,57.4611],[51.6118,57.4689],[51.2967,57.4611],[51.6118,57.4689],[51.9242,57.7468],[51.6118,57.4689],[51.9242,57.7468],[51.9494,57.9981],[51.9494,57.9981],[51.677,58.1919],[51.9494,57.9981],[51.9242,57.7468],[51.1127,57.2952],[51.677,58.1919],[51.9888,58.4521],[51.9888,58.4521],[52.8421,58.403],[52.8421,58.403],[53.1142,58.544],[52.8421,58.403],[51.9888,58.4521],[51.677,58.1919],[51.4296,55.983],[53.2319,58.4244]]]}},{"type":"Feature","properties":{"name":"Ульяновская область"},"geometry":{"type":"Polygon","coordinates":[[[49.3032,54.8997],[49.5797,54.5959],[49.5797,54.5959],[50.0798,54.5337],[50.0798,54.5337],[50.1289,54.4825],[50.1769,54.4297],[50.2225,54.4001],[49.5797,54.5959],[50.2225,54.4001],[50.1936,54.0926],[50.1936,54.0926],[49.9287,53.9512],[50.1936,54.0926],[49.9287,53.9512],[49.9488,53.9327],[49.9899,53.9059],[50.0145,53.8898],[50.2225,54.4001],[50.0145,53.8898],[49.173,53.8889],[49.173,53.8889],[48.844,53.7082],[49.173,53.8889],[48.844,53.7082],[48.4741,53.7638],[48.844,53.7082],[48.4741,53.7638],[48.6256,53.6793],[48.6256,53.6793],[48.336,53.6656],[48.336,53.6656],[48.3796,53.475],[48.336,53.6656],[48.6256,53.6793],[48.3796,53.475],[47.9864,53.39],[48.3796,53.475],[47.9864,53.39],[48.0275,53.3382],[48.0942,53.2912],[48.1703,53.2697],[48.204,53.0329],[48.1703,53.2697],[48.204,53.0329],[48.5199,52.9847],[48.204,53.0329],[48.5199,52.9847],[48.556,52.9404],[48.5284,52.8894],[48.5017,52.859],[47.9864,53.39],[48.5017,52.859],[47.8481,52.7543],[47.8481,52.7543],[47.7763,52.5802],[47.8481,52.7543],[47.7763,52.5802],[47.0793,52.5797],[47.7763,52.5802],[48.5017,52.859],[48.4741,53.7638],[50.0145,53.8898],[47.0793,52.5797],[46.8025,52.6419],[46.8025,52.6419],[46.9845,52.8136],[46.9845,52.8136],[46.9201,53.3682],[46.9845,52.8136],[46.8025,52.6419],[46.9201,53.3682],[46.4911,53.4962],[46.4911,53.4962],[46.4986,53.6246],[46.4986,53.6246],[46.1599,53.9495],[46.4986,53.6246],[46.4911,53.4962],[46.1599,53.9495],[45.8486,53.978],[46.1599,53.9495],[46.9201,53.3682],[45.8486,53.978],[46.0068,54.137],[46.0068,54.137],[46.6923,54.3189],[46.0068,54.137],[46.6923,54.3189],[46.5654,54.4211],[46.5654,54.4211],[46.6456,54.4947],[46.5654,54.4211],[46.6456,54.4947],[46.4937,54.4909],[46.6456,54.4947],[46.4937,54.4909],[46.5757,54.5405],[46.5757,54.5405],[46.4544,54.5765],[46.4544,54.5765],[46.4919,54.593],[46.5324,54.6082],[46.5541,54.6242],[46.4805,54.7641],[46.5541,54.6242],[46.4544,54.5765],[46.5757,54.5405],[46.4937,54.4909],[46.6923,54.3189],[45.8486,53.978],[46.4805,54.7641],[46.8724,54.6333],[46.8724,54.6333],[47.2797,54.7233],[46.8724,54.6333],[47.2797,54.7233],[47.402,54.5264],[47.2797,54.7233],[47.402,54.5264],[47.6022,54.5525],[47.6022,54.5525],[47.7759,54.7612],[47.6022,54.5525],[47.7759,54.7612],[47.9107,54.628],[47.9107,54.628],[48.1114,54.7793],[48.1114,54.7793],[48.8191,54.646],[48.1114,54.7793],[47.9107,54.628],[47.7759,54.7612],[48.8191,54.646],[49.2721,54.9031],[48.8191,54.646],[47.402,54.5264],[46.4805,54.7641],[47.0793,52.5797],[49.3032,54.8997]]]}},{"type":"Feature","properties":{"name":"Владимирская область"},"geometry":{"type":"Polygon","coordinates":[[[39.8854,56.765],[39.8941,56.6986],[39.8223,56.6112],[40.2243,56.4085],[39.8223,56.6112],[40.2243,56.4085],[40.7231,56.5952],[40.7231,56.5952],[41.0991,56.4433],[41.0991,56.4433],[41.9004,56.4972],[41.0991,56.4433],[41.9004,56.4972],[42.0595,56.3399],[41.9004,56.4972],[42.0595,56.3399],[42.2815,56.4563],[42.2815,56.4563],[42.6205,56.405],[42.2815,56.4563],[42.0595,56.3399],[42.6205,56.405],[42.9335,56.2008],[42.6205,56.405],[40.7231,56.5952],[40.2243,56.4085],[42.9335,56.2008],[42.0887,55.6081],[42.0887,55.6081],[42.1365,55.4089],[42.1365,55.4089],[41.8747,55.1318],[42.1365,55.4089],[42.0887,55.6081],[41.8747,55.1318],[41.207,55.2108],[41.207,55.2108],[41.0822,55.1224],[41.207,55.2108],[41.0822,55.1224],[40.9024,55.2478],[41.0822,55.1224],[40.9024,55.2478],[40.6049,55.1782],[40.9024,55.2478],[41.8747,55.1318],[42.9335,56.2008],[40.6049,55.1782],[40.5469,55.2408],[40.5634,55.2995],[40.2202,55.3285],[40.5634,55.2995],[40.2202,55.3285],[39.9257,55.8156],[40.2202,55.3285],[39.9257,55.8156],[39.5193,55.7302],[39.5193,55.7302],[39.0796,55.9327],[39.0796,55.9327],[38.6307,55.9708],[39.0796,55.9327],[39.5193,55.7302],[38.6307,55.9708],[38.4408,56.2514],[38.6307,55.9708],[39.9257,55.8156],[38.4408,56.2514],[38.3511,56.6784],[38.3511,56.6784],[38.6218,56.5472],[38.6218,56.5472],[39.2776,56.5298],[38.6218,56.5472],[39.2776,56.5298],[39.4383,56.7606],[39.4383,56.7606],[39.8214,56.7803],[39.4383,56.7606],[39.2776,56.5298],[38.3511,56.6784],[38.4408,56.2514],[40.6049,55.1782],[39.8854,56.765]]]}},{"type":"Feature","properties":{"name":"Волгоградская область"},"geometry":{"type":"Polygon","coordinates":[[[43.1396,51.1709],[43.507,51.0174],[43.507,51.0174],[44.0513,51.1828],[44.0513,51.1828],[44.0799,51.0865],[44.0799,51.0865],[44.8953,51.1839],[44.0799,51.0865],[44.0513,51.1828],[43.507,51.0174],[44.8953,51.1839],[45.3599,50.8915],[45.3599,50.8915],[45.2285,50.6847],[45.2285,50.6847],[45.294,50.5538],[45.2285,50.6847],[45.3599,50.8915],[45.294,50.5538],[45.7563,50.576],[45.7563,50.576],[45.719,50.7258],[45.719,50.7258],[45.7589,50.7517],[45.8113,50.7698],[45.893,50.7648],[45.7563,50.576],[45.893,50.7648],[46.1407,50.6507],[46.1407,50.6507],[46.1694,50.5106],[46.1407,50.6507],[46.1694,50.5106],[46.4943,50.54],[46.4943,50.54],[46.6737,50.6921],[46.4943,50.54],[46.6737,50.6921],[47.4336,50.3966],[46.6737,50.6921],[46.1694,50.5106],[45.893,50.7648],[45.294,50.5538],[44.8953,51.1839],[47.4336,50.3966],[47.3022,50.311],[47.3022,50.311],[47.2663,50.0076],[47.3022,50.311],[47.2663,50.0076],[46.8929,49.8393],[47.2663,50.0076],[46.8929,49.8393],[46.7827,49.3327],[46.7827,49.3327],[47.0528,49.1649],[46.7827,49.3327],[47.0528,49.1649],[46.6071,48.6558],[47.0528,49.1649],[46.8929,49.8393],[46.6071,48.6558],[46.0658,48.8538],[46.0658,48.8538],[45.0527,48.3648],[45.0527,48.3648],[45.2938,48.1101],[45.0527,48.3648],[45.2938,48.1101],[44.9691,48.1659],[44.9691,48.1659],[44.9176,48.0597],[44.9176,48.0597],[44.6415,48.0484],[44.9176,48.0597],[44.9691,48.1659],[44.6415,48.0484],[44.6069,48.0755],[44.6174,48.1282],[44.6356,48.176],[44.5632,48.1973],[44.4948,48.2111],[44.4492,48.2103],[44.6415,48.0484],[44.4492,48.2103],[44.3488,48.0718],[44.3488,48.0718],[44.5144,47.9565],[44.3488,48.0718],[44.5144,47.9565],[44.056,47.8839],[44.056,47.8839],[43.7533,47.6829],[43.7533,47.6829],[43.7313,47.4698],[43.7533,47.6829],[44.056,47.8839],[44.5144,47.9565],[43.7313,47.4698],[43.0115,47.4841],[43.7313,47.4698],[44.4492,48.2103],[45.2938,48.1101],[46.0658,48.8538],[46.6071,48.6558],[47.4336,50.3966],[43.0115,47.4841],[42.733,47.8636],[42.733,47.8636],[42.0195,48.0454],[42.733,47.8636],[42.0195,48.0454],[42.0329,48.2485],[42.0329,48.2485],[42.143,48.2832],[42.0329,48.2485],[42.143,48.2832],[42.0851,48.4187],[42.143,48.2832],[42.0851,48.4187],[42.6633,48.5887],[42.6633,48.5887],[42.8053,48.8559],[42.6633,48.5887],[42.0851,48.4187],[42.8053,48.8559],[42.3762,49.1611],[42.3762,49.1611],[42.0975,49.1604],[42.3762,49.1611],[42.0975,49.1604],[42.2269,49.6949],[42.2269,49.6949],[41.6693,49.9379],[41.6693,49.9379],[41.6992,50.0275],[41.6992,50.0275],[41.4417,50.1869],[41.6992,50.0275],[41.6693,49.9379],[41.4417,50.1869],[41.6303,50.5464],[41.6303,50.5464],[41.2828,50.7557],[41.6303,50.5464],[41.4417,50.1869],[42.2269,49.6949],[42.0975,49.1604],[42.8053,48.8559],[42.0195,48.0454],[41.2828,50.7557],[41.9788,51.1534],[41.9788,51.1534],[43.0855,51.197],[41.9788,51.1534],[41.2828,50.7557],[43.0115,47.4841],[43.1396,51.1709]]]}},{"type":"Feature","properties":{"name":"Вологодская область"},"geometry":{"type":"Polygon","coordinates":[[[37.1165,61.6159],[37.7884,61.5504],[37.7884,61.5504],[37.9738,61.1964],[37.9738,61.1964],[38.2029,61.0893],[37.9738,61.1964],[38.2029,61.0893],[38.1472,60.9755],[38.2029,61.0893],[38.1472,60.9755],[38.3809,60.996],[38.3809,60.996],[38.3943,60.8645],[38.3943,60.8645],[38.679,60.742],[38.3943,60.8645],[38.679,60.742],[39.1682,60.6858],[38.679,60.742],[38.3809,60.996],[38.1472,60.9755],[37.7884,61.5504],[39.1682,60.6858],[40.4383,60.797],[40.4383,60.797],[41.1854,60.6756],[40.4383,60.797],[41.1854,60.6756],[41.4327,60.7817],[41.4327,60.7817],[41.386,60.8165],[41.3867,60.8501],[41.3867,60.8501],[41.8242,60.9276],[41.3867,60.8501],[41.1854,60.6756],[41.8242,60.9276],[42.3942,60.7691],[42.3942,60.7691],[42.7139,60.8824],[42.3942,60.7691],[42.7139,60.8824],[43.0056,60.7362],[42.7139,60.8824],[41.8242,60.9276],[43.0056,60.7362],[44.01,61.0496],[44.01,61.0496],[45.2044,60.9091],[44.01,61.0496],[45.2044,60.9091],[45.2834,61.2024],[45.2834,61.2024],[45.8052,61.1678],[45.2834,61.2024],[45.2044,60.9091],[43.0056,60.7362],[39.1682,60.6858],[45.8052,61.1678],[45.7368,61.0368],[45.7368,61.0368],[45.7792,61.0164],[45.8746,60.9908],[45.8746,60.9908],[46.4578,61.0362],[46.4578,61.0362],[47.0713,60.8604],[46.4578,61.0362],[45.8746,60.9908],[47.0713,60.8604],[47.0694,60.5926],[47.0694,60.5926],[46.8005,60.2748],[47.0694,60.5926],[46.8005,60.2748],[46.3295,60.2382],[46.8005,60.2748],[46.3295,60.2382],[46.7278,60.041],[46.7278,60.041],[47.0428,60.1541],[46.7278,60.041],[47.0428,60.1541],[46.8857,59.7951],[46.8857,59.7951],[47.1074,59.7497],[47.1074,59.7497],[47.1232,59.6086],[47.1074,59.7497],[46.8857,59.7951],[47.0428,60.1541],[46.3295,60.2382],[47.0713,60.8604],[45.8052,61.1678],[47.1232,59.6086],[46.4282,59.5918],[46.4282,59.5918],[46.3821,59.4973],[46.4253,59.4675],[46.3926,59.3698],[46.1758,59.3568],[46.1375,59.3225],[46.0582,59.3292],[45.9361,59.1853],[46.3926,59.3698],[46.4282,59.5918],[45.9361,59.1853],[44.9981,59.1198],[45.9361,59.1853],[44.9981,59.1198],[43.7992,59.2796],[43.7992,59.2796],[43.6156,59.2328],[43.6291,59.2034],[43.551,59.1833],[43.551,59.1833],[43.515,59.304],[43.551,59.1833],[43.515,59.304],[42.8379,59.1462],[43.515,59.304],[42.8379,59.1462],[42.6191,59.3261],[42.6191,59.3261],[42.3209,59.2645],[42.3209,59.2645],[42.075,59.4249],[42.3209,59.2645],[42.6191,59.3261],[42.8379,59.1462],[44.9981,59.1198],[42.075,59.4249],[42.0293,59.3569],[42.0009,59.2938],[41.9724,59.2828],[41.9959,59.2618],[42.0465,59.247],[42.1107,59.2349],[42.1099,59.1954],[42.0984,59.16],[42.0946,59.1095],[41.9724,59.2828],[42.0946,59.1095],[41.2904,58.9832],[41.2904,58.9832],[41.1793,58.7863],[41.1793,58.7863],[41.287,58.72],[41.287,58.72],[40.8398,58.5138],[41.287,58.72],[41.2904,58.9832],[42.0946,59.1095],[42.075,59.4249],[40.8398,58.5138],[40.2039,58.5586],[40.2039,58.5586],[39.8407,58.83],[39.8407,58.83],[39.1546,58.9548],[39.8407,58.83],[40.2039,58.5586],[39.1546,58.9548],[38.9665,58.9281],[38.9665,58.9281],[38.918,58.7296],[38.9665,58.9281],[38.918,58.7296],[37.9687,58.7238],[37.9687,58.7238],[38.0379,58.6513],[38.0379,58.6513],[37.7455,58.6428],[37.7455,58.6428],[37.7052,58.4919],[37.7455,58.6428],[38.0379,58.6513],[37.9687,58.7238],[38.918,58.7296],[37.7052,58.4919],[37.0916,58.8428],[37.0916,58.8428],[36.8418,58.7982],[36.8418,58.7982],[36.8749,58.7622],[36.9152,58.7297],[36.5535,58.5158],[36.9152,58.7297],[36.8418,58.7982],[36.5535,58.5158],[35.7619,58.8291],[35.7619,58.8291],[35.3106,58.7699],[35.7619,58.8291],[36.5535,58.5158],[37.0916,58.8428],[37.7052,58.4919],[39.1546,58.9548],[40.8398,58.5138],[47.1232,59.6086],[35.3106,58.7699],[35.2004,58.8153],[35.2004,58.8153],[35.2384,58.9576],[35.2004,58.8153],[35.2384,58.9576],[34.7717,59.1237],[35.2384,58.9576],[34.7717,59.1237],[34.9546,59.2712],[34.9546,59.2712],[35.382,59.3027],[34.9546,59.2712],[35.382,59.3027],[35.553,59.6705],[35.553,59.6705],[35.6695,59.6277],[35.382,59.3027],[35.6695,59.6277],[35.4335,59.7681],[35.4335,59.7681],[35.5121,59.9865],[35.4335,59.7681],[35.5121,59.9865],[35.1738,60.0502],[35.5121,59.9865],[35.1738,60.0502],[35.3422,60.5686],[35.3422,60.5686],[35.2034,60.7971],[35.3422,60.5686],[35.1738,60.0502],[35.6695,59.6277],[34.7717,59.1237],[35.2034,60.7971],[35.5567,60.8882],[35.5567,60.8882],[35.6725,61.2005],[35.5567,60.8882],[35.6725,61.2005],[37.0739,61.6305],[35.6725,61.2005],[35.2034,60.7971],[35.3106,58.7699],[37.1165,61.6159]]]}},{"type":"Feature","properties":{"name":"Воронежская область"},"geometry":{"type":"Polygon","coordinates":[[[38.7781,52.0856],[39.1041,51.9744],[39.1041,51.9744],[39.442,52.0817],[39.1041,51.9744],[39.442,52.0817],[39.7922,51.9054],[39.442,52.0817],[39.7922,51.9054],[40.9679,51.8809],[39.7922,51.9054],[40.9679,51.8809],[41.0729,51.6923],[40.9679,51.8809],[41.0729,51.6923],[41.4128,51.7701],[41.4128,51.7701],[42.3253,51.6693],[41.4128,51.7701],[41.0729,51.6923],[42.3253,51.6693],[42.9382,51.3907],[42.3253,51.6693],[42.9382,51.3907],[42.9525,51.2534],[42.9525,51.2534],[41.9788,51.1534],[41.9788,51.1534],[41.312,50.7844],[41.9788,51.1534],[42.9525,51.2534],[41.312,50.7844],[41.6303,50.5464],[41.6303,50.5464],[41.4195,50.0877],[41.4195,50.0877],[40.9813,49.6805],[41.4195,50.0877],[41.6303,50.5464],[41.312,50.7844],[40.9813,49.6805],[39.7946,49.5696],[40.9813,49.6805],[42.9382,51.3907],[39.7946,49.5696],[39.6125,49.7424],[39.6125,49.7424],[39.2346,49.8051],[39.6125,49.7424],[39.2346,49.8051],[39.3743,49.994],[39.3743,49.994],[39.1377,50.427],[39.3743,49.994],[39.1377,50.427],[39.2817,50.5788],[39.1377,50.427],[39.2817,50.5788],[38.8207,50.8235],[38.8207,50.8235],[38.9855,50.9116],[38.9855,50.9116],[38.8656,51.0751],[38.9855,50.9116],[38.8207,50.8235],[38.8656,51.0751],[38.4918,51.0588],[38.8656,51.0751],[38.4918,51.0588],[38.5738,51.211],[38.5738,51.211],[38.3697,51.2793],[38.3697,51.2793],[38.2125,51.6353],[38.3697,51.2793],[38.5738,51.211],[38.4918,51.0588],[39.2817,50.5788],[39.2346,49.8051],[38.2125,51.6353],[38.6274,51.6987],[38.6274,51.6987],[38.3404,51.959],[38.3404,51.959],[38.7303,52.1014],[38.3404,51.959],[38.6274,51.6987],[38.2125,51.6353],[39.7946,49.5696],[38.7781,52.0856]]]}},{"type":"Feature","properties":{"name":"Ямало-Ненецкий автономный округ"},"geometry":{"type":"MultiPolygon","coordinates":[[],[],[],[[[72.3907,66.3447],[72.3025,66.3062],[72.3025,66.3062],[72.3853,66.3498],[72.3025,66.3062],[72.3907,66.3447]]],[],[],[],[],[],[],[],[],[],[],[],[],[],[],[[[70.1117,66.5599],[70.0334,66.5962],[70.0334,66.5962],[70.1135,66.5644],[70.0334,66.5962],[70.1117,66.5599]]],[[[69.6802,66.5602],[70.0098,66.4834],[70.0098,66.4834],[69.6854,66.5666],[70.0098,66.4834],[69.6802,66.5602]]],[],[],[[[70.6892,66.6649],[71.0243,66.5678],[71.0243,66.5678],[70.7191,66.4867],[71.0243,66.5678],[70.7191,66.4867],[70.3035,66.6054],[70.3035,66.6054],[70.6614,66.6675],[70.3035,66.6054],[70.7191,66.4867],[70.6892,66.6649]]],[[[69.3899,66.7056],[69.2941,66.6866],[69.2941,66.6866],[69.39,66.7095],[69.2941,66.6866],[69.3899,66.7056]]],[],[],[],[],[],[[[70.391,66.7306],[70.5834,66.6852],[70.5834,66.6852],[70.2245,66.6854],[70.2245,66.6854],[70.3966,66.7325],[70.2245,66.6854],[70.5834,66.6852],[70.391,66.7306]]],[[[69.6285,66.7494],[70.1592,66.6649],[70.1592,66.6649],[69.8459,66.6186],[69.8459,66.6186],[69.6048,66.7573],[69.8459,66.6186],[70.1592,66.6649],[69.6285,66.7494]]],[[[69.6894,66.6738],[70.1587,66.5543],[70.1587,66.5543],[70.0573,66.4906],[70.1587,66.5543],[70.0573,66.4906],[69.6325,66.5872],[69.6325,66.5872],[69.4822,66.7517],[69.4822,66.7517],[69.648,66.676],[69.4822,66.7517],[69.6325,66.5872],[70.0573,66.4906],[69.6894,66.6738]]],[],[],[],[],[],[],[],[],[[[69.2076,66.8346],[69.5592,66.831],[69.5592,66.831],[69.1849,66.8422],[69.5592,66.831],[69.2076,66.8346]]],[[[71.503,66.8773],[71.6079,66.6406],[71.6079,66.6406],[71.026,66.5892],[71.6079,66.6406],[71.026,66.5892],[70.6478,66.6984],[70.6478,66.6984],[71.0083,66.6463],[71.0083,66.6463],[70.7572,66.75],[70.7572,66.75],[71.4978,66.8774],[70.7572,66.75],[71.0083,66.6463],[70.6478,66.6984],[71.026,66.5892],[71.503,66.8773]]],[],[],[],[],[],[],[],[[[78.7318,67.5178],[78.6342,67.5532],[78.6342,67.5532],[78.7376,67.5248],[78.6342,67.5532],[78.7318,67.5178]]],[],[],[],[],[],[],[],[],[],[],[[[67.356,69.5768],[67.3136,69.4419],[67.3136,69.4419],[67.0359,69.4747],[67.3136,69.4419],[67.0359,69.4747],[67.3517,69.5807],[67.0359,69.4747],[67.356,69.5768]]],[],[],[],[],[[[66.6375,70.9308],[66.7113,70.9689],[66.7113,70.9689],[66.6354,70.9364],[66.7113,70.9689],[66.6375,70.9308]]],[[[66.8317,70.9843],[66.6749,70.9997],[66.6749,70.9997],[66.7623,71.0929],[66.7623,71.0929],[66.8278,70.9997],[66.7623,71.0929],[66.6749,70.9997],[66.8317,70.9843]]],[],[],[],[],[[[76.9138,72.2423],[76.9517,72.1596],[76.9517,72.1596],[76.8789,72.2271],[76.9517,72.1596],[76.9138,72.2423]]],[],[],[],[],[],[],[[[78.3407,72.4601],[77.8017,72.2852],[77.8017,72.2852],[76.8476,72.3023],[77.8017,72.2852],[76.8476,72.3023],[77.6142,72.6028],[77.6142,72.6028],[78.3346,72.4749],[77.6142,72.6028],[76.8476,72.3023],[78.3407,72.4601]]],[],[],[],[],[],[],[],[],[],[],[[[67.38,70.6675],[67.2761,70.8238],[67.2761,70.8238],[66.704,70.7512],[67.2761,70.8238],[66.704,70.7512],[66.6473,70.8614],[66.6473,70.8614],[66.9942,71.0604],[66.6473,70.8614],[66.9942,71.0604],[66.7687,71.1061],[66.9942,71.0604],[66.704,70.7512],[66.7687,71.1061],[68.3819,71.721],[68.3819,71.721],[68.7295,72.1015],[68.7295,72.1015],[68.9355,72.6562],[68.7295,72.1015],[68.9355,72.6562],[69.3389,72.9355],[68.9355,72.6562],[68.3819,71.721],[66.7687,71.1061],[69.3389,72.9355],[71.5557,72.8849],[71.5557,72.8849],[72.8257,72.6915],[71.5557,72.8849],[69.3389,72.9355],[72.8257,72.6915],[72.6744,72.6918],[72.6744,72.6918],[72.7721,72.493],[72.6744,72.6918],[72.7721,72.493],[72.5968,72.4913],[72.7721,72.493],[72.5968,72.4913],[72.7218,72.4759],[72.7319,72.4771],[72.7764,72.4825],[72.8212,72.2643],[72.7764,72.4825],[72.5968,72.4913],[72.8212,72.2643],[72.3491,71.8613],[72.3491,71.8613],[72.3357,71.7065],[72.3491,71.8613],[72.3357,71.7065],[71.8343,71.4798],[72.3357,71.7065],[72.8212,72.2643],[71.8343,71.4798],[72.0422,71.2864],[72.0422,71.2864],[72.6251,71.1217],[72.0422,71.2864],[72.6251,71.1217],[72.5904,70.997],[72.5904,70.997],[72.8322,70.8599],[72.5904,70.997],[72.6251,71.1217],[72.8322,70.8599],[72.7062,70.5763],[72.7062,70.5763],[72.7608,70.3873],[72.7062,70.5763],[72.7608,70.3873],[72.3822,70.2916],[72.7608,70.3873],[72.3822,70.2916],[72.5776,70.1443],[72.5776,70.1443],[72.4877,69.9933],[72.4877,69.9933],[72.6815,69.8],[72.4877,69.9933],[72.5776,70.1443],[72.6815,69.8],[72.5182,69.6313],[72.5182,69.6313],[72.6949,69.4645],[72.6949,69.4645],[72.5105,69.4308],[72.5105,69.4308],[72.643,69.2844],[72.643,69.2844],[72.4873,69.0917],[72.643,69.2844],[72.5105,69.4308],[72.6949,69.4645],[72.5182,69.6313],[72.6815,69.8],[72.3822,70.2916],[72.4873,69.0917],[72.6517,68.8729],[72.6517,68.8729],[73.6043,68.4574],[72.6517,68.8729],[72.4873,69.0917],[73.6043,68.4574],[73.0938,68.2126],[73.0938,68.2126],[73.0427,68.0787],[73.0427,68.0787],[73.2155,67.9022],[73.0427,68.0787],[73.2155,67.9022],[73.131,67.7015],[73.2155,67.9022],[73.0938,68.2126],[73.6043,68.4574],[72.8322,70.8599],[71.8343,71.4798],[73.131,67.7015],[72.6037,67.5775],[72.6037,67.5775],[72.4034,67.3056],[72.4034,67.3056],[72.1481,67.2849],[72.4034,67.3056],[72.1481,67.2849],[72.2297,67.1289],[72.1481,67.2849],[72.2297,67.1289],[71.9237,67.111],[72.2297,67.1289],[71.9237,67.111],[72.0612,67.0381],[72.0612,67.0381],[71.8318,66.8844],[72.0612,67.0381],[71.9237,67.111],[72.6037,67.5775],[71.8318,66.8844],[71.4028,66.9684],[71.4028,66.9684],[71.4789,66.896],[71.4789,66.896],[70.5074,66.7296],[71.4789,66.896],[71.4028,66.9684],[70.5074,66.7296],[70.1157,66.7354],[70.1157,66.7354],[69.9467,66.8571],[70.1157,66.7354],[69.9467,66.8571],[68.7754,66.8708],[69.9467,66.8571],[70.5074,66.7296],[71.8318,66.8844],[73.131,67.7015],[68.7754,66.8708],[69.0971,66.8561],[69.0971,66.8561],[68.9307,66.7706],[68.9307,66.7706],[69.1773,66.7544],[69.1773,66.7544],[69.2032,66.5748],[69.1773,66.7544],[68.9307,66.7706],[69.0971,66.8561],[69.2032,66.5748],[69.9492,66.3887],[69.2032,66.5748],[69.9492,66.3887],[72.1043,66.2228],[69.9492,66.3887],[68.7754,66.8708],[72.8257,72.6915],[72.1043,66.2228],[72.4307,66.3469],[72.4307,66.3469],[72.3221,66.4953],[72.3221,66.4953],[72.4979,66.5914],[72.3221,66.4953],[72.4307,66.3469],[72.4979,66.5914],[73.8723,66.9871],[72.4979,66.5914],[73.8723,66.9871],[73.9337,67.2881],[73.9337,67.2881],[74.7276,67.668],[73.9337,67.2881],[73.8723,66.9871],[74.7276,67.668],[74.7977,68.0281],[74.7977,68.0281],[74.3122,68.3702],[74.7977,68.0281],[74.3122,68.3702],[74.4848,68.7132],[74.3122,68.3702],[74.7276,67.668],[74.4848,68.7132],[76.087,68.9892],[74.4848,68.7132],[76.087,68.9892],[76.5548,68.9878],[76.5548,68.9878],[76.6122,68.7538],[76.6122,68.7538],[77.3126,68.4906],[76.6122,68.7538],[76.5548,68.9878],[77.3126,68.4906],[77.1212,68.2923],[77.1212,68.2923],[77.3131,68.2412],[77.3131,68.2412],[77.1844,68.1085],[77.1844,68.1085],[77.273,67.8846],[77.1844,68.1085],[77.3131,68.2412],[77.1212,68.2923],[77.273,67.8846],[77.0436,67.7865],[77.273,67.8846],[77.0436,67.7865],[77.6813,67.5776],[77.6813,67.5776],[77.6034,67.3272],[77.6813,67.5776],[77.0436,67.7865],[77.3126,68.4906],[77.6034,67.3272],[77.717,67.4378],[77.717,67.4378],[77.9131,67.3622],[77.717,67.4378],[77.9131,67.3622],[77.8576,67.475],[77.8576,67.475],[77.982,67.5135],[77.8576,67.475],[77.9131,67.3622],[77.982,67.5135],[78.5027,67.5506],[77.982,67.5135],[78.5027,67.5506],[80.0085,67.1251],[78.5027,67.5506],[77.6034,67.3272],[76.087,68.9892],[80.0085,67.1251],[78.9005,67.3975],[78.9005,67.3975],[78.7463,67.5046],[78.7463,67.5046],[78.8135,67.562],[78.7463,67.5046],[78.8135,67.562],[79.5416,67.3313],[78.8135,67.562],[79.5416,67.3313],[78.8416,67.6309],[79.5416,67.3313],[78.9005,67.3975],[78.8416,67.6309],[77.4561,67.7485],[78.8416,67.6309],[77.4561,67.7485],[77.5844,67.9177],[77.5844,67.9177],[77.4778,68.1136],[77.5844,67.9177],[77.4778,68.1136],[78.1492,68.2606],[77.4778,68.1136],[78.1492,68.2606],[77.7672,68.5335],[77.7672,68.5335],[77.6054,68.9053],[77.7672,68.5335],[78.1492,68.2606],[77.4561,67.7485],[77.6054,68.9053],[75.9638,69.2571],[75.9638,69.2571],[74.7933,69.1008],[74.7933,69.1008],[73.8043,69.1564],[74.7933,69.1008],[75.9638,69.2571],[77.6054,68.9053],[73.8043,69.1564],[73.9101,69.4262],[73.9101,69.4262],[73.5443,69.7656],[73.9101,69.4262],[73.5443,69.7656],[73.7565,69.9476],[73.7565,69.9476],[73.6937,70.1065],[73.7565,69.9476],[73.6937,70.1065],[74.2041,70.4018],[74.2041,70.4018],[74.3116,70.5947],[74.2041,70.4018],[73.6937,70.1065],[73.5443,69.7656],[74.3116,70.5947],[73.5891,71.1895],[73.5891,71.1895],[72.9886,71.3992],[73.5891,71.1895],[74.3116,70.5947],[72.9886,71.3992],[73.4938,71.639],[73.4938,71.639],[73.5285,71.7955],[73.4938,71.639],[73.5285,71.7955],[74.9943,72.1714],[73.5285,71.7955],[74.9943,72.1714],[75.0652,72.4362],[75.0652,72.4362],[74.7676,72.7998],[75.0652,72.4362],[74.9943,72.1714],[72.9886,71.3992],[73.8043,69.1564],[80.0085,67.1251],[74.7676,72.7998],[74.9856,72.8679],[74.9856,72.8679],[75.4254,72.7541],[74.9856,72.8679],[75.4254,72.7541],[75.2994,72.6841],[75.2994,72.6841],[75.6328,72.5346],[75.2994,72.6841],[75.4254,72.7541],[75.6328,72.5346],[75.4761,72.4855],[75.4761,72.4855],[75.6807,72.2616],[75.4761,72.4855],[75.6807,72.2616],[75.2213,71.8269],[75.6807,72.2616],[75.2213,71.8269],[75.4922,71.5151],[75.2213,71.8269],[75.4922,71.5151],[75.2024,71.4141],[75.4922,71.5151],[75.2024,71.4141],[75.7968,71.2114],[75.2024,71.4141],[75.6328,72.5346],[75.7968,71.2114],[77.7761,71.1106],[77.7761,71.1106],[77.9204,70.9572],[77.9204,70.9572],[78.3936,70.8938],[77.9204,70.9572],[77.7761,71.1106],[78.3936,70.8938],[78.4334,70.999],[78.4334,70.999],[78.2199,71.103],[78.4334,70.999],[78.2199,71.103],[78.2769,71.2386],[78.2199,71.103],[78.2769,71.2386],[77.3726,71.3021],[77.3726,71.3021],[76.3297,71.5614],[77.3726,71.3021],[76.3297,71.5614],[75.9928,71.8779],[76.3297,71.5614],[78.2769,71.2386],[75.9928,71.8779],[76.8855,72.0555],[76.8855,72.0555],[77.6016,71.8167],[77.6016,71.8167],[78.1093,71.8616],[77.6016,71.8167],[76.8855,72.0555],[78.1093,71.8616],[78.2471,71.9511],[78.2471,71.9511],[78.0399,72.0891],[78.2471,71.9511],[78.0399,72.0891],[77.3921,72.0835],[78.0399,72.0891],[77.3921,72.0835],[77.4528,72.2092],[77.4528,72.2092],[78.077,72.3529],[77.4528,72.2092],[77.3921,72.0835],[78.1093,71.8616],[75.9928,71.8779],[78.3936,70.8938],[78.077,72.3529],[78.5826,72.2627],[78.5826,72.2627],[78.4143,72.332],[78.4143,72.332],[78.5309,72.3724],[78.4143,72.332],[78.5826,72.2627],[78.5309,72.3724],[79.0047,72.1132],[79.0047,72.1132],[80.4354,71.9217],[79.0047,72.1132],[78.5309,72.3724],[78.077,72.3529],[75.7968,71.2114],[74.7676,72.7998],[72.1043,66.2228],[80.4354,71.9217],[80.4984,71.8705],[80.4705,71.8474],[80.0369,71.6304],[80.4705,71.8474],[80.0369,71.6304],[79.4478,71.598],[80.0369,71.6304],[79.4478,71.598],[79.3295,71.4182],[79.4478,71.598],[79.3295,71.4182],[79.9523,71.1327],[79.9523,71.1327],[80.7174,70.997],[79.9523,71.1327],[80.7174,70.997],[80.8537,70.7935],[80.8537,70.7935],[80.8386,70.7623],[80.8047,70.7234],[80.7671,70.6927],[80.7671,70.6927],[80.8365,70.6585],[80.9091,70.6524],[80.9412,70.6279],[80.9412,70.6279],[80.8829,70.5635],[80.8071,70.5185],[80.7752,70.4749],[80.7752,70.4749],[80.8418,70.4367],[80.9277,70.4168],[80.9441,70.3974],[80.7174,70.997],[79.3295,71.4182],[80.9441,70.3974],[80.2811,70.3988],[80.2811,70.3988],[79.6288,70.0989],[79.6288,70.0989],[79.6117,70.1268],[79.533,70.1374],[79.464,70.1432],[80.2811,70.3988],[79.464,70.1432],[78.9989,69.8693],[78.9989,69.8693],[79.1172,69.6507],[78.9989,69.8693],[79.464,70.1432],[80.9441,70.3974],[79.1172,69.6507],[79.2449,69.6327],[79.381,69.6261],[79.513,69.6209],[79.7019,69.4004],[79.7019,69.4004],[80.007,69.3044],[79.7019,69.4004],[79.513,69.6209],[80.007,69.3044],[81.1545,69.1876],[81.1545,69.1876],[81.6267,69.2347],[81.6267,69.2347],[81.7942,69.417],[81.6267,69.2347],[81.1545,69.1876],[81.7942,69.417],[81.901,69.3784],[82.0002,69.3589],[82.0788,69.3431],[81.9471,69.1773],[82.0788,69.3431],[81.9471,69.1773],[82.5208,69.1018],[81.9471,69.1773],[81.7942,69.417],[80.007,69.3044],[82.5208,69.1018],[82.5423,69.0794],[82.4897,69.0487],[82.4327,69.0298],[82.945,68.6055],[82.4327,69.0298],[82.945,68.6055],[82.8819,68.5909],[82.7751,68.5569],[82.7212,68.5506],[82.7611,68.2607],[82.7212,68.5506],[82.945,68.6055],[82.7611,68.2607],[82.4234,68.0673],[82.4234,68.0673],[82.4089,67.9245],[82.4234,68.0673],[82.4089,67.9245],[81.7843,67.8831],[82.4089,67.9245],[82.7611,68.2607],[81.7843,67.8831],[82.415,67.4994],[82.415,67.4994],[82.3634,67.2878],[82.3634,67.2878],[82.2528,67.2412],[82.1747,67.2007],[82.415,67.4994],[81.7843,67.8831],[82.1747,67.2007],[83.2396,66.7841],[83.2396,66.7841],[83.2536,66.7378],[83.2938,66.6886],[83.3521,66.6515],[83.1174,66.455],[83.3521,66.6515],[83.1174,66.455],[83.6047,66.1426],[83.6047,66.1426],[83.3717,66.014],[83.3717,66.014],[83.5731,65.7866],[83.3717,66.014],[83.6047,66.1426],[83.1174,66.455],[83.2396,66.7841],[83.5731,65.7866],[84.3113,65.6575],[84.3113,65.6575],[84.179,65.567],[84.179,65.567],[84.5479,65.4855],[84.179,65.567],[84.3113,65.6575],[83.5731,65.7866],[84.5479,65.4855],[84.6534,65.2691],[84.6534,65.2691],[84.3387,65.105],[84.3387,65.105],[84.4495,64.9943],[84.4495,64.9943],[84.4156,64.9556],[84.3824,64.9327],[84.3387,65.105],[84.6534,65.2691],[84.5479,65.4855],[84.3824,64.9327],[85.8554,64.7564],[84.3824,64.9327],[82.1747,67.2007],[82.5208,69.1018],[79.1172,69.6507],[85.8554,64.7564],[85.9614,64.0516],[85.9614,64.0516],[85.3565,63.8379],[85.3565,63.8379],[85.3146,63.6676],[85.3146,63.6676],[85.122,63.5787],[85.3146,63.6676],[85.3565,63.8379],[85.9614,64.0516],[85.122,63.5787],[85.6113,63.3609],[85.6113,63.3609],[85.5913,63.0257],[85.6113,63.3609],[85.122,63.5787],[85.5913,63.0257],[84.5145,62.1781],[85.5913,63.0257],[85.8554,64.7564],[80.4354,71.9217],[84.5145,62.1781],[83.9241,62.5172],[83.9241,62.5172],[83.2242,62.489],[83.2242,62.489],[82.7977,62.6458],[82.7977,62.6458],[82.7954,62.7291],[82.7917,62.7568],[83.2242,62.489],[83.9241,62.5172],[82.7917,62.7568],[82.1283,62.8223],[82.1283,62.8223],[81.757,62.7108],[82.1283,62.8223],[82.7917,62.7568],[81.757,62.7108],[81.3499,62.8359],[81.3499,62.8359],[80.9525,63.1376],[81.3499,62.8359],[81.757,62.7108],[80.9525,63.1376],[79.9628,62.814],[79.9628,62.814],[79.8384,62.5889],[79.9628,62.814],[79.8384,62.5889],[78.0494,62.5215],[79.8384,62.5889],[78.0494,62.5215],[76.7412,63.0377],[76.7412,63.0377],[76.3363,62.9705],[76.3363,62.9705],[75.7993,63.1212],[76.3363,62.9705],[75.7993,63.1212],[74.5311,63.0327],[75.7993,63.1212],[74.5311,63.0327],[74.1719,63.1781],[74.1719,63.1781],[73.9584,63.1871],[73.7442,63.1801],[73.531,63.1788],[73.531,63.1788],[72.9898,63.4174],[73.531,63.1788],[74.5311,63.0327],[72.9898,63.4174],[72.9338,63.4105],[72.8857,63.3618],[72.7483,63.2907],[71.6789,63.1968],[72.7483,63.2907],[72.9898,63.4174],[76.7412,63.0377],[78.0494,62.5215],[80.9525,63.1376],[71.6789,63.1968],[71.5572,63.5686],[71.5572,63.5686],[70.9362,63.6937],[70.9362,63.6937],[70.6518,64.0051],[70.6518,64.0051],[70.8001,64.1447],[70.6518,64.0051],[70.8001,64.1447],[70.3361,64.3325],[70.8001,64.1447],[70.9362,63.6937],[71.5572,63.5686],[71.6789,63.1968],[70.3361,64.3325],[69.1201,64.4256],[69.1201,64.4256],[69.026,64.4123],[68.9519,64.4023],[68.98,64.3586],[69.047,64.3183],[68.9478,64.1696],[69.047,64.3183],[68.9519,64.4023],[68.9478,64.1696],[68.5133,64.2723],[68.5133,64.2723],[67.8074,64.0283],[68.5133,64.2723],[68.9478,64.1696],[69.1201,64.4256],[67.8074,64.0283],[66.8786,64.2025],[66.8786,64.2025],[66.957,64.413],[66.957,64.413],[66.9476,64.4451],[66.896,64.482],[66.8251,64.5072],[66.8786,64.2025],[66.8251,64.5072],[65.5588,64.4949],[65.5588,64.4949],[63.6838,64.2537],[65.5588,64.4949],[63.6838,64.2537],[63.4345,64.4415],[63.4345,64.4415],[62.5921,64.5572],[63.4345,64.4415],[63.6838,64.2537],[66.8251,64.5072],[67.8074,64.0283],[70.3361,64.3325],[62.5921,64.5572],[62.8742,64.7726],[62.8742,64.7726],[62.7423,64.906],[62.7423,64.906],[62.8746,65.2906],[62.7423,64.906],[62.8742,64.7726],[62.8746,65.2906],[62.4578,65.4021],[62.4578,65.4021],[62.0625,65.7016],[62.4578,65.4021],[62.8746,65.2906],[62.0625,65.7016],[62.7754,65.8558],[62.7754,65.8558],[63.0644,66.1856],[63.0644,66.1856],[63.3236,66.2289],[63.0644,66.1856],[63.3236,66.2289],[63.305,66.2708],[63.2403,66.3233],[63.3942,66.4553],[63.2403,66.3233],[63.3236,66.2289],[62.7754,65.8558],[63.3942,66.4553],[65.1189,66.9011],[63.3942,66.4553],[65.1189,66.9011],[65.1205,66.9304],[65.1,66.9758],[65.0542,67.0696],[66.1368,67.4523],[65.0542,67.0696],[66.1368,67.4523],[65.8246,67.5951],[66.1368,67.4523],[65.8246,67.5951],[66.2665,67.6706],[65.8246,67.5951],[65.1189,66.9011],[62.0625,65.7016],[66.2665,67.6706],[66.0257,67.8074],[66.0257,67.8074],[66.1132,67.8534],[66.1284,67.8972],[66.0702,67.9472],[66.0702,67.9472],[65.3811,67.9744],[66.0702,67.9472],[65.3811,67.9744],[65.3333,68.2846],[65.3333,68.2846],[65.7112,68.5304],[65.3333,68.2846],[65.7112,68.5304],[65.4439,68.7847],[65.4439,68.7847],[64.6464,68.9025],[65.4439,68.7847],[64.6464,68.9025],[64.6839,68.9304],[64.6264,68.9682],[64.5999,69.0082],[64.6558,69.0315],[64.7574,69.0475],[64.7951,69.0754],[64.831,69.2177],[64.7951,69.0754],[64.5999,69.0082],[64.6464,68.9025],[65.7112,68.5304],[65.3811,67.9744],[66.2665,67.6706],[64.831,69.2177],[66.1641,69.0804],[66.1641,69.0804],[66.566,68.9091],[66.566,68.9091],[66.1692,69.0639],[66.1692,69.0639],[65.5732,69.1335],[65.5732,69.1335],[65.8075,69.0477],[65.5732,69.1335],[66.1692,69.0639],[66.566,68.9091],[65.8075,69.0477],[67.1666,68.8154],[65.8075,69.0477],[66.1641,69.0804],[67.1666,68.8154],[67.0869,68.7502],[67.0869,68.7502],[67.7984,68.4268],[67.0869,68.7502],[67.7984,68.4268],[68.2292,68.3603],[67.7984,68.4268],[68.2292,68.3603],[68.2554,68.1367],[68.2292,68.3603],[67.1666,68.8154],[68.2554,68.1367],[68.6074,68.2522],[68.6074,68.2522],[69.1309,68.8098],[68.6074,68.2522],[68.2554,68.1367],[64.831,69.2177],[69.1309,68.8098],[68.9728,68.8806],[68.9728,68.8806],[69.0594,68.9362],[68.9728,68.8806],[69.0594,68.9362],[68.4859,68.9677],[69.0594,68.9362],[68.4859,68.9677],[68.1158,69.2211],[68.4859,68.9677],[68.1158,69.2211],[68.0252,69.3373],[68.0252,69.3373],[68.1575,69.5183],[68.0252,69.3373],[68.1158,69.2211],[68.1575,69.5183],[67.0458,69.6911],[67.0458,69.6911],[66.8763,69.6158],[66.8763,69.6158],[67.0031,69.5244],[66.8763,69.6158],[67.0031,69.5244],[66.846,69.5549],[67.0031,69.5244],[67.0458,69.6911],[68.1575,69.5183],[66.846,69.5549],[66.8273,69.8446],[66.8273,69.8446],[66.9555,70.0227],[66.8273,69.8446],[66.9555,70.0227],[67.4358,70.0238],[66.9555,70.0227],[67.4358,70.0238],[67.1279,70.2116],[67.1279,70.2116],[67.362,70.4465],[67.362,70.4465],[67.2086,70.5282],[67.2086,70.5282],[67.3708,70.6629],[67.2086,70.5282],[67.362,70.4465],[67.1279,70.2116],[67.4358,70.0238],[66.846,69.5549],[69.1309,68.8098],[62.5921,64.5572],[84.5145,62.1781],[67.38,70.6675]]],[],[],[],[],[[[74.6778,73.0919],[74.8904,73.0379],[74.8904,73.0379],[74.7,73.0674],[74.7,73.0674],[74.6733,72.8703],[74.6733,72.8703],[74.6406,72.8506],[74.599,72.8432],[74.546,72.8463],[74.7,73.0674],[74.8904,73.0379],[74.546,72.8463],[74.0742,72.9873],[74.0742,72.9873],[74.53,73.1085],[74.0742,72.9873],[74.546,72.8463],[74.6778,73.0919]]],[],[],[[[76.6891,73.1334],[76.1162,73.1968],[76.1162,73.1968],[76.696,73.1348],[76.1162,73.1968],[76.6891,73.1334]]],[],[[[71.3005,73.2959],[71.426,73.3391],[71.426,73.3391],[71.6404,73.1651],[71.426,73.3391],[71.6404,73.1651],[69.9363,73.0087],[71.6404,73.1651],[69.9363,73.0087],[69.9875,73.3863],[69.9363,73.0087],[69.9875,73.3863],[70.8749,73.4919],[70.8749,73.4919],[71.28,73.4242],[71.28,73.4242],[71.3904,73.3349],[71.3904,73.3349],[71.3047,73.3],[71.3904,73.3349],[71.28,73.4242],[70.8749,73.4919],[69.9875,73.3863],[71.3005,73.2959]]],[],[[[75.9528,73.5261],[75.3959,73.3711],[75.3959,73.3711],[75.9059,73.5246],[75.3959,73.3711],[75.9528,73.5261]]]]}},{"type":"Feature","properties":{"name":"Ярославская область"},"geometry":{"type":"Polygon","coordinates":[[[39.0387,58.948],[39.661,58.8894],[39.661,58.8894],[40.3224,58.5277],[39.661,58.8894],[40.3224,58.5277],[41.0379,58.5145],[40.3224,58.5277],[41.0379,58.5145],[41.2176,58.3476],[41.0379,58.5145],[41.2176,58.3476],[40.6209,57.8929],[40.6209,57.8929],[40.6942,57.617],[40.6942,57.617],[40.4149,57.4785],[40.4149,57.4785],[40.4995,57.2833],[40.4149,57.4785],[40.6942,57.617],[40.6209,57.8929],[40.4995,57.2833],[40.1752,57.2705],[40.1752,57.2705],[40.1948,57.2596],[40.2405,57.2535],[40.2767,57.2374],[40.2087,57.1815],[40.2767,57.2374],[40.2087,57.1815],[39.5387,56.9918],[40.2087,57.1815],[40.1752,57.2705],[39.5387,56.9918],[39.6182,56.9474],[39.4137,56.8373],[39.4137,56.8373],[39.3481,56.5433],[39.4137,56.8373],[39.6182,56.9474],[39.5387,56.9918],[39.3481,56.5433],[38.5566,56.5586],[39.3481,56.5433],[40.4995,57.2833],[41.2176,58.3476],[38.5566,56.5586],[38.1511,56.9633],[38.1511,56.9633],[38.3266,57.0174],[38.3266,57.0174],[38.2234,57.1734],[38.2234,57.1734],[38.3346,57.3609],[38.2234,57.1734],[38.3266,57.0174],[38.1511,56.9633],[38.3346,57.3609],[38.0727,57.3264],[38.0727,57.3264],[37.6811,57.7152],[37.6811,57.7152],[37.4095,57.7994],[37.6811,57.7152],[38.0727,57.3264],[37.4095,57.7994],[37.569,57.8907],[37.569,57.8907],[37.5083,57.9198],[37.3748,57.9134],[37.385,57.9498],[37.385,57.9498],[37.7293,58.0611],[37.385,57.9498],[37.7293,58.0611],[37.3615,58.2272],[37.7293,58.0611],[37.4095,57.7994],[38.3346,57.3609],[37.3615,58.2272],[37.6444,58.4003],[37.6444,58.4003],[37.7455,58.6428],[37.6444,58.4003],[37.7455,58.6428],[38.918,58.7296],[38.918,58.7296],[39.018,58.9602],[38.918,58.7296],[37.7455,58.6428],[37.3615,58.2272],[38.5566,56.5586],[39.0387,58.948]]]}},{"type":"Feature","properties":{"name":"Еврейская автономная область"},"geometry":{"type":"Polygon","coordinates":[[[132.3872,49.3197],[133.1435,49.1863],[133.1435,49.1863],[133.4016,48.7902],[133.1435,49.1863],[133.4016,48.7902],[133.7321,48.6916],[134.0515,48.6508],[134.1636,48.6451],[134.3807,48.7437],[134.1636,48.6451],[134.3807,48.7437],[134.8992,48.5296],[134.3807,48.7437],[133.4016,48.7902],[134.8992,48.5296],[133.5009,48.0744],[133.5009,48.0744],[133.1603,48.1057],[133.1603,48.1057],[132.6697,47.9466],[133.1603,48.1057],[133.5009,48.0744],[132.6697,47.9466],[132.562,47.7152],[132.6697,47.9466],[132.562,47.7152],[131.0028,47.6902],[132.562,47.7152],[131.0028,47.6902],[130.651,48.1018],[130.651,48.1018],[130.8255,48.3001],[130.8255,48.3001],[130.7562,48.4932],[130.7562,48.4932],[130.5245,48.6138],[130.7562,48.4932],[130.5245,48.6138],[130.6759,48.8497],[130.6759,48.8497],[130.5652,48.8676],[130.6759,48.8497],[130.5245,48.6138],[130.8255,48.3001],[130.651,48.1018],[130.5652,48.8676],[130.9593,48.9942],[130.9593,48.9942],[131.2218,49.2607],[130.9593,48.9942],[131.2218,49.2607],[131.9727,49.2956],[131.9727,49.2956],[132.149,49.4893],[131.9727,49.2956],[132.149,49.4893],[132.4072,49.3688],[132.149,49.4893],[131.2218,49.2607],[130.5652,48.8676],[131.0028,47.6902],[134.8992,48.5296],[132.3872,49.3197]]]}},{"type":"Feature","properties":{"name":"город федерального значения Севастополь"},"geometry":{"type":"Polygon","coordinates":[[[33.6632,44.7529],[33.7738,44.6796],[33.7738,44.6796],[33.6789,44.5454],[33.7738,44.6796],[33.6789,44.5454],[33.9259,44.4417],[33.6789,44.5454],[33.9259,44.4417],[33.787,44.3821],[33.9259,44.4417],[33.787,44.3821],[33.3637,44.5869],[33.3637,44.5869],[33.5308,44.6193],[33.5308,44.6193],[33.555,44.8442],[33.5308,44.6193],[33.555,44.8442],[33.6799,44.7584],[33.555,44.8442],[33.3637,44.5869],[33.787,44.3821],[33.6632,44.7529]]]}},{"type":"Feature","properties":{"name":"Республика Крым"},"geometry":{"type":"MultiPolygon","coordinates":[[],[],[[[33.4174,45.814],[33.4174,45.8199],[33.4261,45.8259],[33.4174,45.814]]],[],[[[34.0569,46.0123],[34.5678,46.1151],[34.5678,46.1151],[34.4923,45.9012],[34.5678,46.1151],[34.4923,45.9012],[34.663,46.084],[34.663,46.084],[34.8594,46.0518],[34.663,46.084],[34.4923,45.9012],[34.8594,46.0518],[35.042,45.6551],[35.042,45.6551],[35.4805,45.2975],[35.042,45.6551],[34.8594,46.0518],[35.4805,45.2975],[35.825,45.4634],[35.825,45.4634],[35.9918,45.3557],[35.9918,45.3557],[36.3323,45.4693],[36.3323,45.4693],[36.6457,45.3696],[36.3323,45.4693],[35.9918,45.3557],[35.825,45.4634],[35.4805,45.2975],[36.6457,45.3696],[36.416,45.2668],[36.416,45.2668],[36.4535,45.0614],[36.416,45.2668],[36.4535,45.0614],[35.8594,44.9843],[35.8594,44.9843],[35.539,45.1248],[35.8594,44.9843],[35.539,45.1248],[35.0792,44.7912],[35.0792,44.7912],[34.7155,44.8141],[34.7155,44.8141],[34.1287,44.4255],[34.1287,44.4255],[33.787,44.3821],[34.1287,44.4255],[34.7155,44.8141],[35.0792,44.7912],[35.539,45.1248],[36.4535,45.0614],[33.787,44.3821],[33.9259,44.4417],[33.9259,44.4417],[33.6789,44.5454],[33.6789,44.5454],[33.7738,44.6796],[33.7738,44.6796],[33.6188,44.7006],[33.6188,44.7006],[33.5536,45.1036],[33.6188,44.7006],[33.7738,44.6796],[33.6789,44.5454],[33.9259,44.4417],[33.5536,45.1036],[33.0073,45.3185],[33.5536,45.1036],[33.0073,45.3185],[33.2654,45.4832],[33.0073,45.3185],[33.2654,45.4832],[32.9985,45.3241],[32.9985,45.3241],[32.4624,45.3799],[32.9985,45.3241],[33.2654,45.4832],[32.4624,45.3799],[33.173,45.7904],[33.173,45.7904],[33.6834,45.8379],[33.173,45.7904],[33.6834,45.8379],[33.7561,45.9133],[33.7561,45.9133],[33.6236,45.9375],[33.6236,45.9375],[33.6216,46.1856],[33.6236,45.9375],[33.7561,45.9133],[33.6834,45.8379],[33.6216,46.1856],[34.0574,46.0176],[33.6216,46.1856],[32.4624,45.3799],[33.787,44.3821],[36.6457,45.3696],[34.0569,46.0123]]]]}},{"type":"Feature","properties":{"name":"Красноярский край"},"geometry":{"type":"MultiPolygon","coordinates":[[[[106.3667,69.535],[106.2873,69.4765],[106.1925,69.4576],[106.1558,69.3913],[106.5408,69.1507],[106.9039,68.877],[106.9601,68.6484],[106.9601,68.6484],[106.7973,67.3757],[106.9601,68.6484],[106.7973,67.3757],[106.7516,67.2911],[106.6538,67.2524],[106.0799,67.1956],[106.6538,67.2524],[106.0799,67.1956],[106.0539,67.1148],[106.0116,67.0648],[106.0116,67.0648],[105.5235,67.0146],[106.0116,67.0648],[106.7973,67.3757],[105.5235,67.0146],[106.1456,66.9196],[106.1456,66.9196],[106.1423,66.8673],[106.0652,66.8167],[106.3121,66.7197],[106.3121,66.7197],[106.271,66.6467],[106.3203,66.5916],[106.3284,66.5196],[106.0652,66.8167],[106.3284,66.5196],[106.3093,66.4952],[106.291,66.4704],[106.1998,66.4259],[106.19,66.2396],[106.186,66.181],[106.3284,66.5196],[106.186,66.181],[106.2885,66.1635],[106.4496,66.1133],[106.5028,66.0542],[106.4958,65.6887],[106.5028,66.0542],[106.186,66.181],[106.4958,65.6887],[107.0436,65.5211],[106.4958,65.6887],[106.1456,66.9196],[105.5235,67.0146],[107.0436,65.5211],[106.0447,65.0787],[106.0447,65.0787],[106.1915,64.8928],[106.1915,64.8928],[106.0829,64.8769],[106.0222,64.9176],[105.969,64.9131],[105.7255,64.5704],[105.969,64.9131],[106.1915,64.8928],[106.0447,65.0787],[107.0436,65.5211],[105.7255,64.5704],[106.1261,64.5207],[106.1261,64.5207],[106.1417,64.4745],[106.0985,64.4415],[106.1611,64.4071],[106.1611,64.4071],[106.6818,64.531],[106.1611,64.4071],[106.6818,64.531],[107.306,64.2654],[107.306,64.2654],[108.2249,64.1997],[107.306,64.2654],[108.2249,64.1997],[108.4198,64.0408],[108.2249,64.1997],[106.6818,64.531],[105.7255,64.5704],[108.4198,64.0408],[108.367,63.9842],[108.2906,63.9199],[108.211,63.959],[107.9738,63.9425],[107.8158,63.9507],[107.6406,63.9287],[107.6014,63.8604],[107.528,63.8386],[108.2906,63.9199],[107.528,63.8386],[106.6924,63.9296],[107.528,63.8386],[106.6924,63.9296],[106.7425,63.8555],[106.7595,63.7929],[106.5251,63.4844],[106.7595,63.7929],[106.5251,63.4844],[106.7431,63.3234],[106.5251,63.4844],[106.7431,63.3234],[106.3954,63.2734],[106.3954,63.2734],[106.3965,63.0534],[106.3965,63.0534],[106.3256,63.0302],[106.1746,63.0229],[106.3954,63.2734],[106.7431,63.3234],[106.1746,63.0229],[106.4822,62.6566],[106.4822,62.6566],[106.5527,62.612],[106.677,62.5892],[106.8076,62.5779],[106.8076,62.5779],[106.8015,62.5511],[106.7336,62.5199],[106.7465,62.4678],[106.1746,63.0229],[106.7465,62.4678],[106.367,62.2339],[106.367,62.2339],[106.3585,62.0062],[106.367,62.2339],[106.3585,62.0062],[105.8864,61.7926],[106.3585,62.0062],[105.8864,61.7926],[105.9007,61.7344],[105.9488,61.7],[105.9473,61.664],[105.9473,61.664],[104.9188,61.3432],[104.9188,61.3432],[105.0132,61.1888],[105.0132,61.1888],[104.5558,60.9861],[105.0132,61.1888],[104.9188,61.3432],[105.9473,61.664],[106.7465,62.4678],[106.6924,63.9296],[104.5558,60.9861],[104.5507,60.9097],[104.5759,60.872],[104.5645,60.8345],[104.4481,60.8058],[104.4481,60.8058],[104.4552,60.7605],[104.5357,60.7498],[104.5712,60.7118],[104.4925,60.6358],[104.4767,60.6029],[104.5597,60.5092],[104.4481,60.8058],[104.5597,60.5092],[104.7037,60.4259],[104.8091,60.3655],[104.933,60.3169],[105.4343,60.2648],[104.933,60.3169],[104.5597,60.5092],[105.4343,60.2648],[105.4936,59.8492],[105.4936,59.8492],[105.2904,59.848],[105.0578,59.8576],[104.9666,59.7647],[104.8372,59.7238],[104.7364,59.6728],[105.4936,59.8492],[104.7364,59.6728],[105.1451,59.4443],[105.1451,59.4443],[105.1601,59.3663],[105.1113,59.3198],[105.301,59.1011],[105.1113,59.3198],[105.1451,59.4443],[104.7364,59.6728],[105.4343,60.2648],[104.5558,60.9861],[108.4198,64.0408],[105.301,59.1011],[104.7336,58.8741],[104.7336,58.8741],[104.7083,58.8302],[104.7633,58.7662],[104.838,58.7371],[104.838,58.7371],[104.4347,58.6097],[104.838,58.7371],[104.4347,58.6097],[104.1931,58.7708],[104.1931,58.7708],[104.0521,58.7803],[103.9035,58.7425],[103.9035,58.7425],[103.9017,58.8522],[103.879,58.8931],[103.879,58.8931],[103.8066,58.9133],[103.7167,58.9111],[103.4685,58.9531],[103.4685,58.9531],[103.1736,59.1891],[103.1736,59.1891],[103.1775,59.2502],[103.3023,59.2511],[103.2983,59.2822],[103.4685,58.9531],[103.2983,59.2822],[102.4009,59.1673],[103.2983,59.2822],[104.4347,58.6097],[102.4009,59.1673],[102.3526,59.1188],[102.3209,59.0443],[102.4961,58.7518],[102.3209,59.0443],[102.4961,58.7518],[101.0772,58.1163],[101.0772,58.1163],[101.0653,58.0733],[101.148,58.0463],[100.9743,57.8789],[101.148,58.0463],[101.0772,58.1163],[100.9743,57.8789],[100.8566,57.8703],[100.7774,57.8925],[100.7144,57.8863],[100.7144,57.8863],[100.8729,57.5015],[100.8729,57.5015],[100.6625,57.4254],[100.8729,57.5015],[100.7144,57.8863],[102.4961,58.7518],[102.4009,59.1673],[100.6625,57.4254],[100.3441,57.5502],[100.3441,57.5502],[100.3233,57.7405],[100.3233,57.7405],[100.0049,57.8635],[100.0049,57.8635],[100.0448,58.0301],[100.0448,58.0301],[99.9909,58.0657],[99.9314,58.0902],[100.0049,57.8635],[100.3233,57.7405],[100.3441,57.5502],[99.9314,58.0902],[99.5624,58.0738],[99.5624,58.0738],[99.362,57.8016],[99.362,57.8016],[98.9923,57.7397],[99.362,57.8016],[99.5624,58.0738],[98.9923,57.7397],[97.851,57.8077],[98.9923,57.7397],[99.9314,58.0902],[100.6625,57.4254],[97.851,57.8077],[97.6726,57.571],[97.3363,57.1588],[97.2716,57.055],[97.4737,56.9957],[97.5494,56.9737],[97.4321,56.8086],[97.5494,56.9737],[97.4321,56.8086],[97.5373,56.7918],[97.6198,56.8109],[97.7228,56.7984],[97.7228,56.7984],[97.7026,56.6594],[97.6791,56.5869],[97.7604,56.5657],[97.8147,56.5759],[97.8331,56.5534],[97.791,56.4834],[97.8157,56.411],[97.6791,56.5869],[97.7228,56.7984],[97.2716,57.055],[97.8157,56.411],[97.6604,56.4034],[97.5404,56.3953],[97.4629,56.3855],[97.3602,56.1247],[97.3602,56.1247],[97.0655,56.1076],[97.0655,56.1076],[96.676,55.7888],[97.0655,56.1076],[97.3602,56.1247],[97.4629,56.3855],[96.676,55.7888],[96.8192,55.3352],[96.8192,55.3352],[96.5673,55.2697],[96.5673,55.2697],[96.6158,54.8628],[96.6158,54.8628],[96.4494,54.5436],[96.6158,54.8628],[96.5673,55.2697],[96.8192,55.3352],[96.676,55.7888],[96.4494,54.5436],[96.0088,54.5738],[96.0088,54.5738],[95.5991,54.3518],[96.0088,54.5738],[96.4494,54.5436],[97.8157,56.411],[95.5991,54.3518],[95.5929,54.3124],[95.582,54.2465],[96.6574,53.6729],[96.6574,53.6729],[96.6534,53.6518],[96.6255,53.5953],[95.582,54.2465],[95.5991,54.3518],[96.6255,53.5953],[94.6667,53.3872],[94.6667,53.3872],[94.4669,52.9365],[94.4669,52.9365],[94.3894,52.9223],[94.2494,52.9202],[94.1347,52.8835],[93.5953,52.2057],[94.1347,52.8835],[94.4669,52.9365],[93.5953,52.2057],[92.8262,51.852],[92.8262,51.852],[91.9503,51.7595],[92.8262,51.852],[93.5953,52.2057],[94.6667,53.3872],[96.6255,53.5953],[97.851,57.8077],[105.301,59.1011],[91.9503,51.7595],[90.7942,51.8794],[90.7942,51.8794],[90.452,52.1634],[90.7942,51.8794],[90.452,52.1634],[90.7003,52.4582],[90.7003,52.4582],[91.3963,52.868],[90.7003,52.4582],[91.3963,52.868],[91.408,52.9471],[91.3779,53.0237],[91.3511,53.0775],[91.3511,53.0775],[91.8413,53.2883],[91.3511,53.0775],[91.8413,53.2883],[91.8464,53.352],[91.8186,53.3874],[91.744,53.4468],[91.4697,53.5139],[91.744,53.4468],[91.4697,53.5139],[91.3266,53.8167],[91.3266,53.8167],[91.4639,54.0566],[91.3266,53.8167],[91.4639,54.0566],[91.159,54.4879],[91.159,54.4879],[91.0948,54.5239],[90.9664,54.5747],[90.855,54.6268],[90.855,54.6268],[90.8707,54.6638],[90.9153,54.7911],[91.4639,54.0566],[91.4697,53.5139],[91.8413,53.2883],[90.452,52.1634],[90.9153,54.7911],[90.4583,54.8708],[90.4583,54.8708],[90.4356,55.0164],[90.4356,55.0164],[90.1959,55.1515],[90.4356,55.0164],[90.4583,54.8708],[90.1959,55.1515],[89.2008,54.9904],[90.1959,55.1515],[89.2008,54.9904],[88.9502,55.2891],[88.9502,55.2891],[88.6361,55.4248],[88.9502,55.2891],[89.2008,54.9904],[90.9153,54.7911],[88.6361,55.4248],[89.4231,55.7801],[89.4231,55.7801],[89.0709,56.288],[89.0709,56.288],[88.719,56.3576],[88.719,56.3576],[88.4994,56.5546],[88.719,56.3576],[89.0709,56.288],[88.4994,56.5546],[88.6726,56.643],[88.6726,56.643],[88.6135,56.8719],[88.6135,56.8719],[88.6413,56.9124],[88.6898,56.9677],[88.7275,57.0192],[88.6726,56.643],[88.7275,57.0192],[88.5347,57.1048],[88.7275,57.0192],[88.5347,57.1048],[89.0906,57.4742],[89.0906,57.4742],[89.0688,57.4991],[89.0525,57.5282],[89.0488,57.5564],[89.0488,57.5564],[89.3624,57.6107],[89.0488,57.5564],[89.3624,57.6107],[89.3792,57.8309],[89.3624,57.6107],[88.5347,57.1048],[88.4994,56.5546],[89.4231,55.7801],[89.3792,57.8309],[88.0751,58.109],[88.0751,58.109],[87.9028,58.5023],[88.0751,58.109],[89.3792,57.8309],[87.9028,58.5023],[88.7823,59.0748],[87.9028,58.5023],[88.6361,55.4248],[88.7823,59.0748],[88.5494,59.2865],[88.5494,59.2865],[87.8655,59.243],[88.5494,59.2865],[87.8655,59.243],[87.4824,59.665],[87.4824,59.665],[87.1446,59.6706],[87.1446,59.6706],[86.9641,59.8842],[87.1446,59.6706],[87.4824,59.665],[87.8655,59.243],[86.9641,59.8842],[84.5925,59.9442],[86.9641,59.8842],[88.7823,59.0748],[84.5925,59.9442],[84.826,60.3349],[84.826,60.3349],[84.253,60.844],[84.826,60.3349],[84.253,60.844],[85.6618,61.2593],[85.6618,61.2593],[85.6537,61.3934],[85.6537,61.3934],[85.9643,61.4684],[85.6537,61.3934],[85.6618,61.2593],[84.253,60.844],[85.9643,61.4684],[84.7644,61.7887],[84.7644,61.7887],[84.4937,62.0675],[84.7644,61.7887],[84.4937,62.0675],[84.5151,62.153],[84.5145,62.1781],[84.5364,62.2272],[85.5913,63.0257],[84.5364,62.2272],[85.5913,63.0257],[85.6113,63.3609],[85.6113,63.3609],[85.122,63.5787],[85.6113,63.3609],[85.122,63.5787],[85.3146,63.6676],[85.3146,63.6676],[85.3565,63.8379],[85.3146,63.6676],[85.3565,63.8379],[85.9614,64.0516],[85.3565,63.8379],[85.9614,64.0516],[85.8554,64.7564],[85.9614,64.0516],[85.122,63.5787],[85.5913,63.0257],[84.4937,62.0675],[85.9643,61.4684],[84.5925,59.9442],[85.8554,64.7564],[84.3824,64.9327],[84.3824,64.9327],[84.4156,64.9556],[84.4495,64.9943],[84.3387,65.105],[84.4495,64.9943],[84.3387,65.105],[84.6534,65.2691],[84.3387,65.105],[84.6534,65.2691],[84.5479,65.4855],[84.6534,65.2691],[84.5479,65.4855],[84.179,65.567],[84.179,65.567],[84.3113,65.6575],[84.179,65.567],[84.3113,65.6575],[83.5731,65.7866],[84.3113,65.6575],[83.5731,65.7866],[83.3717,66.014],[83.3717,66.014],[83.6047,66.1426],[83.3717,66.014],[83.6047,66.1426],[83.1174,66.455],[83.6047,66.1426],[83.1174,66.455],[83.3521,66.6515],[83.3521,66.6515],[83.2938,66.6886],[83.2536,66.7378],[83.2396,66.7841],[83.1174,66.455],[83.2396,66.7841],[82.1747,67.2007],[83.2396,66.7841],[83.5731,65.7866],[84.5479,65.4855],[84.3824,64.9327],[82.1747,67.2007],[82.2528,67.2412],[82.3634,67.2878],[82.415,67.4994],[82.3634,67.2878],[82.415,67.4994],[81.7843,67.8831],[82.415,67.4994],[81.7843,67.8831],[82.4089,67.9245],[82.4089,67.9245],[82.4234,68.0673],[82.4234,68.0673],[82.7611,68.2607],[82.4234,68.0673],[82.4089,67.9245],[82.7611,68.2607],[82.7212,68.5506],[82.7212,68.5506],[82.7751,68.5569],[82.8819,68.5909],[82.945,68.6055],[82.945,68.6055],[82.4327,69.0298],[82.4327,69.0298],[82.4897,69.0487],[82.5423,69.0794],[82.5208,69.1018],[82.945,68.6055],[82.7611,68.2607],[81.7843,67.8831],[82.1747,67.2007],[82.5208,69.1018],[81.9471,69.1773],[81.9471,69.1773],[82.0788,69.3431],[82.0788,69.3431],[82.0002,69.3589],[81.901,69.3784],[81.7942,69.417],[81.9471,69.1773],[81.7942,69.417],[81.6267,69.2347],[81.6267,69.2347],[81.1545,69.1876],[81.6267,69.2347],[81.1545,69.1876],[80.007,69.3044],[81.1545,69.1876],[81.7942,69.417],[80.007,69.3044],[79.7019,69.4004],[79.7019,69.4004],[79.513,69.6209],[79.7019,69.4004],[79.513,69.6209],[79.381,69.6261],[79.2449,69.6327],[79.1172,69.6507],[80.007,69.3044],[82.5208,69.1018],[79.1172,69.6507],[78.9989,69.8693],[78.9989,69.8693],[79.4189,70.1199],[78.9989,69.8693],[79.4189,70.1199],[79.6288,70.0989],[79.6288,70.0989],[80.2811,70.3988],[79.6288,70.0989],[80.2811,70.3988],[80.8979,70.3707],[80.2811,70.3988],[80.8979,70.3707],[80.7752,70.4749],[80.7752,70.4749],[80.8071,70.5185],[80.8829,70.5635],[80.9412,70.6279],[80.8979,70.3707],[79.4189,70.1199],[80.9412,70.6279],[80.9091,70.6524],[80.8365,70.6585],[80.7671,70.6927],[80.8047,70.7234],[80.8386,70.7623],[80.8537,70.7935],[80.6406,71.044],[80.8537,70.7935],[80.7671,70.6927],[80.6406,71.044],[79.9523,71.1327],[79.9523,71.1327],[79.3295,71.4182],[79.9523,71.1327],[80.6406,71.044],[79.3295,71.4182],[79.4478,71.598],[79.4478,71.598],[80.0369,71.6304],[80.0369,71.6304],[80.4705,71.8474],[80.4705,71.8474],[80.4984,71.8705],[80.4354,71.9217],[80.0369,71.6304],[79.4478,71.598],[79.3295,71.4182],[80.4354,71.9217],[79.0047,72.1132],[79.0047,72.1132],[78.5095,72.3788],[79.0047,72.1132],[80.4354,71.9217],[80.9412,70.6279],[79.1172,69.6507],[85.8554,64.7564],[91.9503,51.7595],[78.5095,72.3788],[79.4703,72.3452],[79.4703,72.3452],[80.6056,72.0998],[79.4703,72.3452],[80.6056,72.0998],[81.663,71.6843],[80.6056,72.0998],[81.663,71.6843],[82.8449,71.7627],[82.8449,71.7627],[83.3079,71.6739],[82.8449,71.7627],[81.663,71.6843],[83.3079,71.6739],[82.9763,71.5275],[82.9763,71.5275],[82.9994,71.402],[82.9763,71.5275],[82.9994,71.402],[82.2426,71.2503],[82.9994,71.402],[82.2426,71.2503],[82.3246,71.0638],[82.3246,71.0638],[82.1954,70.9994],[82.3246,71.0638],[82.1954,70.9994],[82.4163,70.7395],[82.1954,70.9994],[82.4163,70.7395],[82.0874,70.5612],[82.0874,70.5612],[82.156,70.4683],[82.156,70.4683],[81.8099,70.2113],[82.156,70.4683],[82.0874,70.5612],[82.4163,70.7395],[82.2426,71.2503],[81.8099,70.2113],[82.1614,70.4535],[82.1614,70.4535],[82.2735,70.298],[82.2735,70.298],[82.019,70.2814],[82.2735,70.298],[82.019,70.2814],[82.3614,70.1649],[82.019,70.2814],[82.3614,70.1649],[82.2051,70.0506],[82.3614,70.1649],[82.2051,70.0506],[82.6624,70.1445],[82.6624,70.1445],[82.9952,70.0231],[82.9952,70.0231],[82.709,69.9974],[82.9952,70.0231],[82.709,69.9974],[83.1652,69.9289],[83.1652,69.9289],[83.5167,69.7187],[83.1652,69.9289],[82.709,69.9974],[83.5167,69.7187],[83.962,69.7257],[83.962,69.7257],[84.4124,69.5629],[83.962,69.7257],[83.5167,69.7187],[82.6624,70.1445],[82.2051,70.0506],[82.1614,70.4535],[81.8099,70.2113],[83.3079,71.6739],[84.4124,69.5629],[84.5168,69.6284],[84.5168,69.6284],[83.1476,70.0745],[84.5168,69.6284],[83.1476,70.0745],[82.9876,70.2875],[83.1476,70.0745],[82.9876,70.2875],[83.5497,70.308],[83.5497,70.308],[83.7854,70.4527],[83.5497,70.308],[83.7854,70.4527],[83.421,70.9933],[83.421,70.9933],[83.1605,71.11],[83.421,70.9933],[83.1605,71.11],[83.2672,71.1287],[83.2672,71.1287],[83.1544,71.2339],[83.2672,71.1287],[83.1544,71.2339],[83.6517,71.6268],[83.1544,71.2339],[83.1605,71.11],[83.7854,70.4527],[82.9876,70.2875],[83.6517,71.6268],[83.3041,71.8362],[83.3041,71.8362],[82.6959,71.8626],[83.3041,71.8362],[82.6959,71.8626],[82.2599,72.0932],[82.2599,72.0932],[82.474,72.1341],[82.2599,72.0932],[82.474,72.1341],[81.9645,72.3378],[82.474,72.1341],[82.6959,71.8626],[81.9645,72.3378],[80.8614,72.438],[81.9645,72.3378],[80.8614,72.438],[80.7735,72.5058],[80.7735,72.5058],[80.9379,72.608],[80.7735,72.5058],[80.9379,72.608],[80.6855,72.6769],[80.9379,72.608],[80.6855,72.6769],[80.896,72.7911],[80.896,72.7911],[80.817,73.018],[80.896,72.7911],[80.6855,72.6769],[80.817,73.018],[80.3139,73.1642],[80.817,73.018],[80.3139,73.1642],[80.8092,73.1932],[80.8092,73.1932],[80.3499,73.2894],[80.3499,73.2894],[80.7362,73.4298],[80.7362,73.4298],[80.5342,73.543],[80.7362,73.4298],[80.3499,73.2894],[80.8092,73.1932],[80.3139,73.1642],[80.8614,72.438],[83.6517,71.6268],[80.5342,73.543],[87.1027,73.847],[87.1027,73.847],[87.2143,73.8723],[86.9233,74.0232],[87.2143,73.8723],[86.9233,74.0232],[87.4539,74.0753],[86.9233,74.0232],[87.4539,74.0753],[86.8901,74.0526],[86.8901,74.0526],[86.6787,74.2282],[86.6787,74.2282],[85.8993,74.3589],[86.6787,74.2282],[86.8901,74.0526],[87.4539,74.0753],[85.8993,74.3589],[86.302,74.3186],[86.302,74.3186],[86.0678,74.4265],[86.0678,74.4265],[86.5507,74.4759],[86.0678,74.4265],[86.302,74.3186],[86.5507,74.4759],[86.9846,74.4022],[86.9846,74.4022],[86.7375,74.3144],[86.7375,74.3144],[87.0143,74.2713],[86.7375,74.3144],[86.9846,74.4022],[86.5507,74.4759],[87.0143,74.2713],[87.031,74.386],[87.031,74.386],[87.3721,74.3585],[87.031,74.386],[87.3721,74.3585],[87.3197,74.438],[87.3721,74.3585],[87.0143,74.2713],[85.8993,74.3589],[87.3197,74.438],[87.2153,74.3612],[87.2153,74.3612],[87.0442,74.4088],[87.0442,74.4088],[87.1344,74.4874],[87.0442,74.4088],[87.1344,74.4874],[86.7917,74.4233],[86.7917,74.4233],[86.5701,74.5069],[86.5701,74.5069],[86.7726,74.5569],[86.5701,74.5069],[86.7726,74.5569],[85.7513,74.6534],[86.7726,74.5569],[86.7917,74.4233],[87.1344,74.4874],[87.2153,74.3612],[87.3197,74.438],[85.7513,74.6534],[86.1207,74.8351],[86.1207,74.8351],[86.9677,74.5991],[86.1207,74.8351],[86.9677,74.5991],[86.7535,74.7044],[86.7535,74.7044],[87.0731,74.7218],[87.0731,74.7218],[87.0775,74.8563],[87.0775,74.8563],[87.3943,74.9471],[87.0775,74.8563],[87.3943,74.9471],[87.198,74.9844],[87.3943,74.9471],[87.0731,74.7218],[86.7535,74.7044],[87.198,74.9844],[87.7507,74.9974],[87.198,74.9844],[87.7507,74.9974],[86.9652,75.1323],[87.7507,74.9974],[86.9677,74.5991],[85.7513,74.6534],[86.9652,75.1323],[88.2482,75.1355],[88.2482,75.1355],[88.875,75.3832],[88.875,75.3832],[89.2306,75.3507],[88.875,75.3832],[89.2306,75.3507],[88.7451,75.3946],[88.7451,75.3946],[89.3071,75.5097],[88.7451,75.3946],[89.2306,75.3507],[89.3071,75.5097],[89.7568,75.4326],[89.7568,75.4326],[90.2911,75.5971],[90.2911,75.5971],[91.6923,75.6238],[91.6923,75.6238],[91.7063,75.7293],[91.7063,75.7293],[94.1073,75.9143],[91.7063,75.7293],[91.6923,75.6238],[90.2911,75.5971],[89.7568,75.4326],[89.3071,75.5097],[88.2482,75.1355],[94.1073,75.9143],[93.4928,75.8709],[93.4928,75.8709],[93.2875,75.9832],[93.4928,75.8709],[93.2875,75.9832],[92.8707,75.8863],[93.2875,75.9832],[92.8707,75.8863],[92.927,76.0475],[92.927,76.0475],[93.276,76.1144],[92.927,76.0475],[92.8707,75.8863],[94.1073,75.9143],[93.276,76.1144],[93.4976,76.0971],[93.4976,76.0971],[93.3627,76.0669],[93.3627,76.0669],[93.4299,76.0092],[93.3627,76.0669],[93.4976,76.0971],[93.4299,76.0092],[94.0278,76.047],[94.0278,76.047],[93.7188,76.1185],[94.0278,76.047],[93.7188,76.1185],[94.6694,76.0789],[93.7188,76.1185],[94.6694,76.0789],[94.8055,76.1339],[94.8055,76.1339],[94.611,76.1544],[94.8055,76.1339],[94.6694,76.0789],[94.611,76.1544],[96.1398,76.1057],[94.611,76.1544],[93.4299,76.0092],[96.1398,76.1057],[95.6204,75.8702],[95.6204,75.8702],[95.7249,75.8287],[95.6204,75.8702],[96.1398,76.1057],[95.7249,75.8287],[96.4445,76.0041],[96.4445,76.0041],[96.7184,75.9717],[96.7184,75.9717],[96.4752,75.8594],[96.7184,75.9717],[96.4752,75.8594],[97.2978,76.023],[97.2978,76.023],[97.1806,75.9241],[97.1806,75.9241],[97.8625,75.9708],[97.1806,75.9241],[97.2978,76.023],[96.4752,75.8594],[96.4445,76.0041],[97.8625,75.9708],[97.5742,76.0399],[97.5742,76.0399],[98.2245,76.0664],[98.2245,76.0664],[97.9758,76.1162],[97.9758,76.1162],[98.857,76.2539],[97.9758,76.1162],[98.2245,76.0664],[97.5742,76.0399],[97.8625,75.9708],[98.857,76.2539],[99.6226,76.0811],[98.857,76.2539],[95.7249,75.8287],[93.276,76.1144],[99.6226,76.0811],[99.764,76.1508],[99.764,76.1508],[98.901,76.4769],[99.764,76.1508],[98.901,76.4769],[100.9911,76.5125],[100.9911,76.5125],[101.3212,76.7004],[101.3212,76.7004],[100.9856,76.7959],[100.9856,76.7959],[101.0795,76.9538],[100.9856,76.7959],[101.3212,76.7004],[101.0795,76.9538],[101.3491,76.9654],[101.3491,76.9654],[101.4189,77.0362],[101.4189,77.0362],[101.2848,77.0442],[101.4189,77.0362],[101.2848,77.0442],[102.1476,77.3599],[101.2848,77.0442],[101.3491,76.9654],[101.0795,76.9538],[102.1476,77.3599],[102.4078,77.3334],[102.4078,77.3334],[103.2602,77.6359],[102.4078,77.3334],[103.2602,77.6359],[104.7247,77.6965],[103.2602,77.6359],[102.1476,77.3599],[100.9911,76.5125],[98.901,76.4769],[99.6226,76.0811],[86.9652,75.1323],[87.1027,73.847],[80.5342,73.543],[84.4124,69.5629],[104.7247,77.6965],[104.989,77.5798],[104.989,77.5798],[105.9185,77.5636],[104.989,77.5798],[105.9185,77.5636],[106.016,77.4229],[106.016,77.4229],[106.3002,77.3778],[106.016,77.4229],[105.9185,77.5636],[106.3002,77.3778],[105.5216,77.3568],[105.5216,77.3568],[105.8336,77.3583],[105.8336,77.3583],[105.2704,77.2607],[105.2704,77.2607],[105.5933,77.276],[105.5933,77.276],[105.4777,77.2127],[105.5933,77.276],[105.2704,77.2607],[105.8336,77.3583],[105.4777,77.2127],[104.2433,77.0831],[105.4777,77.2127],[105.5216,77.3568],[106.3002,77.3778],[104.2433,77.0831],[105.9327,77.1271],[105.9327,77.1271],[105.4782,77.0052],[105.4782,77.0052],[105.6289,76.9682],[105.4782,77.0052],[105.6289,76.9682],[106.8569,77.0484],[106.8569,77.0484],[107.5377,76.9118],[106.8569,77.0484],[105.6289,76.9682],[105.9327,77.1271],[104.2433,77.0831],[107.5377,76.9118],[106.789,76.7147],[106.789,76.7147],[106.8588,76.6606],[106.8588,76.6606],[106.6628,76.5312],[106.8588,76.6606],[106.789,76.7147],[106.6628,76.5312],[106.443,76.567],[106.6628,76.5312],[106.443,76.567],[106.6032,76.4737],[106.443,76.567],[107.5377,76.9118],[106.6032,76.4737],[107.7114,76.4928],[107.7114,76.4928],[108.0102,76.572],[108.0102,76.572],[107.9743,76.7196],[108.0102,76.572],[107.9743,76.7196],[108.2866,76.7502],[107.9743,76.7196],[107.7114,76.4928],[108.2866,76.7502],[110.1089,76.6804],[110.1089,76.6804],[111.1952,76.7737],[110.1089,76.6804],[108.2866,76.7502],[111.1952,76.7737],[112.2495,76.4724],[112.2495,76.4724],[111.9627,76.3488],[111.9627,76.3488],[111.949,76.2156],[111.9627,76.3488],[112.2495,76.4724],[111.949,76.2156],[111.965,76.3268],[111.965,76.3268],[112.3798,76.4528],[111.965,76.3268],[112.3798,76.4528],[112.8291,76.3229],[112.8291,76.3229],[112.7525,76.2055],[112.7525,76.2055],[112.488,76.2338],[112.7525,76.2055],[112.488,76.2338],[112.8627,76.1311],[112.8627,76.1311],[112.616,76.0518],[112.8627,76.1311],[112.488,76.2338],[112.8291,76.3229],[112.616,76.0518],[113.3615,76.1211],[113.3615,76.1211],[112.9721,76.2328],[112.9721,76.2328],[113.2978,76.253],[112.9721,76.2328],[113.3615,76.1211],[113.2978,76.253],[113.468,76.1622],[113.468,76.1622],[113.581,75.8769],[113.468,76.1622],[113.581,75.8769],[113.9198,75.877],[113.581,75.8769],[113.2978,76.253],[112.616,76.0518],[112.3798,76.4528],[111.949,76.2156],[111.1952,76.7737],[106.6032,76.4737],[113.9198,75.877],[113.5388,75.5355],[113.5388,75.5355],[113.3809,75.5509],[113.3809,75.5509],[113.5929,75.654],[113.3809,75.5509],[113.5929,75.654],[112.2479,75.8559],[113.5929,75.654],[113.5388,75.5355],[112.2479,75.8559],[112.8387,75.7395],[112.8387,75.7395],[112.6029,75.698],[112.6029,75.698],[112.8675,75.6337],[112.8675,75.6337],[112.7839,75.5476],[112.8675,75.6337],[112.6029,75.698],[112.8387,75.7395],[112.7839,75.5476],[113.2672,75.6628],[113.2672,75.6628],[113.3436,75.535],[113.3436,75.535],[113.7477,75.4319],[113.3436,75.535],[113.2672,75.6628],[112.7839,75.5476],[113.7477,75.4319],[113.524,75.3848],[113.524,75.3848],[113.6929,75.3721],[113.6929,75.3721],[113.5097,75.2104],[113.6929,75.3721],[113.524,75.3848],[113.5097,75.2104],[112.7696,74.9423],[112.7696,74.9423],[112.1334,74.8842],[112.7696,74.9423],[112.1334,74.8842],[111.7962,74.6524],[112.1334,74.8842],[113.5097,75.2104],[113.7477,75.4319],[112.2479,75.8559],[111.7962,74.6524],[110.2004,74.498],[110.2004,74.498],[110.4231,74.4461],[110.4231,74.4461],[110.1619,74.3556],[110.4231,74.4461],[110.1619,74.3556],[109.3703,74.2817],[110.1619,74.3556],[110.2004,74.498],[109.3703,74.2817],[109.9179,74.3194],[109.9179,74.3194],[109.8715,74.1948],[109.9179,74.3194],[109.8715,74.1948],[109.0802,74.0458],[109.0802,74.0458],[108.5313,73.7864],[109.0802,74.0458],[108.5313,73.7864],[108.3035,73.8236],[108.5313,73.7864],[108.3035,73.8236],[108.4188,73.7556],[108.4188,73.7556],[108.2123,73.6661],[108.4188,73.7556],[108.3035,73.8236],[109.8715,74.1948],[109.3703,74.2817],[108.2123,73.6661],[106.1343,73.6499],[108.2123,73.6661],[111.7962,74.6524],[106.1343,73.6499],[107.0533,73.4848],[107.0533,73.4848],[106.7842,73.3099],[106.7842,73.3099],[106.1297,73.2593],[106.7842,73.3099],[106.1297,73.2593],[105.7222,72.8814],[105.7222,72.8814],[105.2565,72.7821],[105.7222,72.8814],[105.2565,72.7821],[105.4756,72.7353],[105.2565,72.7821],[106.1297,73.2593],[107.0533,73.4848],[105.4756,72.7353],[105.9836,72.8323],[105.9836,72.8323],[106.3659,73.1774],[105.9836,72.8323],[106.3659,73.1774],[108.1073,73.2267],[108.1073,73.2267],[108.5141,73.0911],[108.1073,73.2267],[106.3659,73.1774],[108.5141,73.0911],[108.4078,73.2244],[108.4078,73.2244],[108.5718,73.2554],[108.4078,73.2244],[108.5718,73.2554],[108.2182,73.2806],[108.5718,73.2554],[108.2182,73.2806],[110.8913,73.6766],[108.2182,73.2806],[110.8913,73.6766],[110.659,73.793],[110.659,73.793],[109.6677,73.6734],[110.659,73.793],[109.6677,73.6734],[109.5322,73.8184],[109.5322,73.8184],[109.9642,73.9986],[109.5322,73.8184],[109.6677,73.6734],[110.8913,73.6766],[109.9642,73.9986],[110.984,73.8975],[110.984,73.8975],[111.5223,74.045],[110.984,73.8975],[109.9642,73.9986],[108.5141,73.0911],[105.4756,72.7353],[111.5223,74.045],[110.9353,73.783],[110.9353,73.783],[110.9238,73.7487],[110.915,73.7144],[110.8994,73.6963],[111.0736,73.6855],[111.1528,73.6375],[111.166,73.6124],[110.9353,73.783],[111.166,73.6124],[110.1348,73.4076],[111.166,73.6124],[110.1348,73.4076],[110.3304,73.3766],[110.549,73.3481],[110.5693,73.2926],[110.4441,73.254],[110.3623,73.2285],[110.4673,73.1806],[110.549,73.3481],[110.4673,73.1806],[110.6819,73.2047],[110.8645,73.1897],[110.9051,73.1652],[110.9051,73.1652],[110.8408,73.1286],[110.9269,73.0851],[110.9162,73.0432],[110.7848,73.0353],[110.7123,72.9954],[110.7123,72.9954],[110.881,72.9856],[110.719,72.808],[110.719,72.808],[110.7422,72.7298],[110.7803,72.651],[110.881,72.9856],[110.7123,72.9954],[110.7803,72.651],[111.2161,72.5387],[111.2161,72.5387],[111.2132,72.4796],[111.1123,72.4471],[111.0625,72.4073],[111.1462,72.3638],[111.2161,72.5387],[111.1462,72.3638],[111.3487,72.3667],[111.4296,72.3307],[111.5808,72.3322],[111.6896,72.2899],[111.692,72.2372],[111.6478,72.1917],[112.0149,72.1213],[111.6478,72.1917],[111.5808,72.3322],[111.1462,72.3638],[112.0149,72.1213],[112.0925,71.4313],[112.0925,71.4313],[112.7564,71.2618],[112.0925,71.4313],[112.0149,72.1213],[110.7803,72.651],[110.9051,73.1652],[110.1348,73.4076],[111.5223,74.045],[112.7564,71.2618],[112.3753,71.0184],[112.3753,71.0184],[110.2112,70.6602],[112.3753,71.0184],[110.2112,70.6602],[110.1171,70.5101],[110.1171,70.5101],[110.2251,70.4809],[110.2982,70.4635],[110.3455,70.4207],[110.3455,70.4207],[109.6712,70.384],[109.6712,70.384],[109.4213,70.2293],[109.6712,70.384],[110.3455,70.4207],[109.4213,70.2293],[109.4477,70.0641],[109.4477,70.0641],[109.5241,70.0468],[109.5833,70.0395],[109.5833,70.0395],[109.3551,69.7836],[109.5833,70.0395],[109.4213,70.2293],[110.2112,70.6602],[109.3551,69.7836],[108.3366,69.8434],[108.3366,69.8434],[107.9673,69.687],[107.9673,69.687],[106.3667,69.535],[107.9673,69.687],[108.3366,69.8434],[109.3551,69.7836],[112.7564,71.2618],[106.1343,73.6499],[113.9198,75.877],[104.7247,77.6965],[78.5095,72.3788],[106.3667,69.535]]],[[[84.3222,69.5783],[84.1977,69.6282],[84.1977,69.6282],[84.3238,69.5846],[84.1977,69.6282],[84.3222,69.5783]]],[],[],[[[83.5709,69.8604],[83.8377,69.7487],[83.8377,69.7487],[83.524,69.7466],[83.8377,69.7487],[83.524,69.7466],[83.5594,69.862],[83.524,69.7466],[83.5709,69.8604]]],[[[83.3528,69.8688],[83.2135,69.8969],[83.2135,69.8969],[83.3382,69.8852],[83.2135,69.8969],[83.3528,69.8688]]],[[[83.3617,70.0],[83.3956,69.9057],[83.3956,69.9057],[83.0833,70.0537],[83.3956,69.9057],[83.0833,70.0537],[83.3526,70.01],[83.0833,70.0537],[83.3617,70.0]]],[[[83.1327,70.0281],[83.4205,69.8361],[83.4205,69.8361],[82.9883,69.9732],[82.9883,69.9732],[82.8826,70.0791],[82.8826,70.0791],[83.0947,70.0371],[82.8826,70.0791],[82.9883,69.9732],[83.4205,69.8361],[83.1327,70.0281]]],[],[],[],[],[],[[[82.9163,70.1293],[82.8544,70.2211],[82.8544,70.2211],[82.9181,70.1354],[82.8544,70.2211],[82.9163,70.1293]]],[],[[[82.9619,70.217],[83.1189,70.1588],[83.1189,70.1588],[82.9396,70.1113],[83.1189,70.1588],[82.9396,70.1113],[82.9239,70.2337],[82.9396,70.1113],[82.9619,70.217]]],[],[],[],[[[82.4317,70.2476],[82.5955,70.2118],[82.5955,70.2118],[82.431,70.2615],[82.5955,70.2118],[82.4317,70.2476]]],[],[],[],[],[[[82.5508,70.2548],[82.2815,70.3957],[82.2815,70.3957],[82.5441,70.2647],[82.2815,70.3957],[82.5508,70.2548]]],[],[],[[[82.8252,70.4158],[82.6915,70.4427],[82.6915,70.4427],[82.8217,70.4201],[82.6915,70.4427],[82.8252,70.4158]]],[],[],[],[],[],[[[83.6337,70.5158],[83.4033,70.3856],[83.4033,70.3856],[83.6254,70.5194],[83.4033,70.3856],[83.6337,70.5158]]],[[[83.1426,70.5144],[83.3094,70.4557],[83.3094,70.4557],[83.0637,70.3704],[83.3094,70.4557],[83.0637,70.3704],[83.1165,70.5204],[83.0637,70.3704],[83.1426,70.5144]]],[],[[[83.5859,70.5558],[83.4972,70.4586],[83.4972,70.4586],[83.3657,70.5308],[83.4972,70.4586],[83.3657,70.5308],[83.5882,70.5621],[83.3657,70.5308],[83.5859,70.5558]]],[],[],[],[[[82.4106,70.596],[82.9328,70.3655],[82.9328,70.3655],[82.6604,70.2343],[82.9328,70.3655],[82.6604,70.2343],[82.2235,70.4289],[82.2235,70.4289],[82.4024,70.5961],[82.2235,70.4289],[82.6604,70.2343],[82.4106,70.596]]],[],[],[[[83.3493,70.5617],[83.4066,70.6527],[83.4066,70.6527],[83.3738,70.5649],[83.4066,70.6527],[83.3493,70.5617]]],[],[],[],[[[83.2525,70.5786],[83.112,70.5297],[83.112,70.5297],[83.1781,70.6965],[83.112,70.5297],[83.1781,70.6965],[83.2694,70.588],[83.1781,70.6965],[83.2525,70.5786]]],[],[],[[[83.0364,70.5634],[82.9145,70.6879],[82.9145,70.6879],[83.1477,70.7592],[83.1477,70.7592],[83.0594,70.5769],[83.1477,70.7592],[82.9145,70.6879],[83.0364,70.5634]]],[[[82.6566,70.4905],[82.4407,70.663],[82.4407,70.663],[82.6102,70.7643],[82.4407,70.663],[82.6102,70.7643],[83.0526,70.4567],[83.0526,70.4567],[82.9424,70.3787],[82.9424,70.3787],[82.6684,70.4922],[82.9424,70.3787],[83.0526,70.4567],[82.6102,70.7643],[82.6566,70.4905]]],[[[83.3545,70.7551],[83.4161,70.6664],[83.4161,70.6664],[83.2262,70.6728],[83.4161,70.6664],[83.2262,70.6728],[83.3354,70.7723],[83.2262,70.6728],[83.3545,70.7551]]],[],[],[],[],[],[],[],[],[[[82.8439,70.9433],[82.9648,70.7709],[82.9648,70.7709],[82.9652,70.8924],[82.9652,70.8924],[83.1433,70.7858],[82.9652,70.8924],[82.9648,70.7709],[83.1433,70.7858],[82.8993,70.6859],[82.8993,70.6859],[82.9407,70.5457],[82.8993,70.6859],[83.1433,70.7858],[82.9407,70.5457],[82.6527,70.7606],[82.6527,70.7606],[82.8273,70.9393],[82.6527,70.7606],[82.9407,70.5457],[82.8439,70.9433]]],[[[82.7541,70.9427],[82.5268,70.7524],[82.5268,70.7524],[82.6775,70.946],[82.5268,70.7524],[82.7541,70.9427]]],[],[[[83.1619,70.9399],[83.1898,70.8374],[83.1898,70.8374],[83.034,70.9294],[83.034,70.9294],[83.1462,70.9425],[83.034,70.9294],[83.1898,70.8374],[83.1619,70.9399]]],[],[[[82.3712,70.9724],[82.5036,70.9217],[82.5036,70.9217],[82.3541,70.8653],[82.5036,70.9217],[82.3541,70.8653],[82.3661,70.9756],[82.3541,70.8653],[82.3712,70.9724]]],[],[],[],[],[],[],[],[],[],[],[],[],[],[],[],[],[[[79.2954,73.0955],[79.1691,73.0816],[79.1691,73.0816],[79.508,72.9204],[79.508,72.9204],[79.5281,72.7136],[79.508,72.9204],[79.1691,73.0816],[79.5281,72.7136],[78.8757,72.7374],[79.5281,72.7136],[78.8757,72.7374],[78.6201,72.8556],[78.6201,72.8556],[79.2714,73.0983],[78.6201,72.8556],[78.8757,72.7374],[79.2954,73.0955]]],[],[],[],[],[[[79.2278,73.2462],[78.7686,73.1821],[78.7686,73.1821],[79.1749,73.2492],[78.7686,73.1821],[79.2278,73.2462]]],[],[],[],[],[],[[[80.4481,73.5053],[80.2417,73.4911],[80.2417,73.4911],[80.4505,73.5088],[80.2417,73.4911],[80.4481,73.5053]]],[],[],[],[],[],[],[],[],[[[86.8292,73.9381],[86.5386,73.9316],[86.5386,73.9316],[86.813,73.9446],[86.5386,73.9316],[86.8292,73.9381]]],[],[[[86.5882,73.8905],[86.315,73.9736],[86.315,73.9736],[86.5926,73.8908],[86.315,73.9736],[86.5882,73.8905]]],[],[[[86.6802,73.9779],[86.5612,73.9685],[86.5612,73.9685],[86.6821,73.9827],[86.5612,73.9685],[86.6802,73.9779]]],[],[[[84.4158,74.0223],[83.8671,74.0007],[83.8671,74.0007],[84.4066,74.0257],[83.8671,74.0007],[84.4158,74.0223]]],[],[],[],[],[[[86.9293,73.9822],[86.7842,74.0223],[86.7842,74.0223],[86.9348,73.9891],[86.7842,74.0223],[86.9293,73.9822]]],[],[],[],[],[],[],[],[],[],[[[83.5614,74.1072],[82.8964,74.0605],[82.8964,74.0605],[83.4936,74.1208],[82.8964,74.0605],[83.5614,74.1072]]],[[[82.738,74.0511],[82.4514,74.0703],[82.4514,74.0703],[82.5762,74.1363],[82.4514,74.0703],[82.5762,74.1363],[82.8428,74.1061],[82.8428,74.1061],[82.7509,74.0543],[82.8428,74.1061],[82.5762,74.1363],[82.738,74.0511]]],[],[],[[[85.3817,74.1852],[85.7494,74.1405],[85.7494,74.1405],[85.3835,74.1954],[85.7494,74.1405],[85.3817,74.1852]]],[],[],[],[],[[[111.2085,74.2776],[111.0636,74.3145],[111.0636,74.3145],[111.2099,74.2866],[111.0636,74.3145],[111.2085,74.2776]]],[],[],[],[],[],[],[],[[[84.3554,74.433],[84.2371,74.4632],[84.2371,74.4632],[84.3603,74.4395],[84.2371,74.4632],[84.3554,74.433]]],[],[],[[[84.9167,74.5147],[84.5598,74.4632],[84.5598,74.4632],[84.8095,74.4016],[84.5598,74.4632],[84.8095,74.4016],[84.4523,74.452],[84.4523,74.452],[84.9079,74.5129],[84.4523,74.452],[84.8095,74.4016],[84.9167,74.5147]]],[],[],[[[112.4941,74.5249],[113.4315,74.4311],[113.4315,74.4311],[113.4378,74.3324],[113.4378,74.3324],[112.8262,74.0809],[113.4378,74.3324],[113.4315,74.4311],[112.8262,74.0809],[111.4919,74.2917],[111.4919,74.2917],[112.041,74.3697],[112.041,74.3697],[112.0178,74.548],[112.041,74.3697],[112.0178,74.548],[112.4192,74.5262],[112.0178,74.548],[111.4919,74.2917],[112.8262,74.0809],[112.4941,74.5249]]],[[[85.3367,74.5703],[85.6602,74.5177],[85.6602,74.5177],[85.1772,74.4786],[85.6602,74.5177],[85.1772,74.4786],[85.3192,74.5747],[85.1772,74.4786],[85.3367,74.5703]]],[],[],[[[86.1156,74.5519],[85.6552,74.4734],[85.6552,74.4734],[86.1118,74.5641],[85.6552,74.4734],[86.1156,74.5519]]],[],[[[79.3624,74.6107],[79.5949,74.5774],[79.5949,74.5774],[79.3141,74.5268],[79.5949,74.5774],[79.3141,74.5268],[79.2091,74.5783],[79.2091,74.5783],[79.3359,74.6157],[79.2091,74.5783],[79.3141,74.5268],[79.3624,74.6107]]],[],[],[],[[[85.5098,74.8024],[85.65,74.7053],[85.65,74.7053],[85.1059,74.7529],[85.1059,74.7529],[85.4898,74.8014],[85.1059,74.7529],[85.65,74.7053],[85.5098,74.8024]]],[],[],[],[],[],[[[85.9436,74.8703],[85.7545,74.7921],[85.7545,74.7921],[85.9398,74.8708],[85.7545,74.7921],[85.9436,74.8703]]],[],[],[[[85.5985,74.8821],[85.7046,74.8831],[85.7046,74.8831],[85.5996,74.8867],[85.7046,74.8831],[85.5985,74.8821]]],[],[],[[[87.0764,74.9772],[87.1972,74.9437],[87.1972,74.9437],[87.1037,74.8906],[87.1972,74.9437],[87.1037,74.8906],[86.7206,74.9035],[87.1037,74.8906],[86.7206,74.9035],[86.8987,74.8055],[86.7206,74.9035],[86.8987,74.8055],[86.2905,74.8641],[86.8987,74.8055],[86.2905,74.8641],[87.0632,74.9818],[86.2905,74.8641],[87.0764,74.9772]]],[],[],[],[],[],[],[],[[[82.1265,75.2273],[82.0978,75.3184],[82.0978,75.3184],[82.1401,75.2322],[82.0978,75.3184],[82.1265,75.2273]]],[],[[[81.9544,75.4445],[82.3126,75.3569],[82.3126,75.3569],[82.0382,75.3225],[82.0382,75.3225],[82.0299,75.1587],[82.0382,75.3225],[82.3126,75.3569],[82.0299,75.1587],[81.9058,75.3063],[81.9058,75.3063],[81.6192,75.2895],[81.9058,75.3063],[82.0299,75.1587],[81.6192,75.2895],[82.1432,75.162],[82.1432,75.162],[82.0279,75.1053],[82.1432,75.162],[81.6192,75.2895],[82.0279,75.1053],[81.5934,75.3025],[81.5934,75.3025],[81.6821,75.4037],[81.6821,75.4037],[82.0739,75.3901],[81.6821,75.4037],[82.0739,75.3901],[81.897,75.4517],[82.0739,75.3901],[81.5934,75.3025],[82.0279,75.1053],[81.9544,75.4445]]],[],[[[82.2098,75.5076],[82.1634,75.4126],[82.1634,75.4126],[81.8975,75.4847],[81.8975,75.4847],[82.2744,75.5155],[81.8975,75.4847],[82.1634,75.4126],[82.2098,75.5076]]],[],[],[],[],[],[[[88.0754,75.6355],[87.9181,75.6276],[87.9181,75.6276],[88.0688,75.6506],[87.9181,75.6276],[88.0754,75.6355]]],[],[],[],[],[],[],[[[92.8688,75.8476],[92.6503,75.8271],[92.6503,75.8271],[92.8656,75.8524],[92.6503,75.8271],[92.8688,75.8476]]],[],[],[],[],[],[],[[[82.7743,75.9781],[83.1441,75.9166],[83.1441,75.9166],[82.3225,75.9419],[83.1441,75.9166],[82.3225,75.9419],[82.7537,75.9838],[82.3225,75.9419],[82.7743,75.9781]]],[],[],[],[],[],[],[],[[[97.1814,76.0049],[96.7312,75.9993],[96.7312,75.9993],[97.3498,76.1074],[97.3498,76.1074],[97.1922,76.0075],[97.3498,76.1074],[96.7312,75.9993],[97.1814,76.0049]]],[],[],[],[],[],[],[],[],[],[],[],[[[95.0,76.2749],[94.9064,76.1751],[94.9064,76.1751],[94.4901,76.1834],[94.9064,76.1751],[94.4901,76.1834],[94.9744,76.2791],[94.4901,76.1834],[95.0,76.2749]]],[],[[[95.8974,76.2619],[96.6882,76.2513],[96.6882,76.2513],[96.5391,76.1279],[96.5391,76.1279],[96.4821,76.2628],[96.4821,76.2628],[96.2577,76.2057],[96.4821,76.2628],[96.5391,76.1279],[96.2577,76.2057],[96.4718,76.1626],[96.4718,76.1626],[96.3382,76.0983],[96.4718,76.1626],[96.2577,76.2057],[96.3382,76.0983],[95.3127,76.2248],[95.3127,76.2248],[95.8881,76.2677],[95.3127,76.2248],[96.3382,76.0983],[96.6882,76.2513],[95.8974,76.2619]]],[[[96.5149,76.3341],[96.7607,76.3226],[96.7607,76.3226],[96.5087,76.3401],[96.7607,76.3226],[96.5149,76.3341]]],[[[96.9498,76.3076],[97.1109,76.2769],[97.1109,76.2769],[96.7405,76.1848],[97.1109,76.2769],[96.7405,76.1848],[97.0817,76.2159],[96.7405,76.1848],[97.0817,76.2159],[96.6698,76.1723],[96.6698,76.1723],[96.9584,76.317],[96.6698,76.1723],[97.0817,76.2159],[96.9498,76.3076]]],[],[],[],[],[],[],[],[],[],[],[],[],[],[],[],[],[],[[[112.7566,76.4253],[112.5508,76.4005],[112.5508,76.4005],[112.7156,76.4545],[112.5508,76.4005],[112.7566,76.4253]]],[],[],[],[],[],[],[],[],[],[],[],[],[],[],[],[],[[[94.2354,76.5874],[93.9604,76.5802],[93.9604,76.5802],[94.2239,76.5912],[93.9604,76.5802],[94.2354,76.5874]]],[],[[[112.3534,76.6475],[112.7757,76.5264],[112.7757,76.5264],[112.6381,76.424],[112.7757,76.5264],[112.6381,76.424],[112.0204,76.5946],[112.0204,76.5946],[112.3509,76.6475],[112.0204,76.5946],[112.6381,76.424],[112.3534,76.6475]]],[],[],[],[],[],[],[[[95.6234,76.6521],[95.8569,76.6615],[95.8569,76.6615],[95.6327,76.6604],[95.8569,76.6615],[95.6234,76.6521]]],[[[96.2385,76.6947],[96.4535,76.6908],[96.4535,76.6908],[96.337,76.6172],[96.4535,76.6908],[96.337,76.6172],[95.9006,76.5829],[96.337,76.6172],[95.9006,76.5829],[96.2224,76.6958],[95.9006,76.5829],[96.2385,76.6947]]],[[[95.2637,76.6545],[94.8337,76.6427],[94.8337,76.6427],[95.2764,76.6639],[94.8337,76.6427],[95.2637,76.6545]]],[],[],[[[97.4753,76.6843],[97.6534,76.5871],[97.6534,76.5871],[97.3427,76.589],[97.6534,76.5871],[97.3427,76.589],[97.4635,76.6504],[97.4635,76.6504],[97.3222,76.6778],[97.4635,76.6504],[97.3222,76.6778],[97.471,76.692],[97.3222,76.6778],[97.3427,76.589],[97.4753,76.6843]]],[],[],[],[],[[[95.8544,76.7335],[95.7109,76.7022],[95.7109,76.7022],[95.8451,76.7379],[95.7109,76.7022],[95.8544,76.7335]]],[],[],[],[],[],[],[],[[[97.6594,76.7564],[97.1697,76.7489],[97.1697,76.7489],[97.6734,76.7685],[97.1697,76.7489],[97.6594,76.7564]]],[],[],[],[],[],[],[],[],[],[],[],[],[],[],[],[],[],[],[],[],[],[],[],[],[],[],[],[],[[[108.0874,77.0068],[107.9458,76.9976],[107.9458,76.9976],[108.0839,77.0127],[107.9458,76.9976],[108.0874,77.0068]]],[],[],[],[],[],[],[],[],[[[88.9613,77.1205],[88.7418,77.0953],[88.7418,77.0953],[88.961,77.0913],[88.961,77.0913],[88.7619,77.0497],[88.7619,77.0497],[89.0157,76.9681],[88.7619,77.0497],[88.961,77.0913],[88.7418,77.0953],[89.0157,76.9681],[88.7053,77.1016],[88.7053,77.1016],[89.0198,77.1214],[88.7053,77.1016],[89.0157,76.9681],[88.9613,77.1205]]],[],[],[],[[[96.2428,77.0162],[95.3064,76.9812],[95.3064,76.9812],[96.4957,77.1909],[96.4957,77.1909],[96.5461,77.1054],[96.5461,77.1054],[96.2588,77.0244],[96.5461,77.1054],[96.4957,77.1909],[95.3064,76.9812],[96.2428,77.0162]]],[],[],[],[],[],[],[[[89.7276,77.2795],[89.2643,77.1539],[89.2643,77.1539],[89.2846,77.268],[89.2846,77.268],[89.6539,77.2943],[89.2846,77.268],[89.2643,77.1539],[89.7276,77.2795]]],[],[],[],[],[[[107.557,77.3132],[107.7162,77.2605],[107.7162,77.2605],[107.209,77.2193],[107.7162,77.2605],[107.209,77.2193],[107.557,77.3238],[107.209,77.2193],[107.557,77.3132]]],[],[],[],[],[[[106.8327,77.4687],[106.5078,77.3819],[106.5078,77.3819],[106.8161,77.4731],[106.5078,77.3819],[106.8327,77.4687]]],[],[],[],[],[],[[[92.0408,77.5941],[91.8585,77.6372],[91.8585,77.6372],[92.0943,77.6148],[91.8585,77.6372],[92.0408,77.5941]]],[],[],[],[],[],[],[],[],[],[],[],[],[[[107.6815,78.1672],[107.7189,78.0923],[107.7189,78.0923],[107.6766,78.0751],[107.5321,78.0397],[107.5321,78.0397],[106.4322,78.1366],[107.5321,78.0397],[106.4322,78.1366],[107.6684,78.1763],[106.4322,78.1366],[107.6815,78.1672]]],[],[],[],[[[106.844,78.2779],[106.7705,78.3351],[106.7705,78.3351],[106.8534,78.2969],[106.7705,78.3351],[106.844,78.2779]]],[[[106.5798,78.3343],[106.7916,78.2605],[106.7916,78.2605],[106.1284,78.2227],[106.7916,78.2605],[106.1284,78.2227],[106.576,78.3436],[106.1284,78.2227],[106.5798,78.3343]]],[],[],[],[],[],[],[],[],[],[],[],[],[],[],[],[],[],[],[[[104.401,79.0277],[104.1624,79.0055],[104.1624,79.0055],[104.4116,79.0331],[104.1624,79.0055],[104.401,79.0277]]],[],[[[92.3795,79.1038],[92.8705,79.0437],[92.8705,79.0437],[92.3761,79.1077],[92.8705,79.0437],[92.3795,79.1038]]],[],[],[],[],[],[],[[[102.5422,79.3913],[103.1973,79.2868],[103.1973,79.2868],[102.8975,79.203],[102.8975,79.203],[102.7785,78.9516],[102.7785,78.9516],[102.4189,78.7814],[102.7785,78.9516],[102.8975,79.203],[103.1973,79.2868],[102.4189,78.7814],[102.7746,78.8325],[102.7746,78.8325],[102.9844,79.0373],[102.7746,78.8325],[102.9844,79.0373],[103.87,79.1604],[102.9844,79.0373],[103.87,79.1604],[104.0602,79.1122],[104.0602,79.1122],[104.0668,78.9859],[104.0602,79.1122],[104.0668,78.9859],[104.6946,78.8636],[104.0668,78.9859],[104.6946,78.8636],[104.0856,78.8511],[104.6946,78.8636],[104.0856,78.8511],[104.6517,78.8122],[104.6517,78.8122],[104.5866,78.7341],[104.6517,78.8122],[104.5866,78.7341],[104.8559,78.8463],[104.8559,78.8463],[105.2044,78.7945],[104.8559,78.8463],[104.5866,78.7341],[104.0856,78.8511],[105.2044,78.7945],[105.3377,78.493],[105.2044,78.7945],[103.87,79.1604],[102.4189,78.7814],[105.3377,78.493],[104.7805,78.3046],[104.7805,78.3046],[102.7878,78.1476],[102.7878,78.1476],[101.586,78.2156],[102.7878,78.1476],[101.586,78.2156],[99.6289,77.9413],[101.586,78.2156],[104.7805,78.3046],[105.3377,78.493],[99.6289,77.9413],[99.4922,78.0291],[99.4922,78.0291],[99.6977,78.163],[99.4922,78.0291],[99.6977,78.163],[100.1666,78.3418],[100.1666,78.3418],[100.3405,78.5555],[100.1666,78.3418],[100.3405,78.5555],[100.647,78.5977],[100.3405,78.5555],[99.6977,78.163],[100.647,78.5977],[100.3886,78.6056],[100.3886,78.6056],[100.5102,78.7033],[100.3886,78.6056],[100.647,78.5977],[100.5102,78.7033],[100.7117,78.7928],[100.7117,78.7928],[101.2792,78.7355],[100.7117,78.7928],[100.5102,78.7033],[101.2792,78.7355],[100.8691,78.8401],[100.8691,78.8401],[101.0734,78.995],[100.8691,78.8401],[101.2792,78.7355],[101.0734,78.995],[101.6641,78.9499],[101.0734,78.995],[101.6641,78.9499],[101.1168,79.032],[101.1168,79.032],[101.5043,79.1003],[101.5043,79.1003],[101.2847,79.1221],[101.2847,79.1221],[101.3634,79.1881],[101.2847,79.1221],[101.5043,79.1003],[101.1168,79.032],[101.6641,78.9499],[101.3634,79.1881],[101.8759,79.341],[101.8759,79.341],[102.3329,79.1819],[101.8759,79.341],[102.3329,79.1819],[102.237,79.3339],[102.237,79.3339],[102.485,79.4102],[102.237,79.3339],[102.3329,79.1819],[101.3634,79.1881],[99.6289,77.9413],[102.5422,79.3913]]],[],[],[[[92.558,79.4326],[91.8604,79.4282],[91.8604,79.4282],[92.5627,79.4367],[91.8604,79.4282],[92.558,79.4326]]],[],[],[[[100.0766,79.4451],[100.1682,79.4394],[100.1682,79.4394],[100.0805,79.4518],[100.1682,79.4394],[100.0766,79.4451]]],[],[],[],[],[],[],[],[[[76.4062,79.6219],[77.6,79.5077],[77.6,79.5077],[76.7787,79.4726],[76.7787,79.4726],[76.1214,79.5989],[76.1214,79.5989],[76.3986,79.6282],[76.1214,79.5989],[76.7787,79.4726],[77.6,79.5077],[76.4062,79.6219]]],[],[[[100.2064,79.7106],[100.3815,79.6765],[100.3815,79.6765],[99.9995,79.5935],[100.3815,79.6765],[99.9995,79.5935],[100.1748,79.7152],[99.9995,79.5935],[100.2064,79.7106]]],[],[],[],[],[],[],[],[],[[[94.3079,80.0],[93.9806,79.9819],[93.9806,79.9819],[94.3226,80.0187],[93.9806,79.9819],[94.3079,80.0]]],[],[[[91.957,80.0735],[93.9055,79.9127],[93.9055,79.9127],[93.182,79.8322],[93.182,79.8322],[93.4968,79.7958],[93.4968,79.7958],[93.1327,79.7126],[93.4968,79.7958],[93.182,79.8322],[93.1327,79.7126],[91.7636,79.6497],[93.1327,79.7126],[93.9055,79.9127],[91.7636,79.6497],[91.2786,79.7481],[91.2786,79.7481],[92.4035,79.7688],[91.2786,79.7481],[92.4035,79.7688],[91.2904,79.8388],[91.2904,79.8388],[91.452,79.9135],[91.452,79.9135],[91.2392,79.961],[91.2392,79.961],[91.3684,80.0],[91.2392,79.961],[91.452,79.9135],[91.3684,80.0],[90.9977,80.0656],[91.3684,80.0],[91.2904,79.8388],[92.4035,79.7688],[90.9977,80.0656],[91.9205,80.0767],[90.9977,80.0656],[91.7636,79.6497],[91.957,80.0735]]],[],[],[],[],[],[],[[[97.2676,80.1567],[98.1269,80.0497],[98.1269,80.0497],[97.9141,80.0115],[97.9141,80.0115],[97.9745,79.9027],[97.9141,80.0115],[97.9745,79.9027],[96.4805,79.7185],[97.9745,79.9027],[96.4805,79.7185],[97.733,79.8109],[97.733,79.8109],[97.218,79.6993],[97.218,79.6993],[97.2027,79.5934],[97.218,79.6993],[97.733,79.8109],[96.4805,79.7185],[98.1269,80.0497],[97.2027,79.5934],[98.2684,79.8203],[98.2684,79.8203],[98.1365,79.9104],[98.2684,79.8203],[98.1365,79.9104],[98.5205,79.8787],[98.1365,79.9104],[98.5205,79.8787],[98.5926,79.9857],[98.5926,79.9857],[98.4867,80.0335],[98.5926,79.9857],[98.4867,80.0335],[98.7324,80.0717],[98.4867,80.0335],[98.5205,79.8787],[98.7324,80.0717],[99.3255,80.0586],[99.3255,80.0586],[100.155,79.7837],[99.3255,80.0586],[98.7324,80.0717],[97.2027,79.5934],[100.155,79.7837],[99.8695,79.749],[99.8695,79.749],[99.9889,79.7003],[99.9889,79.7003],[99.7856,79.5535],[99.7856,79.5535],[99.9244,79.5041],[99.9244,79.5041],[99.8439,79.2761],[99.9244,79.5041],[99.7856,79.5535],[99.9889,79.7003],[99.8695,79.749],[99.8439,79.2761],[99.2226,79.2923],[99.8439,79.2761],[99.2226,79.2923],[99.956,79.0884],[99.956,79.0884],[100.0329,78.9338],[99.956,79.0884],[99.2226,79.2923],[100.0329,78.9338],[99.538,78.8104],[99.538,78.8104],[97.6657,78.8088],[99.538,78.8104],[100.0329,78.9338],[100.155,79.7837],[97.6657,78.8088],[96.927,78.9961],[96.927,78.9961],[94.8787,79.053],[96.927,78.9961],[94.8787,79.053],[94.3894,79.2446],[94.3894,79.2446],[94.4147,79.4819],[94.3894,79.2446],[94.4147,79.4819],[93.8541,79.4358],[94.4147,79.4819],[93.8541,79.4358],[94.028,79.5195],[94.028,79.5195],[93.7009,79.5686],[94.028,79.5195],[93.7009,79.5686],[93.9467,79.639],[93.7009,79.5686],[93.8541,79.4358],[94.8787,79.053],[93.9467,79.639],[93.5177,79.4611],[93.5177,79.4611],[92.9626,79.5701],[93.5177,79.4611],[93.9467,79.639],[92.9626,79.5701],[94.7364,79.7764],[94.7364,79.7764],[94.3492,79.894],[94.3492,79.894],[94.4606,79.9442],[94.4606,79.9442],[94.3811,79.9831],[94.4606,79.9442],[94.3492,79.894],[94.3811,79.9831],[94.7974,79.9734],[94.7974,79.9734],[94.9995,80.1041],[94.7974,79.9734],[94.3811,79.9831],[94.7364,79.7764],[94.9995,80.1041],[95.3083,80.0204],[95.3083,80.0204],[97.2178,80.1605],[95.3083,80.0204],[94.9995,80.1041],[92.9626,79.5701],[97.6657,78.8088],[97.2676,80.1567]]],[],[],[],[],[],[],[],[[[79.1904,80.8282],[78.6067,80.8474],[78.6067,80.8474],[79.2383,80.9675],[78.6067,80.8474],[79.2383,80.9675],[79.9523,80.9084],[79.9523,80.9084],[79.2826,80.8296],[79.9523,80.9084],[79.2383,80.9675],[79.1904,80.8282]]],[],[[[93.3309,81.0754],[93.1788,81.0801],[93.1788,81.0801],[93.3282,81.0783],[93.1788,81.0801],[93.3309,81.0754]]],[[[91.0991,81.205],[91.6493,81.1684],[91.6493,81.1684],[91.6539,81.1366],[91.7236,81.1128],[91.72,81.1074],[91.4214,81.0458],[91.72,81.1074],[91.6493,81.1684],[91.4214,81.0458],[90.2069,81.0692],[91.4214,81.0458],[90.2069,81.0692],[90.1342,81.0816],[90.1015,81.0899],[90.0788,81.1054],[90.2071,81.179],[90.0788,81.1054],[90.2071,81.179],[91.054,81.211],[90.2071,81.179],[90.2069,81.0692],[91.0991,81.205]]],[[[96.0017,81.2109],[95.8818,81.1643],[95.8818,81.1643],[96.8375,80.9048],[95.8818,81.1643],[96.8375,80.9048],[97.966,80.74],[96.8375,80.9048],[97.966,80.74],[97.966,80.7306],[97.9522,80.7261],[97.8509,80.7095],[98.0077,80.6608],[97.8509,80.7095],[98.0077,80.6608],[97.4314,80.6104],[98.0077,80.6608],[97.4314,80.6104],[96.7217,80.714],[97.4314,80.6104],[96.7217,80.714],[97.2442,80.6127],[97.2442,80.6127],[97.1193,80.5029],[97.1193,80.5029],[97.4707,80.3063],[97.1193,80.5029],[97.4707,80.3063],[97.3242,80.2305],[97.4707,80.3063],[97.2442,80.6127],[96.7217,80.714],[97.966,80.74],[97.3242,80.2305],[94.5759,80.1417],[94.5759,80.1417],[93.7225,80.0035],[94.5759,80.1417],[93.7225,80.0035],[92.1719,80.1432],[92.1719,80.1432],[92.9774,80.1439],[92.9774,80.1439],[92.1704,80.2543],[92.9774,80.1439],[92.1704,80.2543],[93.3014,80.2723],[92.1704,80.2543],[92.1719,80.1432],[93.3014,80.2723],[91.4684,80.2554],[93.3014,80.2723],[93.7225,80.0035],[97.3242,80.2305],[91.4684,80.2554],[92.7698,80.3335],[92.7698,80.3335],[91.9884,80.4083],[91.9884,80.4083],[92.8798,80.4765],[92.8798,80.4765],[92.9533,80.6217],[92.9533,80.6217],[93.3812,80.7601],[92.9533,80.6217],[93.3812,80.7601],[92.5862,80.7278],[93.3812,80.7601],[92.5862,80.7278],[93.2918,80.8607],[93.2918,80.8607],[93.154,80.9307],[93.2918,80.8607],[92.5862,80.7278],[92.8798,80.4765],[91.9884,80.4083],[92.7698,80.3335],[93.154,80.9307],[95.6653,81.1939],[95.6653,81.1939],[95.1786,81.2431],[95.6653,81.1939],[95.1786,81.2431],[95.9757,81.2351],[95.1786,81.2431],[93.154,80.9307],[91.4684,80.2554],[96.0017,81.2109]]]]}},{"type":"Feature","properties":{"name":"Иркутская область"},"geometry":{"type":"Polygon","coordinates":[[[108.5149,64.2489],[108.5644,64.0363],[108.5644,64.0363],[108.6064,63.9974],[108.7718,63.9851],[108.839,63.9427],[108.7934,63.8539],[108.8488,63.8369],[108.8529,63.8009],[108.5644,64.0363],[108.8529,63.8009],[108.3602,63.7499],[108.3602,63.7499],[108.1978,63.552],[108.3602,63.7499],[108.8529,63.8009],[108.1978,63.552],[109.1,63.5018],[109.1,63.5018],[109.4319,63.3356],[109.1,63.5018],[109.4319,63.3356],[109.5034,62.9335],[109.5034,62.9335],[109.5461,62.8829],[109.6491,62.8402],[109.6929,62.8066],[109.6929,62.8066],[109.3224,62.4471],[109.6929,62.8066],[109.3224,62.4471],[109.3742,62.4013],[109.4462,62.3733],[109.4732,62.3454],[109.8862,62.3849],[109.4732,62.3454],[109.8862,62.3849],[109.9848,62.2625],[109.8862,62.3849],[109.3224,62.4471],[109.9848,62.2625],[109.9277,62.0108],[109.9277,62.0108],[109.5705,61.8061],[109.9277,62.0108],[109.5705,61.8061],[109.8515,61.5249],[109.8515,61.5249],[109.8097,61.3029],[109.8515,61.5249],[109.5705,61.8061],[109.9848,62.2625],[109.8097,61.3029],[110.5443,61.0962],[109.8097,61.3029],[109.4319,63.3356],[108.1978,63.552],[110.5443,61.0962],[110.2581,60.6752],[110.2581,60.6752],[110.0718,60.6594],[110.0592,60.6312],[110.1372,60.602],[110.1317,60.5724],[109.7189,60.2274],[110.1317,60.5724],[110.0718,60.6594],[110.2581,60.6752],[109.7189,60.2274],[109.6851,60.1633],[109.6578,60.096],[109.7303,60.0191],[109.1965,59.3173],[109.7303,60.0191],[109.7189,60.2274],[110.5443,61.0962],[109.1965,59.3173],[109.7233,58.9684],[109.7233,58.9684],[110.1349,58.9711],[109.7233,58.9684],[110.1349,58.9711],[110.4453,59.0253],[110.4453,59.0253],[110.664,59.2353],[110.4453,59.0253],[110.664,59.2353],[111.5839,59.1994],[111.5839,59.1994],[112.2317,59.4801],[111.5839,59.1994],[110.664,59.2353],[110.1349,58.9711],[112.2317,59.4801],[112.2713,59.2746],[112.2713,59.2746],[112.6092,59.3059],[112.2713,59.2746],[112.6092,59.3059],[112.3798,59.1323],[112.3798,59.1323],[112.471,58.8443],[112.3798,59.1323],[112.6092,59.3059],[112.2317,59.4801],[112.471,58.8443],[112.5397,59.0577],[112.5397,59.0577],[112.72,58.9911],[112.72,58.9911],[113.453,59.2464],[112.72,58.9911],[112.5397,59.0577],[113.453,59.2464],[113.4738,59.2986],[113.4224,59.3508],[113.4203,59.4007],[113.4823,59.4258],[113.5613,59.4566],[113.601,59.5364],[113.601,59.5364],[114.5459,59.9512],[114.5459,59.9512],[114.5667,60.0016],[114.5261,60.0178],[114.5192,60.0564],[114.9691,60.2002],[114.9691,60.2002],[115.224,60.4752],[114.9691,60.2002],[114.5192,60.0564],[114.5459,59.9512],[113.601,59.5364],[113.453,59.2464],[115.224,60.4752],[115.7515,60.5248],[115.7515,60.5248],[116.4956,60.3545],[115.7515,60.5248],[115.224,60.4752],[112.471,58.8443],[116.4956,60.3545],[117.0599,60.0124],[117.0599,60.0124],[117.1605,60.0306],[117.2755,60.0385],[117.2755,60.0385],[117.0392,59.8634],[117.0392,59.8634],[117.1483,59.5317],[117.0392,59.8634],[117.2755,60.0385],[117.1483,59.5317],[117.7097,59.5342],[117.7097,59.5342],[117.7462,59.4838],[117.7617,59.4388],[117.8151,59.415],[117.8151,59.415],[118.0701,59.623],[117.8151,59.415],[118.0701,59.623],[118.7392,59.413],[118.0701,59.623],[117.1483,59.5317],[118.7392,59.413],[118.7614,59.365],[118.7877,59.3285],[118.8268,59.2949],[118.792,59.2567],[118.7621,59.2365],[118.6895,59.198],[118.81,58.9832],[118.81,58.9832],[118.7645,58.5946],[118.81,58.9832],[118.6895,59.198],[118.8268,59.2949],[118.7645,58.5946],[119.0755,58.4875],[118.7645,58.5946],[118.7392,59.413],[119.0755,58.4875],[119.0888,58.2241],[119.0888,58.2241],[118.9722,58.214],[118.8204,58.209],[118.6365,58.1774],[118.6365,58.1774],[118.0841,58.3933],[118.0841,58.3933],[117.4632,58.33],[118.0841,58.3933],[118.6365,58.1774],[117.4632,58.33],[117.427,58.2881],[117.5303,58.2481],[117.5739,58.1441],[117.5115,58.131],[117.4371,58.1737],[117.3847,58.1303],[117.3735,57.8982],[117.3847,58.1303],[117.3735,57.8982],[117.0722,57.8225],[117.3735,57.8982],[117.5739,58.1441],[117.0722,57.8225],[117.2856,57.6268],[117.2856,57.6268],[117.2602,57.563],[117.2037,57.5304],[117.3652,57.2682],[117.2037,57.5304],[117.2856,57.6268],[117.3652,57.2682],[117.7931,57.2827],[117.3652,57.2682],[117.7931,57.2827],[117.7259,57.264],[117.6844,57.1912],[117.5773,57.1659],[117.6205,57.1177],[117.6638,57.0798],[117.5366,56.8495],[117.6638,57.0798],[117.5773,57.1659],[117.7931,57.2827],[117.0722,57.8225],[117.4632,58.33],[119.0755,58.4875],[116.4956,60.3545],[109.1965,59.3173],[117.5366,56.8495],[117.2621,56.9653],[117.2621,56.9653],[116.7652,56.7598],[116.7652,56.7598],[116.0743,56.8455],[116.7652,56.7598],[117.2621,56.9653],[116.0743,56.8455],[115.7581,56.9508],[115.7581,56.9508],[116.242,57.1451],[115.7581,56.9508],[116.242,57.1451],[115.8094,57.2286],[116.242,57.1451],[116.0743,56.8455],[115.8094,57.2286],[115.0759,57.1175],[115.0759,57.1175],[114.7655,56.7168],[115.0759,57.1175],[114.7655,56.7168],[114.1571,56.7015],[114.1571,56.7015],[113.8605,56.5528],[114.1571,56.7015],[114.7655,56.7168],[115.8094,57.2286],[113.8605,56.5528],[112.8009,56.7414],[112.8009,56.7414],[112.6801,56.9556],[112.8009,56.7414],[112.6801,56.9556],[112.5972,56.9606],[112.5498,56.9397],[112.4248,56.8549],[111.7995,56.9282],[112.4248,56.8549],[112.6801,56.9556],[111.7995,56.9282],[111.6027,57.0838],[111.6011,57.1107],[111.5336,57.1264],[113.8605,56.5528],[111.5336,57.1264],[111.1192,56.8201],[111.1192,56.8201],[109.9869,56.9692],[109.9869,56.9692],[109.6818,56.7006],[109.6818,56.7006],[108.6896,56.5647],[109.6818,56.7006],[109.9869,56.9692],[111.1192,56.8201],[111.5336,57.1264],[108.6896,56.5647],[108.5532,56.3392],[108.5532,56.3392],[109.2082,55.9676],[108.5532,56.3392],[109.2082,55.9676],[108.8778,55.9146],[108.8778,55.9146],[108.6601,55.5845],[108.8778,55.9146],[108.6601,55.5845],[108.6735,54.6784],[108.6735,54.6784],[108.5267,54.5404],[108.5267,54.5404],[108.499,54.0233],[108.5267,54.5404],[108.499,54.0233],[108.0907,53.2941],[108.6735,54.6784],[108.6601,55.5845],[109.2082,55.9676],[108.0907,53.2941],[107.5511,52.9733],[106.5011,52.5941],[106.0636,52.2733],[105.3636,51.7775],[104.6928,51.5442],[104.5486,51.285],[104.6928,51.5442],[106.5011,52.5941],[104.5486,51.285],[103.8323,51.1188],[104.5486,51.285],[108.0907,53.2941],[108.6896,56.5647],[103.8323,51.1188],[103.8085,51.3763],[103.8085,51.3763],[103.2445,51.4959],[103.2445,51.4959],[103.1271,51.8575],[103.1271,51.8575],[102.8498,51.9375],[102.8498,51.9375],[102.5641,52.2281],[102.8498,51.9375],[103.1271,51.8575],[103.2445,51.4959],[103.8085,51.3763],[102.5641,52.2281],[102.0176,52.2338],[102.0176,52.2338],[101.6963,52.3715],[102.0176,52.2338],[101.6963,52.3715],[101.3833,52.6361],[101.3833,52.6361],[100.4469,53.0621],[101.3833,52.6361],[100.4469,53.0621],[100.269,53.4104],[100.4469,53.0621],[101.6963,52.3715],[102.5641,52.2281],[100.269,53.4104],[99.3676,53.125],[99.3676,53.125],[99.2092,52.937],[99.3676,53.125],[99.2092,52.937],[98.8644,53.1493],[98.8644,53.1493],[98.2077,53.1053],[98.8644,53.1493],[99.2092,52.937],[98.2077,53.1053],[97.9231,53.3603],[97.9231,53.3603],[97.5128,53.3821],[97.5128,53.3821],[96.8147,53.7534],[97.5128,53.3821],[97.9231,53.3603],[96.8147,53.7534],[96.427,53.7055],[96.8147,53.7534],[96.427,53.7055],[95.582,54.2465],[96.427,53.7055],[98.2077,53.1053],[100.269,53.4104],[103.8323,51.1188],[117.5366,56.8495],[95.582,54.2465],[95.5929,54.3124],[95.5991,54.3518],[95.6308,54.4012],[96.0088,54.5738],[95.6308,54.4012],[96.0088,54.5738],[96.4494,54.5436],[96.0088,54.5738],[96.4494,54.5436],[96.6158,54.8628],[96.6158,54.8628],[96.5673,55.2697],[96.6158,54.8628],[96.5673,55.2697],[96.8192,55.3352],[96.5673,55.2697],[96.8192,55.3352],[96.676,55.7888],[96.8192,55.3352],[96.676,55.7888],[97.0655,56.1076],[97.0655,56.1076],[97.3602,56.1247],[97.0655,56.1076],[97.3602,56.1247],[97.4629,56.3855],[97.3602,56.1247],[97.4629,56.3855],[97.5404,56.3953],[97.6604,56.4034],[97.8157,56.411],[96.676,55.7888],[96.4494,54.5436],[97.8157,56.411],[97.791,56.4834],[97.8331,56.5534],[97.8147,56.5759],[97.7604,56.5657],[97.6791,56.5869],[97.6791,56.5869],[97.7026,56.6594],[97.7228,56.7984],[97.7228,56.7984],[97.6198,56.8109],[97.5373,56.7918],[97.4321,56.8086],[97.5494,56.9737],[97.5494,56.9737],[97.4737,56.9957],[97.2716,57.055],[97.4321,56.8086],[97.7228,56.7984],[97.2716,57.055],[97.3363,57.1588],[97.6726,57.571],[97.851,57.8077],[97.8157,56.411],[97.851,57.8077],[98.9923,57.7397],[98.9923,57.7397],[99.362,57.8016],[99.362,57.8016],[99.5624,58.0738],[99.362,57.8016],[99.5624,58.0738],[99.9314,58.0902],[99.5624,58.0738],[98.9923,57.7397],[99.9314,58.0902],[99.9909,58.0657],[100.0448,58.0301],[100.0049,57.8635],[100.0448,58.0301],[100.0049,57.8635],[100.3233,57.7405],[100.0049,57.8635],[100.3233,57.7405],[100.3441,57.5502],[100.3233,57.7405],[100.3441,57.5502],[100.6625,57.4254],[100.3441,57.5502],[99.9314,58.0902],[100.6625,57.4254],[100.8729,57.5015],[100.8729,57.5015],[100.7144,57.8863],[100.8729,57.5015],[100.7144,57.8863],[100.7774,57.8925],[100.8566,57.8703],[100.9743,57.8789],[101.148,58.0463],[101.148,58.0463],[101.0653,58.0733],[101.0772,58.1163],[101.0772,58.1163],[101.6186,58.4231],[101.0772,58.1163],[101.6186,58.4231],[102.4318,58.6907],[101.6186,58.4231],[100.9743,57.8789],[102.4318,58.6907],[102.4961,58.7518],[102.4913,58.8259],[102.3526,59.1188],[102.4913,58.8259],[102.3526,59.1188],[102.8898,59.3064],[102.3526,59.1188],[102.4318,58.6907],[100.7144,57.8863],[100.6625,57.4254],[102.8898,59.3064],[103.0229,59.2718],[103.1184,59.2944],[103.2983,59.2822],[103.3023,59.2511],[103.1775,59.2502],[103.1736,59.1891],[103.284,59.12],[103.2879,59.0679],[103.2879,59.0679],[103.879,58.8931],[103.879,58.8931],[103.9017,58.8522],[103.9035,58.7425],[103.9035,58.7425],[104.0521,58.7803],[104.1931,58.7708],[104.1931,58.7708],[104.2086,58.7209],[104.2933,58.7129],[104.2827,58.6254],[103.2879,59.0679],[103.2983,59.2822],[104.2827,58.6254],[104.838,58.7371],[104.2827,58.6254],[102.8898,59.3064],[97.851,57.8077],[104.838,58.7371],[104.7633,58.7662],[104.7083,58.8302],[104.7336,58.8741],[105.2945,59.167],[104.7336,58.8741],[105.2945,59.167],[105.2775,59.2306],[105.1491,59.282],[105.1113,59.3198],[105.1601,59.3663],[105.1451,59.4443],[105.1451,59.4443],[104.7364,59.6728],[105.1451,59.4443],[105.2945,59.167],[104.7364,59.6728],[104.8372,59.7238],[104.9666,59.7647],[105.0578,59.8576],[105.2904,59.848],[105.4936,59.8492],[104.7364,59.6728],[105.4936,59.8492],[105.4343,60.2648],[105.4343,60.2648],[104.933,60.3169],[104.933,60.3169],[104.4767,60.6029],[104.933,60.3169],[105.4343,60.2648],[104.4767,60.6029],[104.5558,60.9861],[104.4767,60.6029],[105.4936,59.8492],[104.5558,60.9861],[105.0132,61.1888],[105.0132,61.1888],[104.9188,61.3432],[105.0132,61.1888],[104.9188,61.3432],[105.9473,61.664],[104.9188,61.3432],[105.9473,61.664],[105.9488,61.7],[105.9007,61.7344],[105.8864,61.7926],[106.3585,62.0062],[106.3585,62.0062],[106.367,62.2339],[106.367,62.2339],[106.7465,62.4678],[106.367,62.2339],[106.3585,62.0062],[105.8864,61.7926],[105.9473,61.664],[106.7465,62.4678],[106.7336,62.5199],[106.8015,62.5511],[106.8076,62.5779],[106.677,62.5892],[106.5527,62.612],[106.4822,62.6566],[106.1746,63.0229],[106.4822,62.6566],[106.8076,62.5779],[106.1746,63.0229],[106.3256,63.0302],[106.3965,63.0534],[106.3954,63.2734],[106.3965,63.0534],[106.3954,63.2734],[106.7431,63.3234],[106.3954,63.2734],[106.7431,63.3234],[106.5251,63.4844],[106.5251,63.4844],[106.7595,63.7929],[106.7595,63.7929],[106.7425,63.8555],[106.6924,63.9296],[106.5251,63.4844],[106.7431,63.3234],[106.1746,63.0229],[106.7465,62.4678],[106.6924,63.9296],[107.528,63.8386],[107.528,63.8386],[107.6014,63.8604],[107.6406,63.9287],[107.8158,63.9507],[107.9738,63.9425],[108.211,63.959],[108.2906,63.9199],[107.528,63.8386],[108.2906,63.9199],[108.367,63.9842],[108.4198,64.0408],[108.0701,64.2308],[108.4198,64.0408],[108.0701,64.2308],[108.4911,64.2768],[108.0701,64.2308],[108.2906,63.9199],[106.6924,63.9296],[104.5558,60.9861],[104.838,58.7371],[95.582,54.2465],[108.5149,64.2489]]]}},{"type":"Feature","properties":{"name":"Забайкальский край"},"geometry":{"type":"MultiPolygon","coordinates":[[[[107.7045,49.9561],[107.693,49.9549],[107.7141,49.9606],[107.7045,49.9561]]],[[[117.8502,58.4124],[118.6365,58.1774],[118.6365,58.1774],[118.8204,58.209],[118.9722,58.214],[119.0888,58.2241],[119.0888,58.2241],[119.0072,57.7272],[119.0072,57.7272],[119.1834,57.5132],[119.1834,57.5132],[119.4462,57.5795],[119.1834,57.5132],[119.4462,57.5795],[119.4297,57.5367],[119.3971,57.4993],[119.3915,57.4182],[119.7915,56.8758],[119.3915,57.4182],[119.7915,56.8758],[119.6344,56.7536],[119.7915,56.8758],[119.4462,57.5795],[119.0072,57.7272],[119.6344,56.7536],[120.49,56.276],[119.6344,56.7536],[120.49,56.276],[120.058,56.1564],[120.058,56.1564],[120.0733,55.9107],[120.058,56.1564],[120.49,56.276],[119.0888,58.2241],[120.0733,55.9107],[121.2047,56.0192],[121.2047,56.0192],[121.311,55.5567],[121.311,55.5567],[121.3717,55.5083],[121.5045,55.5008],[121.5516,55.4853],[121.8273,55.5923],[121.5516,55.4853],[121.8273,55.5923],[121.9061,55.5419],[121.9654,55.4683],[121.9868,55.3913],[121.9629,55.3325],[121.9226,55.2663],[121.9144,55.2123],[121.9144,55.2123],[122.0421,55.1953],[121.8273,55.5923],[121.311,55.5567],[121.2047,56.0192],[120.0733,55.9107],[122.0421,55.1953],[121.672,54.7838],[121.672,54.7838],[121.8643,54.7916],[121.8643,54.7916],[122.0792,54.451],[121.8643,54.7916],[121.672,54.7838],[122.0792,54.451],[121.7012,54.4187],[121.7012,54.4187],[121.6259,54.0439],[121.7012,54.4187],[122.0792,54.451],[121.6259,54.0439],[121.9448,53.8199],[121.9448,53.8199],[122.0517,53.4211],[121.9448,53.8199],[121.6259,54.0439],[122.0517,53.4211],[120.8708,53.2864],[120.8708,53.2864],[120.0272,52.7722],[120.8708,53.2864],[120.0272,52.7722],[120.0612,52.5841],[120.0612,52.5841],[120.4525,52.6413],[120.4525,52.6413],[120.721,52.5431],[120.4525,52.6413],[120.0612,52.5841],[120.721,52.5431],[120.6102,52.3447],[120.6102,52.3447],[120.7782,52.1584],[120.6102,52.3447],[120.721,52.5431],[120.7782,52.1584],[120.6464,51.9282],[120.6464,51.9282],[120.0925,51.6772],[120.6464,51.9282],[120.0925,51.6772],[119.1163,50.3848],[120.0925,51.6772],[119.1163,50.3848],[119.3524,50.3398],[119.3524,50.3398],[119.3219,50.1046],[119.3524,50.3398],[119.1163,50.3848],[120.7782,52.1584],[120.0272,52.7722],[122.0517,53.4211],[122.0421,55.1953],[119.3219,50.1046],[118.5626,49.9257],[118.5626,49.9257],[117.8546,49.5054],[118.5626,49.9257],[117.8546,49.5054],[116.2339,50.0325],[116.2339,50.0325],[115.4007,49.9023],[115.4007,49.9023],[114.9644,50.1934],[114.9644,50.1934],[114.3401,50.2823],[114.9644,50.1934],[115.4007,49.9023],[116.2339,50.0325],[117.8546,49.5054],[114.3401,50.2823],[113.4933,49.9749],[113.4933,49.9749],[113.1006,49.6143],[113.1006,49.6143],[112.7909,49.503],[113.1006,49.6143],[113.4933,49.9749],[112.7909,49.503],[111.3797,49.3735],[111.3797,49.3735],[110.8063,49.1503],[111.3797,49.3735],[112.7909,49.503],[110.8063,49.1503],[110.3995,49.2585],[110.3995,49.2585],[110.2341,49.1651],[110.2341,49.1651],[109.5397,49.2261],[110.2341,49.1651],[110.3995,49.2585],[109.5397,49.2261],[109.2187,49.3611],[109.5397,49.2261],[109.2187,49.3611],[108.5556,49.3343],[109.2187,49.3611],[110.8063,49.1503],[114.3401,50.2823],[119.3219,50.1046],[108.5556,49.3343],[107.9455,49.6768],[107.9455,49.6768],[107.9757,49.9203],[107.9757,49.9203],[107.7034,50.042],[107.9757,49.9203],[107.9455,49.6768],[107.7034,50.042],[107.9839,50.2657],[107.9839,50.2657],[108.6555,50.4586],[107.9839,50.2657],[108.6555,50.4586],[108.0903,50.6588],[108.0903,50.6588],[108.2469,50.7489],[108.2469,50.7489],[108.2951,51.0081],[108.2469,50.7489],[108.2951,51.0081],[108.5492,51.0941],[108.2951,51.0081],[108.5492,51.0941],[108.3722,51.1817],[108.3722,51.1817],[108.5952,51.4835],[108.3722,51.1817],[108.5492,51.0941],[108.0903,50.6588],[108.6555,50.4586],[107.7034,50.042],[108.5952,51.4835],[109.2466,51.3499],[109.2466,51.3499],[109.9657,51.5939],[109.9657,51.5939],[110.6572,51.4973],[109.9657,51.5939],[109.2466,51.3499],[110.6572,51.4973],[111.0418,51.7999],[111.0418,51.7999],[111.6214,51.9404],[111.0418,51.7999],[111.6214,51.9404],[112.057,52.2791],[111.6214,51.9404],[112.057,52.2791],[112.4075,52.2318],[112.4075,52.2318],[112.6018,52.3554],[112.6018,52.3554],[113.5659,52.4759],[112.6018,52.3554],[112.4075,52.2318],[112.057,52.2791],[110.6572,51.4973],[113.5659,52.4759],[114.0659,52.6775],[114.0659,52.6775],[114.2921,52.9398],[114.0659,52.6775],[114.2921,52.9398],[114.3014,53.0436],[114.325,53.0657],[114.2624,53.0778],[114.1681,53.0811],[114.1307,53.1066],[114.1957,53.1457],[114.1763,53.2072],[113.846,53.411],[114.1763,53.2072],[114.1307,53.1066],[114.325,53.0657],[113.846,53.411],[113.8445,53.6153],[113.8445,53.6153],[113.8868,53.6388],[113.9834,53.7136],[113.846,53.411],[114.2921,52.9398],[113.9834,53.7136],[114.4967,53.815],[114.4967,53.815],[115.5676,54.3907],[114.4967,53.815],[115.5676,54.3907],[116.8122,54.6138],[115.5676,54.3907],[113.9834,53.7136],[113.5659,52.4759],[108.5952,51.4835],[116.8122,54.6138],[116.9503,54.8743],[116.9503,54.8743],[116.825,55.0801],[116.9503,54.8743],[116.825,55.0801],[116.4126,55.3372],[116.4126,55.3372],[116.1838,55.3286],[116.0983,55.349],[115.9603,55.3721],[116.825,55.0801],[115.9603,55.3721],[115.8571,56.162],[115.8571,56.162],[115.7139,56.3505],[115.8571,56.162],[115.7139,56.3505],[115.7869,56.4598],[115.7139,56.3505],[115.7869,56.4598],[115.462,56.6349],[115.7869,56.4598],[115.9603,55.3721],[115.462,56.6349],[115.8029,56.9581],[115.8029,56.9581],[116.7652,56.7598],[116.7652,56.7598],[117.2621,56.9653],[117.2621,56.9653],[117.5366,56.8495],[117.2621,56.9653],[116.7652,56.7598],[115.8029,56.9581],[117.5366,56.8495],[117.6638,57.0798],[117.6638,57.0798],[117.6205,57.1177],[117.5773,57.1659],[117.5773,57.1659],[117.6844,57.1912],[117.7259,57.264],[117.7931,57.2827],[117.7931,57.2827],[117.3652,57.2682],[117.3652,57.2682],[117.2037,57.5304],[117.2037,57.5304],[117.2602,57.563],[117.2856,57.6268],[117.2856,57.6268],[117.0722,57.8225],[117.2856,57.6268],[117.3652,57.2682],[117.7931,57.2827],[117.0722,57.8225],[117.3735,57.8982],[117.3735,57.8982],[117.3847,58.1303],[117.3847,58.1303],[117.4371,58.1737],[117.5115,58.131],[117.5739,58.1441],[117.5739,58.1441],[117.5303,58.2481],[117.427,58.2881],[117.427,58.2881],[117.7855,58.424],[117.427,58.2881],[117.3735,57.8982],[117.0722,57.8225],[117.5366,56.8495],[115.462,56.6349],[116.8122,54.6138],[108.5556,49.3343],[117.8502,58.4124]]]]}},{"type":"Feature","properties":{"name":"Камчатский край"},"geometry":{"type":"MultiPolygon","coordinates":[[],[],[],[],[],[],[],[],[[[167.4424,54.8679],[168.0904,54.4958],[168.0904,54.4958],[167.4412,54.8682],[168.0904,54.4958],[167.4424,54.8679]]],[],[],[],[],[[[165.9826,55.3628],[166.3006,55.3003],[166.3006,55.3003],[166.2467,55.1767],[166.2467,55.1767],[166.6439,54.865],[166.6439,54.865],[166.6689,54.6786],[166.6439,54.865],[166.2467,55.1767],[166.3006,55.3003],[166.6689,54.6786],[166.1791,54.9559],[166.1791,54.9559],[166.0217,55.2108],[166.1791,54.9559],[166.0217,55.2108],[165.7575,55.2844],[166.0217,55.2108],[165.7575,55.2844],[165.9808,55.3633],[165.7575,55.2844],[166.6689,54.6786],[165.9826,55.3628]]],[],[],[],[],[],[],[],[],[],[],[],[],[],[],[],[],[[[162.9067,57.4329],[162.7289,57.2514],[162.7289,57.2514],[162.8529,57.0388],[162.8529,57.0388],[162.7764,56.7749],[162.8529,57.0388],[162.7289,57.2514],[162.7764,56.7749],[163.2346,56.7392],[163.2346,56.7392],[163.3615,56.1844],[163.2346,56.7392],[162.7764,56.7749],[163.3615,56.1844],[163.0226,56.0054],[163.0226,56.0054],[162.502,56.2127],[163.0226,56.0054],[162.502,56.2127],[163.0733,56.4519],[163.0733,56.4519],[163.0042,56.5404],[163.0733,56.4519],[162.502,56.2127],[163.0042,56.5404],[162.91,56.42],[162.91,56.42],[162.4156,56.3942],[162.91,56.42],[162.4156,56.3942],[162.6028,56.2578],[162.6028,56.2578],[162.0767,56.0812],[162.6028,56.2578],[162.4156,56.3942],[163.0042,56.5404],[162.0767,56.0812],[161.7361,55.4],[161.7361,55.4],[162.1383,54.7522],[161.7361,55.4],[162.0767,56.0812],[163.3615,56.1844],[162.1383,54.7522],[161.6962,54.5021],[161.6962,54.5021],[160.8222,54.5536],[161.6962,54.5021],[160.8222,54.5536],[159.9944,54.1605],[160.8222,54.5536],[159.9944,54.1605],[159.8294,53.6782],[159.8294,53.6782],[159.956,53.4941],[159.8294,53.6782],[159.956,53.4941],[159.7728,53.51],[159.956,53.4941],[159.7728,53.51],[159.8811,53.4875],[159.8811,53.4875],[159.9463,53.2113],[159.8811,53.4875],[159.9463,53.2113],[160.03,53.2684],[159.9463,53.2113],[160.03,53.2684],[160.0359,53.098],[160.03,53.2684],[159.7728,53.51],[160.0359,53.098],[159.7439,53.2044],[159.7439,53.2044],[159.8139,53.2758],[159.7439,53.2044],[159.8139,53.2758],[159.0956,53.1097],[159.0956,53.1097],[158.7056,52.8844],[159.0956,53.1097],[158.7056,52.8844],[158.6133,53.0497],[158.6133,53.0497],[158.4204,53.0165],[158.6133,53.0497],[158.7056,52.8844],[159.8139,53.2758],[158.4204,53.0165],[158.4356,52.8922],[158.4356,52.8922],[158.6465,52.8971],[158.4356,52.8922],[158.6465,52.8971],[158.4811,52.773],[158.4811,52.773],[158.55,52.6268],[158.4811,52.773],[158.55,52.6268],[158.3902,52.6514],[158.55,52.6268],[158.3902,52.6514],[158.5262,52.527],[158.5262,52.527],[158.3979,52.4076],[158.5262,52.527],[158.3979,52.4076],[158.56,52.417],[158.56,52.417],[158.5509,52.2921],[158.56,52.417],[158.3979,52.4076],[158.3902,52.6514],[158.6465,52.8971],[158.5509,52.2921],[157.9095,51.6286],[157.9095,51.6286],[156.6667,50.8647],[157.9095,51.6286],[158.5509,52.2921],[158.4204,53.0165],[160.0359,53.098],[159.9944,54.1605],[162.1383,54.7522],[156.6667,50.8647],[156.7611,51.0712],[156.7611,51.0712],[156.5344,51.3164],[156.5344,51.3164],[156.466,52.1397],[156.466,52.1397],[156.1406,52.8651],[156.1406,52.8651],[155.5539,55.3386],[156.1406,52.8651],[156.466,52.1397],[156.5344,51.3164],[156.7611,51.0712],[156.6667,50.8647],[155.5539,55.3386],[155.6505,55.9669],[155.6505,55.9669],[155.8622,56.0722],[155.8622,56.0722],[155.7358,56.1123],[155.7358,56.1123],[155.9922,56.6856],[155.7358,56.1123],[155.8622,56.0722],[155.6505,55.9669],[155.9922,56.6856],[156.5495,57.1],[156.5495,57.1],[156.7317,57.0706],[156.5495,57.1],[156.7317,57.0706],[156.9839,57.3961],[156.7317,57.0706],[155.9922,56.6856],[156.9839,57.3961],[156.9589,57.6019],[156.9589,57.6019],[156.7738,57.7244],[156.9589,57.6019],[156.7738,57.7244],[156.8494,57.7981],[156.7738,57.7244],[156.9839,57.3961],[156.8494,57.7981],[157.4394,57.7903],[157.4394,57.7903],[157.6772,58.0172],[157.6772,58.0172],[158.1283,58.0],[158.1283,58.0],[159.1728,58.5131],[159.1728,58.5131],[159.2367,58.4492],[159.1728,58.5131],[158.1283,58.0],[157.6772,58.0172],[157.4394,57.7903],[159.2367,58.4492],[159.1885,58.5286],[159.1885,58.5286],[159.7224,58.8582],[159.7224,58.8582],[159.865,59.1322],[159.7224,58.8582],[159.1885,58.5286],[159.865,59.1322],[160.4178,59.3983],[160.4178,59.3983],[160.496,59.5561],[160.4178,59.3983],[160.496,59.5561],[160.8747,59.6168],[160.8747,59.6168],[161.9278,60.2063],[160.8747,59.6168],[160.496,59.5561],[161.9278,60.2063],[161.9603,60.4189],[161.9278,60.2063],[159.865,59.1322],[161.9603,60.4189],[162.9129,60.7526],[162.9129,60.7526],[163.7921,60.8324],[162.9129,60.7526],[161.9603,60.4189],[159.2367,58.4492],[163.7921,60.8324],[163.7103,60.8514],[163.7103,60.8514],[163.8125,60.931],[163.7103,60.8514],[163.8125,60.931],[163.5069,61.0042],[163.8125,60.931],[163.5069,61.0042],[164.0238,61.314],[164.0238,61.314],[163.7576,61.4621],[163.7576,61.4621],[164.0654,61.6789],[164.0654,61.6789],[164.1724,62.2704],[164.0654,61.6789],[163.7576,61.4621],[164.0238,61.314],[163.5069,61.0042],[164.1724,62.2704],[164.541,62.4394],[164.541,62.4394],[165.2439,62.4868],[164.541,62.4394],[164.1724,62.2704],[163.7921,60.8324],[156.8494,57.7981],[165.2439,62.4868],[164.4524,62.6857],[164.4524,62.6857],[163.3058,62.5225],[164.4524,62.6857],[163.3058,62.5225],[163.1362,62.4073],[163.1362,62.4073],[163.3882,62.3309],[163.1362,62.4073],[163.3882,62.3309],[163.078,62.219],[163.078,62.219],[163.2021,62.0566],[163.2021,62.0566],[162.9864,61.8039],[163.2021,62.0566],[163.078,62.219],[163.3882,62.3309],[162.9864,61.8039],[163.3412,61.6598],[162.9864,61.8039],[163.3412,61.6598],[163.0436,61.5106],[163.0436,61.5106],[162.8456,61.7088],[162.8456,61.7088],[162.6358,61.6597],[162.6358,61.6597],[162.7762,61.5877],[162.6358,61.6597],[162.7762,61.5877],[162.4467,61.6666],[162.7762,61.5877],[162.8456,61.7088],[163.0436,61.5106],[163.3412,61.6598],[163.3058,62.5225],[162.4467,61.6666],[162.2839,61.8842],[162.2839,61.8842],[162.5486,61.9792],[162.2839,61.8842],[162.5486,61.9792],[162.1996,62.105],[162.5486,61.9792],[162.1996,62.105],[162.7541,62.2612],[162.7541,62.2612],[162.8009,62.4385],[162.8009,62.4385],[162.7221,62.4996],[162.6828,62.5482],[162.6828,62.5482],[162.8064,62.6003],[162.8298,62.6451],[162.7541,62.2612],[162.1996,62.105],[162.8298,62.6451],[162.2885,62.9172],[162.8298,62.6451],[162.2885,62.9172],[162.326,62.992],[162.3582,63.0535],[162.4255,63.0913],[162.8257,63.1736],[162.4255,63.0913],[162.8257,63.1736],[162.7478,63.3677],[162.7478,63.3677],[163.0709,63.4994],[162.7478,63.3677],[162.8257,63.1736],[163.0709,63.4994],[162.7886,63.7247],[162.7886,63.7247],[162.8331,63.7868],[162.8851,63.8301],[162.9705,63.8618],[162.8663,64.1193],[162.9705,63.8618],[162.7886,63.7247],[163.0709,63.4994],[162.8663,64.1193],[163.5104,64.3388],[162.8663,64.1193],[162.2885,62.9172],[163.5104,64.3388],[163.2412,64.5419],[163.2412,64.5419],[163.1582,64.7768],[163.2412,64.5419],[163.5104,64.3388],[162.4467,61.6666],[165.2439,62.4868],[155.5539,55.3386],[163.1582,64.7768],[163.5322,64.9113],[163.5322,64.9113],[164.1886,64.8888],[163.5322,64.9113],[164.1886,64.8888],[164.8727,64.6438],[164.1886,64.8888],[164.8727,64.6438],[165.1119,64.8129],[164.8727,64.6438],[165.1119,64.8129],[165.6529,64.7142],[165.6529,64.7142],[165.8049,64.5124],[165.6529,64.7142],[165.8049,64.5124],[165.9154,64.5227],[166.0182,64.5865],[166.7624,64.4844],[166.0182,64.5865],[166.7624,64.4844],[167.0955,64.5874],[166.7624,64.4844],[167.0955,64.5874],[167.5258,64.2866],[167.5258,64.2866],[168.3424,64.2909],[167.5258,64.2866],[167.0955,64.5874],[165.8049,64.5124],[165.1119,64.8129],[168.3424,64.2909],[168.8627,63.9001],[168.8627,63.9001],[169.0063,63.8862],[169.1047,63.8895],[169.2,63.8678],[169.2,63.8678],[169.4471,63.5808],[169.2,63.8678],[169.4471,63.5808],[168.2931,63.0071],[169.4471,63.5808],[168.2931,63.0071],[169.8242,62.5806],[169.8242,62.5806],[170.0296,62.2206],[169.8242,62.5806],[168.2931,63.0071],[170.0296,62.2206],[170.6984,62.1703],[170.6984,62.1703],[171.9394,62.412],[170.6984,62.1703],[171.9394,62.412],[172.7692,62.3105],[171.9394,62.412],[172.7692,62.3105],[173.6733,62.4997],[172.7692,62.3105],[173.6733,62.4997],[174.0423,62.4049],[174.0423,62.4049],[174.092,62.3294],[174.001,62.2936],[173.925,62.2386],[174.4517,61.8403],[173.925,62.2386],[174.0423,62.4049],[173.6733,62.4997],[170.0296,62.2206],[168.3424,64.2909],[163.1582,64.7768],[174.4517,61.8403],[174.0462,61.8186],[174.0462,61.8186],[174.1454,61.774],[174.1454,61.774],[173.847,61.6418],[174.1454,61.774],[174.0462,61.8186],[173.847,61.6418],[173.5636,61.7342],[173.847,61.6418],[173.5636,61.7342],[173.4919,61.5411],[173.4919,61.5411],[173.1571,61.3913],[173.4919,61.5411],[173.5636,61.7342],[173.1571,61.3913],[172.8176,61.4446],[173.1571,61.3913],[172.8176,61.4446],[172.7454,61.3962],[172.7454,61.3962],[172.9721,61.282],[172.7454,61.3962],[172.9721,61.282],[172.3469,61.2069],[172.3469,61.2069],[172.4456,61.1306],[172.4456,61.1306],[172.248,61.1349],[172.4456,61.1306],[172.248,61.1349],[172.4747,61.0716],[172.4747,61.0716],[172.4081,61.0086],[172.4747,61.0716],[172.248,61.1349],[172.3469,61.2069],[172.9721,61.282],[172.8176,61.4446],[172.4081,61.0086],[172.0541,61.0962],[172.4081,61.0086],[172.0541,61.0962],[172.2235,60.9527],[172.2235,60.9527],[172.1035,60.8588],[172.2235,60.9527],[172.1035,60.8588],[171.7197,60.8338],[171.7197,60.8338],[171.3961,60.6159],[171.3961,60.6159],[170.6585,60.4096],[171.3961,60.6159],[171.7197,60.8338],[170.6585,60.4096],[170.6919,60.3014],[170.6919,60.3014],[170.5217,60.247],[170.5217,60.247],[170.3216,59.9326],[170.5217,60.247],[170.6919,60.3014],[170.6585,60.4096],[172.1035,60.8588],[172.0541,61.0962],[170.3216,59.9326],[169.4211,60.5129],[169.4211,60.5129],[168.3725,60.5988],[169.4211,60.5129],[168.3725,60.5988],[167.2089,60.3406],[167.2089,60.3406],[167.0502,60.4027],[167.2089,60.3406],[167.0502,60.4027],[167.0635,60.3083],[167.0635,60.3083],[166.2956,59.8122],[167.0635,60.3083],[167.0502,60.4027],[166.2956,59.8122],[166.086,59.816],[166.086,59.816],[166.3024,60.1922],[166.3024,60.1922],[166.2438,60.3651],[166.3024,60.1922],[166.2438,60.3651],[166.3771,60.4117],[166.2438,60.3651],[166.3771,60.4117],[166.2631,60.4689],[166.3771,60.4117],[166.086,59.816],[166.2631,60.4689],[165.0332,60.0988],[165.0332,60.0988],[165.2342,59.9906],[165.2342,59.9906],[164.8569,59.7812],[165.2342,59.9906],[165.0332,60.0988],[164.8569,59.7812],[164.7192,60.0],[164.7192,60.0],[164.4524,60.1079],[164.7192,60.0],[164.4524,60.1079],[164.1347,59.9149],[164.1347,59.9149],[164.2028,59.8522],[164.1347,59.9149],[164.2028,59.8522],[164.0656,59.8978],[164.0656,59.8978],[164.2361,59.9822],[164.0656,59.8978],[164.2361,59.9822],[163.9897,60.0271],[164.2361,59.9822],[163.9897,60.0271],[163.5222,59.8906],[163.9897,60.0271],[164.2028,59.8522],[164.4524,60.1079],[164.8569,59.7812],[166.2631,60.4689],[166.2956,59.8122],[168.3725,60.5988],[170.3216,59.9326],[163.5222,59.8906],[163.3851,59.7676],[163.3851,59.7676],[163.416,59.6204],[163.3851,59.7676],[163.416,59.6204],[163.1911,59.5608],[163.416,59.6204],[163.1911,59.5608],[163.3422,59.2706],[163.1911,59.5608],[163.3422,59.2706],[163.0741,59.2465],[163.3422,59.2706],[163.0741,59.2465],[163.2258,59.0415],[163.0741,59.2465],[163.2258,59.0415],[163.0439,59.1825],[163.0439,59.1825],[162.9017,59.1192],[162.9017,59.1192],[163.0436,58.9614],[162.9017,59.1192],[163.0436,58.9614],[162.3578,58.755],[163.0436,58.9614],[163.0439,59.1825],[162.3578,58.755],[162.6161,58.7743],[162.6161,58.7743],[162.1794,58.425],[162.1794,58.425],[161.8978,57.9749],[162.1794,58.425],[162.6161,58.7743],[162.3578,58.755],[163.2258,59.0415],[161.8978,57.9749],[162.4823,57.7728],[162.4823,57.7728],[162.3483,57.6623],[162.4823,57.7728],[162.3483,57.6623],[162.5914,57.9383],[162.5914,57.9383],[163.2139,57.8181],[162.5914,57.9383],[162.3483,57.6623],[163.2139,57.8181],[163.3216,57.7253],[163.3216,57.7253],[163.2244,57.5889],[163.3216,57.7253],[163.2244,57.5889],[162.9073,57.4343],[163.2244,57.5889],[163.2139,57.8181],[161.8978,57.9749],[163.5222,59.8906],[174.4517,61.8403],[162.9067,57.4329]],[[156.7126,51.0918],[156.7042,51.0892],[156.7042,51.0892],[156.7126,51.0918]]],[],[[[156.6823,50.9027],[156.6817,50.9022],[156.6817,50.9025],[156.6823,50.9027]]],[[[156.6823,50.9027],[156.6822,50.9033],[156.6839,50.9042],[156.6823,50.9027]]],[],[[[156.761,50.9836],[156.7606,50.982],[156.7606,50.9833],[156.761,50.9836]]],[],[],[],[],[],[],[],[],[],[],[],[],[],[],[],[],[],[],[],[],[],[],[],[[[164.5908,59.2365],[164.7361,59.0328],[164.7361,59.0328],[164.6407,58.871],[164.7361,59.0328],[164.6407,58.871],[164.1405,58.8006],[164.1405,58.8006],[163.4893,58.4488],[164.1405,58.8006],[163.4893,58.4488],[163.4085,58.5411],[163.4893,58.4488],[164.6407,58.871],[163.4085,58.5411],[163.9486,59.0053],[163.9486,59.0053],[163.6971,58.9928],[163.9486,59.0053],[163.6971,58.9928],[164.5906,59.2374],[163.6971,58.9928],[163.4085,58.5411],[164.5908,59.2365]]],[],[],[],[],[],[],[],[],[[[164.0,60.0],[163.9995,59.9997],[163.9995,60.0],[164.0,60.0]]],[],[],[],[],[],[],[],[],[]]}},{"type":"Feature","properties":{"name":"Пермский край"},"geometry":{"type":"Polygon","coordinates":[[[53.4354,61.0537],[53.3423,60.9001],[53.8289,60.8596],[53.8814,60.9869],[54.9895,60.9036],[54.9895,60.9036],[55.1163,61.0476],[55.227,61.0383],[55.3171,61.1586],[55.7725,61.1427],[55.9068,61.2958],[56.2958,61.2491],[56.2958,61.2491],[56.3962,61.3816],[56.4555,61.4593],[56.7436,61.56],[56.4555,61.4593],[56.2958,61.2491],[56.7436,61.56],[58.8498,61.5189],[58.8498,61.5189],[59.448,61.6494],[58.8498,61.5189],[56.7436,61.56],[54.9895,60.9036],[59.448,61.6494],[59.3097,61.2682],[59.3097,61.2682],[59.5014,60.7655],[59.3097,61.2682],[59.5014,60.7655],[59.0697,59.9849],[59.0697,59.9849],[58.6306,59.7365],[58.6306,59.7365],[58.5678,59.6304],[58.5276,59.5586],[58.4892,59.4919],[59.0697,59.9849],[59.5014,60.7655],[58.4892,59.4919],[59.1575,59.1706],[59.1575,59.1706],[59.212,58.9832],[59.212,58.9832],[59.1084,58.837],[59.212,58.9832],[59.1084,58.837],[59.4557,58.7359],[59.4557,58.7359],[59.476,58.5464],[59.4557,58.7359],[59.1084,58.837],[59.1575,59.1706],[58.4892,59.4919],[59.476,58.5464],[58.5986,58.0942],[58.5986,58.0942],[58.8758,57.7876],[58.5986,58.0942],[58.8758,57.7876],[58.5398,57.6193],[58.5398,57.6193],[58.5072,57.6379],[58.4925,57.6807],[58.4718,57.7345],[58.0677,57.7062],[58.4718,57.7345],[58.5398,57.6193],[58.8758,57.7876],[58.0677,57.7062],[57.8973,57.4024],[57.8973,57.4024],[58.0927,57.0717],[57.8973,57.4024],[58.0927,57.0717],[57.5936,56.9088],[57.5936,56.9088],[57.317,56.9503],[57.5936,56.9088],[57.317,56.9503],[57.4166,56.3422],[57.4166,56.3422],[56.8688,56.1142],[57.4166,56.3422],[57.317,56.9503],[58.0927,57.0717],[58.0677,57.7062],[59.476,58.5464],[59.448,61.6494],[56.8688,56.1142],[56.499,56.3838],[56.499,56.3838],[56.1056,56.2888],[56.1056,56.2888],[55.8612,56.5],[56.1056,56.2888],[56.499,56.3838],[55.8612,56.5],[54.9626,56.4045],[54.9626,56.4045],[54.6208,56.5583],[54.9626,56.4045],[54.6208,56.5583],[54.4024,56.3718],[54.6208,56.5583],[54.4024,56.3718],[54.1188,56.6852],[54.1188,56.6852],[53.8828,56.6557],[54.1188,56.6852],[54.4024,56.3718],[55.8612,56.5],[53.8828,56.6557],[53.8645,56.824],[53.8645,56.824],[54.4348,57.0852],[53.8645,56.824],[54.4348,57.0852],[54.17,57.3466],[54.17,57.3466],[54.2556,57.5038],[54.17,57.3466],[54.2556,57.5038],[54.0627,57.5982],[54.2556,57.5038],[54.0627,57.5982],[54.1927,57.8303],[54.1927,57.8303],[54.1182,57.9897],[54.1927,57.8303],[54.0627,57.5982],[54.1182,57.9897],[53.8169,58.2502],[54.1182,57.9897],[53.8169,58.2502],[53.835,58.2672],[53.8801,58.2956],[53.8882,58.3364],[53.724,58.702],[53.8882,58.3364],[53.724,58.702],[53.8955,58.7884],[53.8955,58.7884],[53.7436,59.0077],[53.7436,59.0077],[53.8257,59.0984],[53.7436,59.0077],[53.8955,58.7884],[53.724,58.702],[53.8169,58.2502],[53.8257,59.0984],[53.3873,59.1591],[53.3873,59.1591],[53.2091,59.3625],[53.3873,59.1591],[53.8257,59.0984],[53.2091,59.3625],[53.4309,59.7004],[53.4309,59.7004],[53.5558,59.7097],[53.5558,59.7097],[53.6531,60.068],[53.5558,59.7097],[53.2091,59.3625],[54.4348,57.0852],[53.6531,60.068],[53.4443,60.2309],[53.4443,60.2309],[53.3683,60.214],[53.3451,60.1437],[52.378,60.237],[53.3451,60.1437],[53.4443,60.2309],[52.378,60.237],[52.2859,60.2661],[52.3433,60.4547],[52.2859,60.2661],[52.3433,60.4547],[52.1339,60.4902],[52.1517,60.5405],[51.7679,60.612],[52.378,60.237],[53.6531,60.068],[51.7679,60.612],[51.8981,60.879],[51.9085,60.9],[52.3478,60.8591],[52.4734,60.9816],[52.7802,60.9697],[52.8703,61.0907],[51.9085,60.9],[51.7679,60.612],[53.8828,56.6557],[56.8688,56.1142],[53.4354,61.0537]]]}}]}
